timestamp,temperature_c,humidity_pct
2023-04-01 00:00:00+05:30,16.9,96
2023-04-01 01:00:00+05:30,16.1,97
2023-04-01 02:00:00+05:30,15.6,98
2023-04-01 03:00:00+05:30,15.3,99
2023-04-01 04:00:00+05:30,15.6,100
2023-04-01 05:00:00+05:30,16.4,99
2023-04-01 06:00:00+05:30,15.6,100
2023-04-01 07:00:00+05:30,17.4,94
2023-04-01 08:00:00+05:30,19.5,82
2023-04-01 09:00:00+05:30,21.5,73
2023-04-01 10:00:00+05:30,23.0,66
2023-04-01 11:00:00+05:30,24.2,61
2023-04-01 12:00:00+05:30,24.9,57
2023-04-01 13:00:00+05:30,25.7,53
2023-04-01 14:00:00+05:30,26.2,49
2023-04-01 15:00:00+05:30,26.0,47
2023-04-01 16:00:00+05:30,24.9,51
2023-04-01 17:00:00+05:30,24.2,55
2023-04-01 18:00:00+05:30,22.1,71
2023-04-01 19:00:00+05:30,20.2,80
2023-04-01 20:00:00+05:30,18.8,88
2023-04-01 21:00:00+05:30,18.6,92
2023-04-01 22:00:00+05:30,18.6,91
2023-04-01 23:00:00+05:30,17.4,95
2023-04-02 00:00:00+05:30,17.4,95
2023-04-02 01:00:00+05:30,18.1,95
2023-04-02 02:00:00+05:30,17.8,97
2023-04-02 03:00:00+05:30,17.3,99
2023-04-02 04:00:00+05:30,17.1,100
2023-04-02 05:00:00+05:30,16.0,100
2023-04-02 06:00:00+05:30,16.9,98
2023-04-02 07:00:00+05:30,18.5,92
2023-04-02 08:00:00+05:30,21.5,76
2023-04-02 09:00:00+05:30,24.1,64
2023-04-02 10:00:00+05:30,25.7,58
2023-04-02 11:00:00+05:30,27.1,53
2023-04-02 12:00:00+05:30,28.1,46
2023-04-02 13:00:00+05:30,28.7,42
2023-04-02 14:00:00+05:30,28.9,41
2023-04-02 15:00:00+05:30,29.0,40
2023-04-02 16:00:00+05:30,28.4,39
2023-04-02 17:00:00+05:30,27.0,46
2023-04-02 18:00:00+05:30,24.9,53
2023-04-02 19:00:00+05:30,23.4,54
2023-04-02 20:00:00+05:30,22.3,58
2023-04-02 21:00:00+05:30,20.9,64
2023-04-02 22:00:00+05:30,19.5,72
2023-04-02 23:00:00+05:30,18.7,76
2023-04-03 00:00:00+05:30,17.9,79
2023-04-03 01:00:00+05:30,19.5,71
2023-04-03 02:00:00+05:30,17.0,84
2023-04-03 03:00:00+05:30,16.7,87
2023-04-03 04:00:00+05:30,16.2,91
2023-04-03 05:00:00+05:30,17.6,86
2023-04-03 06:00:00+05:30,18.7,79
2023-04-03 07:00:00+05:30,20.3,73
2023-04-03 08:00:00+05:30,23.0,63
2023-04-03 09:00:00+05:30,25.9,52
2023-04-03 10:00:00+05:30,28.0,44
2023-04-03 11:00:00+05:30,29.4,40
2023-04-03 12:00:00+05:30,30.4,38
2023-04-03 13:00:00+05:30,31.2,35
2023-04-03 14:00:00+05:30,31.8,27
2023-04-03 15:00:00+05:30,31.4,28
2023-04-03 16:00:00+05:30,30.5,29
2023-04-03 17:00:00+05:30,27.4,43
2023-04-03 18:00:00+05:30,24.5,56
2023-04-03 19:00:00+05:30,23.0,59
2023-04-03 20:00:00+05:30,22.3,63
2023-04-03 21:00:00+05:30,21.9,62
2023-04-03 22:00:00+05:30,20.5,65
2023-04-03 23:00:00+05:30,20.0,68
2023-04-04 00:00:00+05:30,19.3,71
2023-04-04 01:00:00+05:30,18.7,71
2023-04-04 02:00:00+05:30,17.5,78
2023-04-04 03:00:00+05:30,18.4,73
2023-04-04 04:00:00+05:30,17.5,79
2023-04-04 05:00:00+05:30,18.0,81
2023-04-04 06:00:00+05:30,18.1,78
2023-04-04 07:00:00+05:30,18.8,75
2023-04-04 08:00:00+05:30,19.6,73
2023-04-04 09:00:00+05:30,22.3,63
2023-04-04 10:00:00+05:30,24.7,54
2023-04-04 11:00:00+05:30,26.2,49
2023-04-04 12:00:00+05:30,27.3,45
2023-04-04 13:00:00+05:30,28.0,44
2023-04-04 14:00:00+05:30,28.4,43
2023-04-04 15:00:00+05:30,28.5,41
2023-04-04 16:00:00+05:30,28.8,36
2023-04-04 17:00:00+05:30,28.4,35
2023-04-04 18:00:00+05:30,26.1,43
2023-04-04 19:00:00+05:30,24.5,45
2023-04-04 20:00:00+05:30,23.4,47
2023-04-04 21:00:00+05:30,22.5,51
2023-04-04 22:00:00+05:30,21.1,57
2023-04-04 23:00:00+05:30,19.8,63
2023-04-05 00:00:00+05:30,18.6,68
2023-04-05 01:00:00+05:30,18.1,71
2023-04-05 02:00:00+05:30,17.6,74
2023-04-05 03:00:00+05:30,16.9,78
2023-04-05 04:00:00+05:30,16.5,79
2023-04-05 05:00:00+05:30,16.9,87
2023-04-05 06:00:00+05:30,17.4,84
2023-04-05 07:00:00+05:30,19.2,77
2023-04-05 08:00:00+05:30,22.2,65
2023-04-05 09:00:00+05:30,25.0,53
2023-04-05 10:00:00+05:30,27.1,43
2023-04-05 11:00:00+05:30,28.7,34
2023-04-05 12:00:00+05:30,29.9,27
2023-04-05 13:00:00+05:30,30.6,23
2023-04-05 14:00:00+05:30,31.0,19
2023-04-05 15:00:00+05:30,30.9,18
2023-04-05 16:00:00+05:30,30.3,18
2023-04-05 17:00:00+05:30,29.3,22
2023-04-05 18:00:00+05:30,26.5,29
2023-04-05 19:00:00+05:30,24.6,31
2023-04-05 20:00:00+05:30,23.4,34
2023-04-05 21:00:00+05:30,22.8,35
2023-04-05 22:00:00+05:30,22.0,36
2023-04-05 23:00:00+05:30,21.0,41
2023-04-06 00:00:00+05:30,20.1,43
2023-04-06 01:00:00+05:30,19.8,44
2023-04-06 02:00:00+05:30,19.3,46
2023-04-06 03:00:00+05:30,18.0,52
2023-04-06 04:00:00+05:30,17.3,57
2023-04-06 05:00:00+05:30,18.6,60
2023-04-06 06:00:00+05:30,18.6,67
2023-04-06 07:00:00+05:30,20.0,67
2023-04-06 08:00:00+05:30,23.1,52
2023-04-06 09:00:00+05:30,25.3,44
2023-04-06 10:00:00+05:30,28.4,31
2023-04-06 11:00:00+05:30,30.0,27
2023-04-06 12:00:00+05:30,31.3,23
2023-04-06 13:00:00+05:30,32.0,21
2023-04-06 14:00:00+05:30,32.2,20
2023-04-06 15:00:00+05:30,32.1,19
2023-04-06 16:00:00+05:30,31.8,18
2023-04-06 17:00:00+05:30,30.6,17
2023-04-06 18:00:00+05:30,27.8,23
2023-04-06 19:00:00+05:30,25.5,29
2023-04-06 20:00:00+05:30,24.8,27
2023-04-06 21:00:00+05:30,23.2,30
2023-04-06 22:00:00+05:30,22.2,34
2023-04-06 23:00:00+05:30,21.2,37
2023-04-07 00:00:00+05:30,20.6,42
2023-04-07 01:00:00+05:30,19.8,47
2023-04-07 02:00:00+05:30,18.8,52
2023-04-07 03:00:00+05:30,18.4,56
2023-04-07 04:00:00+05:30,18.0,59
2023-04-07 05:00:00+05:30,18.1,64
2023-04-07 06:00:00+05:30,18.2,63
2023-04-07 07:00:00+05:30,20.2,57
2023-04-07 08:00:00+05:30,23.2,48
2023-04-07 09:00:00+05:30,26.3,39
2023-04-07 10:00:00+05:30,28.8,27
2023-04-07 11:00:00+05:30,30.4,19
2023-04-07 12:00:00+05:30,31.5,17
2023-04-07 13:00:00+05:30,32.1,15
2023-04-07 14:00:00+05:30,32.3,15
2023-04-07 15:00:00+05:30,32.1,15
2023-04-07 16:00:00+05:30,31.5,16
2023-04-07 17:00:00+05:30,30.8,15
2023-04-07 18:00:00+05:30,28.1,22
2023-04-07 19:00:00+05:30,26.1,26
2023-04-07 20:00:00+05:30,25.5,25
2023-04-07 21:00:00+05:30,24.6,27
2023-04-07 22:00:00+05:30,23.8,28
2023-04-07 23:00:00+05:30,22.7,30
2023-04-08 00:00:00+05:30,21.8,34
2023-04-08 01:00:00+05:30,20.6,40
2023-04-08 02:00:00+05:30,19.4,45
2023-04-08 03:00:00+05:30,18.9,46
2023-04-08 04:00:00+05:30,17.5,50
2023-04-08 05:00:00+05:30,17.2,57
2023-04-08 06:00:00+05:30,17.9,54
2023-04-08 07:00:00+05:30,20.3,46
2023-04-08 08:00:00+05:30,23.7,38
2023-04-08 09:00:00+05:30,27.3,28
2023-04-08 10:00:00+05:30,29.8,21
2023-04-08 11:00:00+05:30,31.2,18
2023-04-08 12:00:00+05:30,32.1,16
2023-04-08 13:00:00+05:30,32.5,15
2023-04-08 14:00:00+05:30,32.8,14
2023-04-08 15:00:00+05:30,32.6,13
2023-04-08 16:00:00+05:30,32.3,13
2023-04-08 17:00:00+05:30,31.3,16
2023-04-08 18:00:00+05:30,28.7,21
2023-04-08 19:00:00+05:30,26.3,26
2023-04-08 20:00:00+05:30,24.0,30
2023-04-08 21:00:00+05:30,22.8,34
2023-04-08 22:00:00+05:30,21.7,38
2023-04-08 23:00:00+05:30,21.6,38
2023-04-09 00:00:00+05:30,21.7,34
2023-04-09 01:00:00+05:30,20.5,39
2023-04-09 02:00:00+05:30,19.1,46
2023-04-09 03:00:00+05:30,21.5,40
2023-04-09 04:00:00+05:30,18.9,48
2023-04-09 05:00:00+05:30,17.9,56
2023-04-09 06:00:00+05:30,18.2,59
2023-04-09 07:00:00+05:30,20.8,52
2023-04-09 08:00:00+05:30,25.0,40
2023-04-09 09:00:00+05:30,28.8,29
2023-04-09 10:00:00+05:30,31.5,19
2023-04-09 11:00:00+05:30,33.1,13
2023-04-09 12:00:00+05:30,33.8,12
2023-04-09 13:00:00+05:30,34.0,12
2023-04-09 14:00:00+05:30,33.9,13
2023-04-09 15:00:00+05:30,33.5,14
2023-04-09 16:00:00+05:30,33.2,14
2023-04-09 17:00:00+05:30,32.3,14
2023-04-09 18:00:00+05:30,29.3,18
2023-04-09 19:00:00+05:30,26.4,23
2023-04-09 20:00:00+05:30,26.7,21
2023-04-09 21:00:00+05:30,25.3,26
2023-04-09 22:00:00+05:30,22.4,33
2023-04-09 23:00:00+05:30,22.9,31
2023-04-10 00:00:00+05:30,22.5,31
2023-04-10 01:00:00+05:30,20.7,37
2023-04-10 02:00:00+05:30,19.2,42
2023-04-10 03:00:00+05:30,21.3,37
2023-04-10 04:00:00+05:30,21.1,39
2023-04-10 05:00:00+05:30,21.0,40
2023-04-10 06:00:00+05:30,20.5,43
2023-04-10 07:00:00+05:30,21.7,44
2023-04-10 08:00:00+05:30,25.7,32
2023-04-10 09:00:00+05:30,29.1,25
2023-04-10 10:00:00+05:30,31.7,21
2023-04-10 11:00:00+05:30,33.2,17
2023-04-10 12:00:00+05:30,33.7,16
2023-04-10 13:00:00+05:30,34.0,16
2023-04-10 14:00:00+05:30,34.0,16
2023-04-10 15:00:00+05:30,34.2,15
2023-04-10 16:00:00+05:30,33.9,14
2023-04-10 17:00:00+05:30,32.8,16
2023-04-10 18:00:00+05:30,30.2,19
2023-04-10 19:00:00+05:30,28.1,21
2023-04-10 20:00:00+05:30,25.9,25
2023-04-10 21:00:00+05:30,25.2,27
2023-04-10 22:00:00+05:30,24.9,28
2023-04-10 23:00:00+05:30,23.8,30
2023-04-11 00:00:00+05:30,22.2,34
2023-04-11 01:00:00+05:30,21.5,37
2023-04-11 02:00:00+05:30,20.7,39
2023-04-11 03:00:00+05:30,20.7,38
2023-04-11 04:00:00+05:30,20.3,38
2023-04-11 05:00:00+05:30,20.0,44
2023-04-11 06:00:00+05:30,20.5,42
2023-04-11 07:00:00+05:30,23.0,36
2023-04-11 08:00:00+05:30,26.1,32
2023-04-11 09:00:00+05:30,29.4,26
2023-04-11 10:00:00+05:30,32.3,22
2023-04-11 11:00:00+05:30,34.0,18
2023-04-11 12:00:00+05:30,34.9,16
2023-04-11 13:00:00+05:30,35.8,15
2023-04-11 14:00:00+05:30,36.8,11
2023-04-11 15:00:00+05:30,36.4,11
2023-04-11 16:00:00+05:30,35.8,13
2023-04-11 17:00:00+05:30,34.6,15
2023-04-11 18:00:00+05:30,32.0,19
2023-04-11 19:00:00+05:30,30.2,22
2023-04-11 20:00:00+05:30,29.5,21
2023-04-11 21:00:00+05:30,28.5,22
2023-04-11 22:00:00+05:30,27.4,24
2023-04-11 23:00:00+05:30,25.0,28
2023-04-12 00:00:00+05:30,24.3,29
2023-04-12 01:00:00+05:30,23.8,31
2023-04-12 02:00:00+05:30,24.9,30
2023-04-12 03:00:00+05:30,25.5,29
2023-04-12 04:00:00+05:30,25.5,28
2023-04-12 05:00:00+05:30,23.2,40
2023-04-12 06:00:00+05:30,24.9,37
2023-04-12 07:00:00+05:30,26.7,35
2023-04-12 08:00:00+05:30,29.8,29
2023-04-12 09:00:00+05:30,32.7,24
2023-04-12 10:00:00+05:30,34.6,19
2023-04-12 11:00:00+05:30,36.3,16
2023-04-12 12:00:00+05:30,36.9,15
2023-04-12 13:00:00+05:30,37.2,14
2023-04-12 14:00:00+05:30,37.4,14
2023-04-12 15:00:00+05:30,36.6,15
2023-04-12 16:00:00+05:30,35.6,16
2023-04-12 17:00:00+05:30,34.1,18
2023-04-12 18:00:00+05:30,31.9,23
2023-04-12 19:00:00+05:30,29.6,29
2023-04-12 20:00:00+05:30,28.2,31
2023-04-12 21:00:00+05:30,27.1,33
2023-04-12 22:00:00+05:30,26.1,35
2023-04-12 23:00:00+05:30,25.9,34
2023-04-13 00:00:00+05:30,25.2,34
2023-04-13 01:00:00+05:30,23.5,39
2023-04-13 02:00:00+05:30,22.6,43
2023-04-13 03:00:00+05:30,22.4,43
2023-04-13 04:00:00+05:30,22.0,41
2023-04-13 05:00:00+05:30,22.5,45
2023-04-13 06:00:00+05:30,22.7,44
2023-04-13 07:00:00+05:30,25.1,39
2023-04-13 08:00:00+05:30,28.6,33
2023-04-13 09:00:00+05:30,32.1,28
2023-04-13 10:00:00+05:30,34.8,22
2023-04-13 11:00:00+05:30,36.4,16
2023-04-13 12:00:00+05:30,37.4,13
2023-04-13 13:00:00+05:30,38.1,11
2023-04-13 14:00:00+05:30,38.2,11
2023-04-13 15:00:00+05:30,37.8,11
2023-04-13 16:00:00+05:30,37.2,11
2023-04-13 17:00:00+05:30,36.3,13
2023-04-13 18:00:00+05:30,33.5,17
2023-04-13 19:00:00+05:30,31.6,20
2023-04-13 20:00:00+05:30,30.3,20
2023-04-13 21:00:00+05:30,28.8,22
2023-04-13 22:00:00+05:30,28.3,23
2023-04-13 23:00:00+05:30,26.8,26
2023-04-14 00:00:00+05:30,26.4,28
2023-04-14 01:00:00+05:30,24.5,33
2023-04-14 02:00:00+05:30,23.3,36
2023-04-14 03:00:00+05:30,23.1,37
2023-04-14 04:00:00+05:30,21.9,40
2023-04-14 05:00:00+05:30,22.0,44
2023-04-14 06:00:00+05:30,22.7,45
2023-04-14 07:00:00+05:30,25.6,39
2023-04-14 08:00:00+05:30,29.7,31
2023-04-14 09:00:00+05:30,32.9,26
2023-04-14 10:00:00+05:30,35.4,20
2023-04-14 11:00:00+05:30,36.8,16
2023-04-14 12:00:00+05:30,37.7,13
2023-04-14 13:00:00+05:30,38.0,12
2023-04-14 14:00:00+05:30,38.1,11
2023-04-14 15:00:00+05:30,37.8,11
2023-04-14 16:00:00+05:30,37.4,12
2023-04-14 17:00:00+05:30,36.6,14
2023-04-14 18:00:00+05:30,33.6,17
2023-04-14 19:00:00+05:30,31.8,21
2023-04-14 20:00:00+05:30,30.0,22
2023-04-14 21:00:00+05:30,28.2,23
2023-04-14 22:00:00+05:30,26.7,24
2023-04-14 23:00:00+05:30,24.8,30
2023-04-15 00:00:00+05:30,24.0,33
2023-04-15 01:00:00+05:30,23.4,35
2023-04-15 02:00:00+05:30,22.7,38
2023-04-15 03:00:00+05:30,22.2,39
2023-04-15 04:00:00+05:30,22.7,36
2023-04-15 05:00:00+05:30,21.6,43
2023-04-15 06:00:00+05:30,22.8,43
2023-04-15 07:00:00+05:30,25.9,36
2023-04-15 08:00:00+05:30,30.5,29
2023-04-15 09:00:00+05:30,34.7,21
2023-04-15 10:00:00+05:30,37.7,15
2023-04-15 11:00:00+05:30,39.2,10
2023-04-15 12:00:00+05:30,39.8,9
2023-04-15 13:00:00+05:30,39.9,9
2023-04-15 14:00:00+05:30,39.6,9
2023-04-15 15:00:00+05:30,39.3,9
2023-04-15 16:00:00+05:30,38.8,10
2023-04-15 17:00:00+05:30,37.6,11
2023-04-15 18:00:00+05:30,36.8,12
2023-04-15 19:00:00+05:30,30.7,19
2023-04-15 20:00:00+05:30,29.6,20
2023-04-15 21:00:00+05:30,29.6,22
2023-04-15 22:00:00+05:30,27.1,26
2023-04-15 23:00:00+05:30,27.1,25
2023-04-16 00:00:00+05:30,26.0,27
2023-04-16 01:00:00+05:30,25.0,29
2023-04-16 02:00:00+05:30,23.7,33
2023-04-16 03:00:00+05:30,25.9,27
2023-04-16 04:00:00+05:30,22.9,34
2023-04-16 05:00:00+05:30,25.5,33
2023-04-16 06:00:00+05:30,25.0,36
2023-04-16 07:00:00+05:30,26.6,36
2023-04-16 08:00:00+05:30,30.3,29
2023-04-16 09:00:00+05:30,33.3,25
2023-04-16 10:00:00+05:30,35.4,23
2023-04-16 11:00:00+05:30,37.5,20
2023-04-16 12:00:00+05:30,38.9,17
2023-04-16 13:00:00+05:30,39.2,14
2023-04-16 14:00:00+05:30,39.5,13
2023-04-16 15:00:00+05:30,39.1,14
2023-04-16 16:00:00+05:30,38.6,13
2023-04-16 17:00:00+05:30,38.0,13
2023-04-16 18:00:00+05:30,35.1,17
2023-04-16 19:00:00+05:30,32.6,23
2023-04-16 20:00:00+05:30,31.4,25
2023-04-16 21:00:00+05:30,30.3,27
2023-04-16 22:00:00+05:30,29.0,30
2023-04-16 23:00:00+05:30,27.7,33
2023-04-17 00:00:00+05:30,25.7,39
2023-04-17 01:00:00+05:30,25.4,41
2023-04-17 02:00:00+05:30,24.5,42
2023-04-17 03:00:00+05:30,27.5,33
2023-04-17 04:00:00+05:30,28.0,31
2023-04-17 05:00:00+05:30,24.7,45
2023-04-17 06:00:00+05:30,25.3,44
2023-04-17 07:00:00+05:30,27.4,39
2023-04-17 08:00:00+05:30,30.6,32
2023-04-17 09:00:00+05:30,34.3,26
2023-04-17 10:00:00+05:30,36.9,21
2023-04-17 11:00:00+05:30,38.6,17
2023-04-17 12:00:00+05:30,39.1,14
2023-04-17 13:00:00+05:30,39.5,14
2023-04-17 14:00:00+05:30,39.6,13
2023-04-17 15:00:00+05:30,39.3,13
2023-04-17 16:00:00+05:30,38.7,13
2023-04-17 17:00:00+05:30,37.7,14
2023-04-17 18:00:00+05:30,35.6,15
2023-04-17 19:00:00+05:30,32.8,18
2023-04-17 20:00:00+05:30,31.6,20
2023-04-17 21:00:00+05:30,34.7,16
2023-04-17 22:00:00+05:30,33.3,18
2023-04-17 23:00:00+05:30,28.6,25
2023-04-18 00:00:00+05:30,28.2,25
2023-04-18 01:00:00+05:30,26.4,30
2023-04-18 02:00:00+05:30,24.4,37
2023-04-18 03:00:00+05:30,24.0,39
2023-04-18 04:00:00+05:30,25.0,36
2023-04-18 05:00:00+05:30,25.1,39
2023-04-18 06:00:00+05:30,25.7,37
2023-04-18 07:00:00+05:30,28.8,32
2023-04-18 08:00:00+05:30,32.8,25
2023-04-18 09:00:00+05:30,34.6,22
2023-04-18 10:00:00+05:30,37.1,19
2023-04-18 11:00:00+05:30,38.7,16
2023-04-18 12:00:00+05:30,39.6,15
2023-04-18 13:00:00+05:30,39.8,14
2023-04-18 14:00:00+05:30,39.3,14
2023-04-18 15:00:00+05:30,39.1,14
2023-04-18 16:00:00+05:30,38.5,16
2023-04-18 17:00:00+05:30,38.3,15
2023-04-18 18:00:00+05:30,35.0,20
2023-04-18 19:00:00+05:30,33.7,19
2023-04-18 20:00:00+05:30,32.9,19
2023-04-18 21:00:00+05:30,32.7,20
2023-04-18 22:00:00+05:30,32.0,23
2023-04-18 23:00:00+05:30,30.9,24
2023-04-19 00:00:00+05:30,29.7,26
2023-04-19 01:00:00+05:30,28.0,29
2023-04-19 02:00:00+05:30,26.1,34
2023-04-19 03:00:00+05:30,25.4,36
2023-04-19 04:00:00+05:30,24.4,39
2023-04-19 05:00:00+05:30,25.9,46
2023-04-19 06:00:00+05:30,25.4,47
2023-04-19 07:00:00+05:30,27.1,43
2023-04-19 08:00:00+05:30,29.5,37
2023-04-19 09:00:00+05:30,32.0,31
2023-04-19 10:00:00+05:30,34.2,26
2023-04-19 11:00:00+05:30,35.5,23
2023-04-19 12:00:00+05:30,36.7,21
2023-04-19 13:00:00+05:30,37.9,18
2023-04-19 14:00:00+05:30,37.1,19
2023-04-19 15:00:00+05:30,36.5,18
2023-04-19 16:00:00+05:30,35.2,21
2023-04-19 17:00:00+05:30,28.3,45
2023-04-19 18:00:00+05:30,29.0,43
2023-04-19 19:00:00+05:30,28.3,42
2023-04-19 20:00:00+05:30,27.3,46
2023-04-19 21:00:00+05:30,26.5,50
2023-04-19 22:00:00+05:30,25.7,54
2023-04-19 23:00:00+05:30,26.3,51
2023-04-20 00:00:00+05:30,24.0,60
2023-04-20 01:00:00+05:30,25.5,53
2023-04-20 02:00:00+05:30,25.3,54
2023-04-20 03:00:00+05:30,24.7,56
2023-04-20 04:00:00+05:30,22.6,63
2023-04-20 05:00:00+05:30,24.1,67
2023-04-20 06:00:00+05:30,24.4,64
2023-04-20 07:00:00+05:30,25.6,57
2023-04-20 08:00:00+05:30,28.1,48
2023-04-20 09:00:00+05:30,30.9,37
2023-04-20 10:00:00+05:30,32.4,31
2023-04-20 11:00:00+05:30,33.7,28
2023-04-20 12:00:00+05:30,34.6,25
2023-04-20 13:00:00+05:30,34.8,23
2023-04-20 14:00:00+05:30,34.8,24
2023-04-20 15:00:00+05:30,34.8,24
2023-04-20 16:00:00+05:30,34.0,23
2023-04-20 17:00:00+05:30,25.6,55
2023-04-20 18:00:00+05:30,28.4,42
2023-04-20 19:00:00+05:30,27.6,45
2023-04-20 20:00:00+05:30,26.8,47
2023-04-20 21:00:00+05:30,26.0,51
2023-04-20 22:00:00+05:30,25.0,56
2023-04-20 23:00:00+05:30,24.8,55
2023-04-21 00:00:00+05:30,24.9,50
2023-04-21 01:00:00+05:30,23.6,51
2023-04-21 02:00:00+05:30,22.8,54
2023-04-21 03:00:00+05:30,22.2,57
2023-04-21 04:00:00+05:30,22.0,59
2023-04-21 05:00:00+05:30,22.9,60
2023-04-21 06:00:00+05:30,23.1,59
2023-04-21 07:00:00+05:30,25.0,53
2023-04-21 08:00:00+05:30,27.9,43
2023-04-21 09:00:00+05:30,30.1,38
2023-04-21 10:00:00+05:30,32.0,33
2023-04-21 11:00:00+05:30,33.6,24
2023-04-21 12:00:00+05:30,34.8,19
2023-04-21 13:00:00+05:30,35.1,17
2023-04-21 14:00:00+05:30,35.5,16
2023-04-21 15:00:00+05:30,34.9,17
2023-04-21 16:00:00+05:30,34.4,17
2023-04-21 17:00:00+05:30,34.1,14
2023-04-21 18:00:00+05:30,32.3,16
2023-04-21 19:00:00+05:30,30.1,19
2023-04-21 20:00:00+05:30,28.5,23
2023-04-21 21:00:00+05:30,27.1,30
2023-04-21 22:00:00+05:30,26.0,31
2023-04-21 23:00:00+05:30,26.6,27
2023-04-22 00:00:00+05:30,25.7,29
2023-04-22 01:00:00+05:30,25.3,30
2023-04-22 02:00:00+05:30,22.6,38
2023-04-22 03:00:00+05:30,21.5,43
2023-04-22 04:00:00+05:30,22.7,41
2023-04-22 05:00:00+05:30,20.7,61
2023-04-22 06:00:00+05:30,22.5,55
2023-04-22 07:00:00+05:30,25.0,47
2023-04-22 08:00:00+05:30,28.0,38
2023-04-22 09:00:00+05:30,30.6,29
2023-04-22 10:00:00+05:30,32.7,22
2023-04-22 11:00:00+05:30,33.6,16
2023-04-22 12:00:00+05:30,34.9,14
2023-04-22 13:00:00+05:30,35.1,14
2023-04-22 14:00:00+05:30,35.1,13
2023-04-22 15:00:00+05:30,34.7,13
2023-04-22 16:00:00+05:30,34.5,13
2023-04-22 17:00:00+05:30,33.9,12
2023-04-22 18:00:00+05:30,31.9,14
2023-04-22 19:00:00+05:30,29.6,17
2023-04-22 20:00:00+05:30,29.0,16
2023-04-22 21:00:00+05:30,27.9,17
2023-04-22 22:00:00+05:30,26.7,20
2023-04-22 23:00:00+05:30,25.1,24
2023-04-23 00:00:00+05:30,23.8,27
2023-04-23 01:00:00+05:30,23.1,30
2023-04-23 02:00:00+05:30,22.6,33
2023-04-23 03:00:00+05:30,22.0,36
2023-04-23 04:00:00+05:30,21.1,39
2023-04-23 05:00:00+05:30,22.9,37
2023-04-23 06:00:00+05:30,22.6,41
2023-04-23 07:00:00+05:30,24.9,36
2023-04-23 08:00:00+05:30,27.6,29
2023-04-23 09:00:00+05:30,28.9,24
2023-04-23 10:00:00+05:30,31.1,19
2023-04-23 11:00:00+05:30,32.5,16
2023-04-23 12:00:00+05:30,33.6,14
2023-04-23 13:00:00+05:30,33.4,15
2023-04-23 14:00:00+05:30,33.2,15
2023-04-23 15:00:00+05:30,33.2,15
2023-04-23 16:00:00+05:30,33.0,15
2023-04-23 17:00:00+05:30,30.1,20
2023-04-23 18:00:00+05:30,28.3,24
2023-04-23 19:00:00+05:30,26.5,28
2023-04-23 20:00:00+05:30,25.3,33
2023-04-23 21:00:00+05:30,23.8,37
2023-04-23 22:00:00+05:30,22.7,42
2023-04-23 23:00:00+05:30,23.7,40
2023-04-24 00:00:00+05:30,21.7,46
2023-04-24 01:00:00+05:30,21.1,47
2023-04-24 02:00:00+05:30,21.0,45
2023-04-24 03:00:00+05:30,20.1,49
2023-04-24 04:00:00+05:30,19.8,51
2023-04-24 05:00:00+05:30,20.1,50
2023-04-24 06:00:00+05:30,20.3,55
2023-04-24 07:00:00+05:30,22.8,46
2023-04-24 08:00:00+05:30,25.2,40
2023-04-24 09:00:00+05:30,27.2,34
2023-04-24 10:00:00+05:30,29.9,28
2023-04-24 11:00:00+05:30,31.5,22
2023-04-24 12:00:00+05:30,31.6,22
2023-04-24 13:00:00+05:30,32.1,21
2023-04-24 14:00:00+05:30,31.6,22
2023-04-24 15:00:00+05:30,30.7,24
2023-04-24 16:00:00+05:30,30.1,26
2023-04-24 17:00:00+05:30,30.0,24
2023-04-24 18:00:00+05:30,28.8,28
2023-04-24 19:00:00+05:30,27.0,33
2023-04-24 20:00:00+05:30,25.7,36
2023-04-24 21:00:00+05:30,25.0,39
2023-04-24 22:00:00+05:30,24.4,41
2023-04-24 23:00:00+05:30,23.5,44
2023-04-25 00:00:00+05:30,22.7,48
2023-04-25 01:00:00+05:30,22.1,51
2023-04-25 02:00:00+05:30,21.3,53
2023-04-25 03:00:00+05:30,20.8,55
2023-04-25 04:00:00+05:30,20.3,57
2023-04-25 05:00:00+05:30,20.2,58
2023-04-25 06:00:00+05:30,20.8,57
2023-04-25 07:00:00+05:30,22.5,52
2023-04-25 08:00:00+05:30,25.2,45
2023-04-25 09:00:00+05:30,27.9,36
2023-04-25 10:00:00+05:30,29.7,30
2023-04-25 11:00:00+05:30,31.2,26
2023-04-25 12:00:00+05:30,32.3,24
2023-04-25 13:00:00+05:30,32.5,23
2023-04-25 14:00:00+05:30,32.9,23
2023-04-25 15:00:00+05:30,32.9,23
2023-04-25 16:00:00+05:30,32.8,23
2023-04-25 17:00:00+05:30,32.8,22
2023-04-25 18:00:00+05:30,30.4,30
2023-04-25 19:00:00+05:30,28.2,35
2023-04-25 20:00:00+05:30,26.7,38
2023-04-25 21:00:00+05:30,25.5,41
2023-04-25 22:00:00+05:30,25.1,42
2023-04-25 23:00:00+05:30,23.6,47
2023-04-26 00:00:00+05:30,22.3,53
2023-04-26 01:00:00+05:30,21.9,55
2023-04-26 02:00:00+05:30,21.7,56
2023-04-26 03:00:00+05:30,20.8,60
2023-04-26 04:00:00+05:30,20.8,61
2023-04-26 05:00:00+05:30,21.4,61
2023-04-26 06:00:00+05:30,22.6,56
2023-04-26 07:00:00+05:30,25.6,46
2023-04-26 08:00:00+05:30,28.7,37
2023-04-26 09:00:00+05:30,31.4,30
2023-04-26 10:00:00+05:30,33.2,23
2023-04-26 11:00:00+05:30,33.9,21
2023-04-26 12:00:00+05:30,34.5,20
2023-04-26 13:00:00+05:30,34.9,18
2023-04-26 14:00:00+05:30,35.2,18
2023-04-26 15:00:00+05:30,35.1,18
2023-04-26 16:00:00+05:30,34.9,18
2023-04-26 17:00:00+05:30,34.1,19
2023-04-26 18:00:00+05:30,31.3,26
2023-04-26 19:00:00+05:30,30.4,25
2023-04-26 20:00:00+05:30,29.5,28
2023-04-26 21:00:00+05:30,27.9,31
2023-04-26 22:00:00+05:30,26.1,37
2023-04-26 23:00:00+05:30,25.6,39
2023-04-27 00:00:00+05:30,24.4,43
2023-04-27 01:00:00+05:30,24.1,44
2023-04-27 02:00:00+05:30,24.6,40
2023-04-27 03:00:00+05:30,23.6,41
2023-04-27 04:00:00+05:30,23.5,40
2023-04-27 05:00:00+05:30,22.6,52
2023-04-27 06:00:00+05:30,23.9,51
2023-04-27 07:00:00+05:30,26.3,44
2023-04-27 08:00:00+05:30,28.7,37
2023-04-27 09:00:00+05:30,29.5,34
2023-04-27 10:00:00+05:30,32.7,27
2023-04-27 11:00:00+05:30,34.4,21
2023-04-27 12:00:00+05:30,35.9,18
2023-04-27 13:00:00+05:30,34.9,19
2023-04-27 14:00:00+05:30,34.6,19
2023-04-27 15:00:00+05:30,28.8,44
2023-04-27 16:00:00+05:30,29.0,37
2023-04-27 17:00:00+05:30,35.1,28
2023-04-27 18:00:00+05:30,31.2,24
2023-04-27 19:00:00+05:30,29.8,27
2023-04-27 20:00:00+05:30,28.4,34
2023-04-27 21:00:00+05:30,27.6,35
2023-04-27 22:00:00+05:30,26.8,34
2023-04-27 23:00:00+05:30,25.1,38
2023-04-28 00:00:00+05:30,24.5,41
2023-04-28 01:00:00+05:30,23.3,45
2023-04-28 02:00:00+05:30,23.4,45
2023-04-28 03:00:00+05:30,22.2,50
2023-04-28 04:00:00+05:30,21.9,52
2023-04-28 05:00:00+05:30,22.0,61
2023-04-28 06:00:00+05:30,22.9,58
2023-04-28 07:00:00+05:30,25.2,50
2023-04-28 08:00:00+05:30,27.3,43
2023-04-28 09:00:00+05:30,28.5,39
2023-04-28 10:00:00+05:30,29.9,36
2023-04-28 11:00:00+05:30,31.5,31
2023-04-28 12:00:00+05:30,32.3,28
2023-04-28 13:00:00+05:30,33.1,25
2023-04-28 14:00:00+05:30,33.4,23
2023-04-28 15:00:00+05:30,33.8,22
2023-04-28 16:00:00+05:30,33.8,21
2023-04-28 17:00:00+05:30,32.3,26
2023-04-28 18:00:00+05:30,30.7,29
2023-04-28 19:00:00+05:30,29.4,32
2023-04-28 20:00:00+05:30,27.9,37
2023-04-28 21:00:00+05:30,26.8,40
2023-04-28 22:00:00+05:30,24.6,47
2023-04-28 23:00:00+05:30,24.0,51
2023-04-29 00:00:00+05:30,23.6,52
2023-04-29 01:00:00+05:30,22.8,56
2023-04-29 02:00:00+05:30,21.8,62
2023-04-29 03:00:00+05:30,21.5,65
2023-04-29 04:00:00+05:30,21.8,66
2023-04-29 05:00:00+05:30,23.1,60
2023-04-29 06:00:00+05:30,24.9,54
2023-04-29 07:00:00+05:30,25.4,51
2023-04-29 08:00:00+05:30,27.1,46
2023-04-29 09:00:00+05:30,28.6,41
2023-04-29 10:00:00+05:30,30.1,37
2023-04-29 11:00:00+05:30,32.2,32
2023-04-29 12:00:00+05:30,34.2,28
2023-04-29 13:00:00+05:30,29.4,44
2023-04-29 14:00:00+05:30,30.7,36
2023-04-29 15:00:00+05:30,30.6,36
2023-04-29 16:00:00+05:30,30.0,37
2023-04-29 17:00:00+05:30,26.6,52
2023-04-29 18:00:00+05:30,26.4,52
2023-04-29 19:00:00+05:30,25.1,61
2023-04-29 20:00:00+05:30,24.4,64
2023-04-29 21:00:00+05:30,23.9,66
2023-04-29 22:00:00+05:30,23.3,68
2023-04-29 23:00:00+05:30,23.2,65
2023-04-30 00:00:00+05:30,22.5,68
2023-04-30 01:00:00+05:30,23.0,66
2023-04-30 02:00:00+05:30,22.4,70
2023-04-30 03:00:00+05:30,21.5,72
2023-04-30 04:00:00+05:30,21.0,72
2023-04-30 05:00:00+05:30,22.8,75
2023-04-30 06:00:00+05:30,23.1,75
2023-04-30 07:00:00+05:30,24.2,65
2023-04-30 08:00:00+05:30,24.5,61
2023-04-30 09:00:00+05:30,27.1,51
2023-04-30 10:00:00+05:30,28.6,44
2023-04-30 11:00:00+05:30,29.1,42
2023-04-30 12:00:00+05:30,29.9,40
2023-04-30 13:00:00+05:30,30.1,39
2023-04-30 14:00:00+05:30,30.2,37
2023-04-30 15:00:00+05:30,29.4,41
2023-04-30 16:00:00+05:30,27.8,47
2023-04-30 17:00:00+05:30,21.3,82
2023-04-30 18:00:00+05:30,22.0,81
2023-04-30 19:00:00+05:30,22.0,83
2023-04-30 20:00:00+05:30,21.8,83
2023-04-30 21:00:00+05:30,21.5,84
2023-04-30 22:00:00+05:30,21.3,86
2023-04-30 23:00:00+05:30,21.2,86
2023-05-01 00:00:00+05:30,20.9,86
2023-05-01 01:00:00+05:30,20.6,87
2023-05-01 02:00:00+05:30,20.1,92
2023-05-01 03:00:00+05:30,19.9,93
2023-05-01 04:00:00+05:30,20.1,91
2023-05-01 05:00:00+05:30,19.8,93
2023-05-01 06:00:00+05:30,20.4,89
2023-05-01 07:00:00+05:30,20.7,88
2023-05-01 08:00:00+05:30,22.1,82
2023-05-01 09:00:00+05:30,23.4,74
2023-05-01 10:00:00+05:30,23.0,76
2023-05-01 11:00:00+05:30,23.6,72
2023-05-01 12:00:00+05:30,25.5,64
2023-05-01 13:00:00+05:30,26.4,60
2023-05-01 14:00:00+05:30,27.3,55
2023-05-01 15:00:00+05:30,27.8,50
2023-05-01 16:00:00+05:30,25.0,63
2023-05-01 17:00:00+05:30,21.0,86
2023-05-01 18:00:00+05:30,21.1,87
2023-05-01 19:00:00+05:30,21.0,89
2023-05-01 20:00:00+05:30,20.7,92
2023-05-01 21:00:00+05:30,20.4,94
2023-05-01 22:00:00+05:30,20.2,95
2023-05-01 23:00:00+05:30,20.2,95
2023-05-02 00:00:00+05:30,20.0,97
2023-05-02 01:00:00+05:30,19.9,98
2023-05-02 02:00:00+05:30,19.7,98
2023-05-02 03:00:00+05:30,19.6,99
2023-05-02 04:00:00+05:30,19.4,98
2023-05-02 05:00:00+05:30,20.2,92
2023-05-02 06:00:00+05:30,20.3,92
2023-05-02 07:00:00+05:30,21.3,87
2023-05-02 08:00:00+05:30,22.4,82
2023-05-02 09:00:00+05:30,23.3,77
2023-05-02 10:00:00+05:30,24.3,71
2023-05-02 11:00:00+05:30,25.9,65
2023-05-02 12:00:00+05:30,26.9,61
2023-05-02 13:00:00+05:30,27.7,57
2023-05-02 14:00:00+05:30,27.5,56
2023-05-02 15:00:00+05:30,22.8,82
2023-05-02 16:00:00+05:30,23.7,74
2023-05-02 17:00:00+05:30,23.4,76
2023-05-02 18:00:00+05:30,22.6,80
2023-05-02 19:00:00+05:30,21.9,85
2023-05-02 20:00:00+05:30,21.5,88
2023-05-02 21:00:00+05:30,21.3,89
2023-05-02 22:00:00+05:30,20.9,90
2023-05-02 23:00:00+05:30,20.7,91
2023-05-03 00:00:00+05:30,20.7,91
2023-05-03 01:00:00+05:30,20.0,95
2023-05-03 02:00:00+05:30,20.2,93
2023-05-03 03:00:00+05:30,20.0,94
2023-05-03 04:00:00+05:30,19.9,96
2023-05-03 05:00:00+05:30,20.3,95
2023-05-03 06:00:00+05:30,19.8,95
2023-05-03 07:00:00+05:30,20.2,93
2023-05-03 08:00:00+05:30,22.1,86
2023-05-03 09:00:00+05:30,22.9,78
2023-05-03 10:00:00+05:30,22.6,79
2023-05-03 11:00:00+05:30,25.5,67
2023-05-03 12:00:00+05:30,27.4,58
2023-05-03 13:00:00+05:30,28.2,54
2023-05-03 14:00:00+05:30,27.8,56
2023-05-03 15:00:00+05:30,26.8,57
2023-05-03 16:00:00+05:30,27.2,55
2023-05-03 17:00:00+05:30,21.9,86
2023-05-03 18:00:00+05:30,22.2,84
2023-05-03 19:00:00+05:30,21.7,88
2023-05-03 20:00:00+05:30,21.6,87
2023-05-03 21:00:00+05:30,20.8,92
2023-05-03 22:00:00+05:30,20.1,96
2023-05-03 23:00:00+05:30,19.8,97
2023-05-04 00:00:00+05:30,19.5,98
2023-05-04 01:00:00+05:30,19.5,99
2023-05-04 02:00:00+05:30,19.4,99
2023-05-04 03:00:00+05:30,18.9,99
2023-05-04 04:00:00+05:30,19.0,99
2023-05-04 05:00:00+05:30,18.7,99
2023-05-04 06:00:00+05:30,19.7,95
2023-05-04 07:00:00+05:30,21.2,89
2023-05-04 08:00:00+05:30,23.3,76
2023-05-04 09:00:00+05:30,24.8,70
2023-05-04 10:00:00+05:30,26.4,61
2023-05-04 11:00:00+05:30,27.7,55
2023-05-04 12:00:00+05:30,28.5,50
2023-05-04 13:00:00+05:30,28.9,49
2023-05-04 14:00:00+05:30,29.5,46
2023-05-04 15:00:00+05:30,29.6,44
2023-05-04 16:00:00+05:30,29.5,43
2023-05-04 17:00:00+05:30,29.3,46
2023-05-04 18:00:00+05:30,28.1,62
2023-05-04 19:00:00+05:30,26.7,59
2023-05-04 20:00:00+05:30,24.8,68
2023-05-04 21:00:00+05:30,23.7,73
2023-05-04 22:00:00+05:30,23.2,76
2023-05-04 23:00:00+05:30,22.5,78
2023-05-05 00:00:00+05:30,21.9,82
2023-05-05 01:00:00+05:30,22.0,82
2023-05-05 02:00:00+05:30,22.4,80
2023-05-05 03:00:00+05:30,20.7,91
2023-05-05 04:00:00+05:30,20.4,94
2023-05-05 05:00:00+05:30,21.8,82
2023-05-05 06:00:00+05:30,23.6,72
2023-05-05 07:00:00+05:30,25.6,67
2023-05-05 08:00:00+05:30,27.5,61
2023-05-05 09:00:00+05:30,27.8,57
2023-05-05 10:00:00+05:30,24.2,72
2023-05-05 11:00:00+05:30,25.8,65
2023-05-05 12:00:00+05:30,28.9,54
2023-05-05 13:00:00+05:30,29.3,48
2023-05-05 14:00:00+05:30,30.7,42
2023-05-05 15:00:00+05:30,30.7,38
2023-05-05 16:00:00+05:30,30.7,37
2023-05-05 17:00:00+05:30,29.5,39
2023-05-05 18:00:00+05:30,28.1,47
2023-05-05 19:00:00+05:30,27.5,47
2023-05-05 20:00:00+05:30,27.7,45
2023-05-05 21:00:00+05:30,25.2,57
2023-05-05 22:00:00+05:30,26.2,51
2023-05-05 23:00:00+05:30,25.6,53
2023-05-06 00:00:00+05:30,22.4,66
2023-05-06 01:00:00+05:30,21.4,71
2023-05-06 02:00:00+05:30,21.0,72
2023-05-06 03:00:00+05:30,20.3,74
2023-05-06 04:00:00+05:30,20.2,73
2023-05-06 05:00:00+05:30,21.3,71
2023-05-06 06:00:00+05:30,23.4,62
2023-05-06 07:00:00+05:30,25.6,57
2023-05-06 08:00:00+05:30,28.1,50
2023-05-06 09:00:00+05:30,30.3,41
2023-05-06 10:00:00+05:30,32.0,33
2023-05-06 11:00:00+05:30,33.1,31
2023-05-06 12:00:00+05:30,34.1,30
2023-05-06 13:00:00+05:30,34.9,27
2023-05-06 14:00:00+05:30,33.5,29
2023-05-06 15:00:00+05:30,33.5,28
2023-05-06 16:00:00+05:30,30.5,42
2023-05-06 17:00:00+05:30,26.8,57
2023-05-06 18:00:00+05:30,27.0,56
2023-05-06 19:00:00+05:30,26.5,53
2023-05-06 20:00:00+05:30,26.4,51
2023-05-06 21:00:00+05:30,24.2,63
2023-05-06 22:00:00+05:30,24.1,62
2023-05-06 23:00:00+05:30,23.8,62
2023-05-07 00:00:00+05:30,23.4,61
2023-05-07 01:00:00+05:30,23.0,59
2023-05-07 02:00:00+05:30,22.2,60
2023-05-07 03:00:00+05:30,21.5,63
2023-05-07 04:00:00+05:30,21.1,64
2023-05-07 05:00:00+05:30,20.9,65
2023-05-07 06:00:00+05:30,23.0,56
2023-05-07 07:00:00+05:30,26.2,48
2023-05-07 08:00:00+05:30,29.5,42
2023-05-07 09:00:00+05:30,32.2,35
2023-05-07 10:00:00+05:30,34.0,30
2023-05-07 11:00:00+05:30,35.2,26
2023-05-07 12:00:00+05:30,34.6,26
2023-05-07 13:00:00+05:30,33.8,28
2023-05-07 14:00:00+05:30,34.7,26
2023-05-07 15:00:00+05:30,35.2,24
2023-05-07 16:00:00+05:30,35.1,24
2023-05-07 17:00:00+05:30,30.6,42
2023-05-07 18:00:00+05:30,30.6,37
2023-05-07 19:00:00+05:30,29.0,38
2023-05-07 20:00:00+05:30,27.7,42
2023-05-07 21:00:00+05:30,26.1,46
2023-05-07 22:00:00+05:30,25.2,50
2023-05-07 23:00:00+05:30,23.7,58
2023-05-08 00:00:00+05:30,24.3,53
2023-05-08 01:00:00+05:30,23.3,55
2023-05-08 02:00:00+05:30,22.6,58
2023-05-08 03:00:00+05:30,21.8,62
2023-05-08 04:00:00+05:30,21.7,63
2023-05-08 05:00:00+05:30,24.0,65
2023-05-08 06:00:00+05:30,24.7,57
2023-05-08 07:00:00+05:30,26.0,55
2023-05-08 08:00:00+05:30,28.5,45
2023-05-08 09:00:00+05:30,31.8,35
2023-05-08 10:00:00+05:30,33.3,31
2023-05-08 11:00:00+05:30,34.8,27
2023-05-08 12:00:00+05:30,35.2,26
2023-05-08 13:00:00+05:30,35.2,26
2023-05-08 14:00:00+05:30,35.5,24
2023-05-08 15:00:00+05:30,35.7,21
2023-05-08 16:00:00+05:30,35.5,19
2023-05-08 17:00:00+05:30,32.4,34
2023-05-08 18:00:00+05:30,31.0,38
2023-05-08 19:00:00+05:30,28.6,47
2023-05-08 20:00:00+05:30,27.4,47
2023-05-08 21:00:00+05:30,26.4,50
2023-05-08 22:00:00+05:30,26.0,49
2023-05-08 23:00:00+05:30,24.7,53
2023-05-09 00:00:00+05:30,24.7,54
2023-05-09 01:00:00+05:30,23.4,58
2023-05-09 02:00:00+05:30,22.1,65
2023-05-09 03:00:00+05:30,20.8,70
2023-05-09 04:00:00+05:30,21.0,69
2023-05-09 05:00:00+05:30,21.3,76
2023-05-09 06:00:00+05:30,22.5,71
2023-05-09 07:00:00+05:30,24.5,59
2023-05-09 08:00:00+05:30,27.3,45
2023-05-09 09:00:00+05:30,30.9,32
2023-05-09 10:00:00+05:30,33.4,24
2023-05-09 11:00:00+05:30,34.9,20
2023-05-09 12:00:00+05:30,35.9,17
2023-05-09 13:00:00+05:30,36.7,15
2023-05-09 14:00:00+05:30,36.8,14
2023-05-09 15:00:00+05:30,36.6,14
2023-05-09 16:00:00+05:30,36.1,13
2023-05-09 17:00:00+05:30,35.4,15
2023-05-09 18:00:00+05:30,33.3,17
2023-05-09 19:00:00+05:30,32.0,17
2023-05-09 20:00:00+05:30,31.6,15
2023-05-09 21:00:00+05:30,29.3,20
2023-05-09 22:00:00+05:30,27.5,27
2023-05-09 23:00:00+05:30,26.1,31
2023-05-10 00:00:00+05:30,25.2,32
2023-05-10 01:00:00+05:30,23.9,34
2023-05-10 02:00:00+05:30,22.8,37
2023-05-10 03:00:00+05:30,22.4,38
2023-05-10 04:00:00+05:30,22.0,37
2023-05-10 05:00:00+05:30,22.0,41
2023-05-10 06:00:00+05:30,23.1,39
2023-05-10 07:00:00+05:30,25.4,36
2023-05-10 08:00:00+05:30,28.5,29
2023-05-10 09:00:00+05:30,31.5,23
2023-05-10 10:00:00+05:30,33.6,16
2023-05-10 11:00:00+05:30,34.6,13
2023-05-10 12:00:00+05:30,35.4,11
2023-05-10 13:00:00+05:30,35.9,11
2023-05-10 14:00:00+05:30,36.1,11
2023-05-10 15:00:00+05:30,36.3,11
2023-05-10 16:00:00+05:30,35.7,11
2023-05-10 17:00:00+05:30,36.1,12
2023-05-10 18:00:00+05:30,34.1,14
2023-05-10 19:00:00+05:30,29.8,19
2023-05-10 20:00:00+05:30,27.3,29
2023-05-10 21:00:00+05:30,25.9,37
2023-05-10 22:00:00+05:30,25.0,39
2023-05-10 23:00:00+05:30,24.1,43
2023-05-11 00:00:00+05:30,23.0,46
2023-05-11 01:00:00+05:30,24.0,32
2023-05-11 02:00:00+05:30,22.5,34
2023-05-11 03:00:00+05:30,21.5,38
2023-05-11 04:00:00+05:30,21.2,38
2023-05-11 05:00:00+05:30,21.7,45
2023-05-11 06:00:00+05:30,23.3,44
2023-05-11 07:00:00+05:30,26.7,35
2023-05-11 08:00:00+05:30,30.3,27
2023-05-11 09:00:00+05:30,33.0,22
2023-05-11 10:00:00+05:30,35.0,19
2023-05-11 11:00:00+05:30,36.6,15
2023-05-11 12:00:00+05:30,37.6,12
2023-05-11 13:00:00+05:30,38.3,11
2023-05-11 14:00:00+05:30,38.7,10
2023-05-11 15:00:00+05:30,38.2,10
2023-05-11 16:00:00+05:30,37.5,11
2023-05-11 17:00:00+05:30,37.2,15
2023-05-11 18:00:00+05:30,35.0,17
2023-05-11 19:00:00+05:30,33.8,18
2023-05-11 20:00:00+05:30,32.8,20
2023-05-11 21:00:00+05:30,28.5,28
2023-05-11 22:00:00+05:30,28.2,31
2023-05-11 23:00:00+05:30,29.8,26
2023-05-12 00:00:00+05:30,24.7,40
2023-05-12 01:00:00+05:30,26.4,36
2023-05-12 02:00:00+05:30,22.9,48
2023-05-12 03:00:00+05:30,24.6,43
2023-05-12 04:00:00+05:30,22.2,47
2023-05-12 05:00:00+05:30,22.8,43
2023-05-12 06:00:00+05:30,24.5,53
2023-05-12 07:00:00+05:30,27.8,35
2023-05-12 08:00:00+05:30,31.3,29
2023-05-12 09:00:00+05:30,34.9,21
2023-05-12 10:00:00+05:30,37.9,16
2023-05-12 11:00:00+05:30,39.7,13
2023-05-12 12:00:00+05:30,40.7,11
2023-05-12 13:00:00+05:30,41.3,11
2023-05-12 14:00:00+05:30,41.5,11
2023-05-12 15:00:00+05:30,41.2,11
2023-05-12 16:00:00+05:30,40.8,11
2023-05-12 17:00:00+05:30,39.1,27
2023-05-12 18:00:00+05:30,37.0,17
2023-05-12 19:00:00+05:30,34.0,24
2023-05-12 20:00:00+05:30,31.4,28
2023-05-12 21:00:00+05:30,29.6,32
2023-05-12 22:00:00+05:30,28.8,33
2023-05-12 23:00:00+05:30,26.8,39
2023-05-13 00:00:00+05:30,26.2,40
2023-05-13 01:00:00+05:30,25.2,44
2023-05-13 02:00:00+05:30,24.4,46
2023-05-13 03:00:00+05:30,23.8,48
2023-05-13 04:00:00+05:30,23.4,49
2023-05-13 05:00:00+05:30,24.5,43
2023-05-13 06:00:00+05:30,25.9,40
2023-05-13 07:00:00+05:30,28.4,36
2023-05-13 08:00:00+05:30,31.5,30
2023-05-13 09:00:00+05:30,34.3,25
2023-05-13 10:00:00+05:30,36.5,21
2023-05-13 11:00:00+05:30,38.5,18
2023-05-13 12:00:00+05:30,39.9,16
2023-05-13 13:00:00+05:30,40.7,14
2023-05-13 14:00:00+05:30,41.0,13
2023-05-13 15:00:00+05:30,41.0,13
2023-05-13 16:00:00+05:30,40.2,15
2023-05-13 17:00:00+05:30,39.5,15
2023-05-13 18:00:00+05:30,36.4,19
2023-05-13 19:00:00+05:30,33.2,23
2023-05-13 20:00:00+05:30,30.6,27
2023-05-13 21:00:00+05:30,30.8,28
2023-05-13 22:00:00+05:30,28.9,33
2023-05-13 23:00:00+05:30,27.7,38
2023-05-14 00:00:00+05:30,27.8,40
2023-05-14 01:00:00+05:30,27.1,42
2023-05-14 02:00:00+05:30,27.2,42
2023-05-14 03:00:00+05:30,27.1,40
2023-05-14 04:00:00+05:30,26.5,40
2023-05-14 05:00:00+05:30,25.9,50
2023-05-14 06:00:00+05:30,27.4,47
2023-05-14 07:00:00+05:30,29.2,43
2023-05-14 08:00:00+05:30,31.8,37
2023-05-14 09:00:00+05:30,35.0,31
2023-05-14 10:00:00+05:30,37.4,25
2023-05-14 11:00:00+05:30,38.8,22
2023-05-14 12:00:00+05:30,39.5,20
2023-05-14 13:00:00+05:30,39.2,17
2023-05-14 14:00:00+05:30,38.1,15
2023-05-14 15:00:00+05:30,36.3,21
2023-05-14 16:00:00+05:30,38.1,17
2023-05-14 17:00:00+05:30,32.3,33
2023-05-14 18:00:00+05:30,32.7,29
2023-05-14 19:00:00+05:30,30.0,34
2023-05-14 20:00:00+05:30,28.8,37
2023-05-14 21:00:00+05:30,29.4,31
2023-05-14 22:00:00+05:30,28.6,31
2023-05-14 23:00:00+05:30,28.3,32
2023-05-15 00:00:00+05:30,28.1,33
2023-05-15 01:00:00+05:30,26.8,36
2023-05-15 02:00:00+05:30,25.3,41
2023-05-15 03:00:00+05:30,25.0,43
2023-05-15 04:00:00+05:30,24.3,44
2023-05-15 05:00:00+05:30,24.6,47
2023-05-15 06:00:00+05:30,26.6,43
2023-05-15 07:00:00+05:30,29.1,38
2023-05-15 08:00:00+05:30,33.0,29
2023-05-15 09:00:00+05:30,36.2,20
2023-05-15 10:00:00+05:30,37.6,19
2023-05-15 11:00:00+05:30,38.9,17
2023-05-15 12:00:00+05:30,40.2,16
2023-05-15 13:00:00+05:30,40.0,14
2023-05-15 14:00:00+05:30,40.3,13
2023-05-15 15:00:00+05:30,39.4,14
2023-05-15 16:00:00+05:30,39.7,13
2023-05-15 17:00:00+05:30,38.9,16
2023-05-15 18:00:00+05:30,35.4,24
2023-05-15 19:00:00+05:30,33.4,25
2023-05-15 20:00:00+05:30,31.0,30
2023-05-15 21:00:00+05:30,30.5,29
2023-05-15 22:00:00+05:30,31.1,27
2023-05-15 23:00:00+05:30,29.4,30
2023-05-16 00:00:00+05:30,28.9,30
2023-05-16 01:00:00+05:30,27.3,33
2023-05-16 02:00:00+05:30,25.4,39
2023-05-16 03:00:00+05:30,26.4,34
2023-05-16 04:00:00+05:30,26.6,30
2023-05-16 05:00:00+05:30,27.8,37
2023-05-16 06:00:00+05:30,28.7,37
2023-05-16 07:00:00+05:30,30.2,35
2023-05-16 08:00:00+05:30,32.5,31
2023-05-16 09:00:00+05:30,34.7,28
2023-05-16 10:00:00+05:30,36.6,24
2023-05-16 11:00:00+05:30,37.8,22
2023-05-16 12:00:00+05:30,36.0,25
2023-05-16 13:00:00+05:30,36.2,23
2023-05-16 14:00:00+05:30,35.9,26
2023-05-16 15:00:00+05:30,36.7,25
2023-05-16 16:00:00+05:30,37.0,24
2023-05-16 17:00:00+05:30,38.2,19
2023-05-16 18:00:00+05:30,36.5,20
2023-05-16 19:00:00+05:30,34.5,21
2023-05-16 20:00:00+05:30,32.3,29
2023-05-16 21:00:00+05:30,31.1,33
2023-05-16 22:00:00+05:30,30.8,27
2023-05-16 23:00:00+05:30,30.1,23
2023-05-17 00:00:00+05:30,28.5,25
2023-05-17 01:00:00+05:30,27.0,28
2023-05-17 02:00:00+05:30,26.5,29
2023-05-17 03:00:00+05:30,26.4,30
2023-05-17 04:00:00+05:30,25.9,30
2023-05-17 05:00:00+05:30,28.0,33
2023-05-17 06:00:00+05:30,32.1,26
2023-05-17 07:00:00+05:30,34.5,22
2023-05-17 08:00:00+05:30,34.8,24
2023-05-17 09:00:00+05:30,36.2,22
2023-05-17 10:00:00+05:30,38.1,18
2023-05-17 11:00:00+05:30,39.5,17
2023-05-17 12:00:00+05:30,40.3,16
2023-05-17 13:00:00+05:30,41.0,15
2023-05-17 14:00:00+05:30,41.0,15
2023-05-17 15:00:00+05:30,40.5,15
2023-05-17 16:00:00+05:30,40.2,15
2023-05-17 17:00:00+05:30,33.4,31
2023-05-17 18:00:00+05:30,32.7,34
2023-05-17 19:00:00+05:30,32.4,31
2023-05-17 20:00:00+05:30,31.2,36
2023-05-17 21:00:00+05:30,31.2,34
2023-05-17 22:00:00+05:30,30.3,38
2023-05-17 23:00:00+05:30,29.3,40
2023-05-18 00:00:00+05:30,27.7,45
2023-05-18 01:00:00+05:30,27.1,47
2023-05-18 02:00:00+05:30,27.0,46
2023-05-18 03:00:00+05:30,26.0,49
2023-05-18 04:00:00+05:30,25.6,49
2023-05-18 05:00:00+05:30,24.2,60
2023-05-18 06:00:00+05:30,24.4,61
2023-05-18 07:00:00+05:30,25.2,59
2023-05-18 08:00:00+05:30,26.8,51
2023-05-18 09:00:00+05:30,29.4,43
2023-05-18 10:00:00+05:30,31.7,37
2023-05-18 11:00:00+05:30,34.3,29
2023-05-18 12:00:00+05:30,36.1,25
2023-05-18 13:00:00+05:30,37.0,24
2023-05-18 14:00:00+05:30,37.6,22
2023-05-18 15:00:00+05:30,38.0,21
2023-05-18 16:00:00+05:30,37.8,20
2023-05-18 17:00:00+05:30,35.6,28
2023-05-18 18:00:00+05:30,33.8,33
2023-05-18 19:00:00+05:30,32.7,35
2023-05-18 20:00:00+05:30,31.6,37
2023-05-18 21:00:00+05:30,30.6,38
2023-05-18 22:00:00+05:30,29.7,39
2023-05-18 23:00:00+05:30,29.1,41
2023-05-19 00:00:00+05:30,28.3,43
2023-05-19 01:00:00+05:30,27.8,44
2023-05-19 02:00:00+05:30,27.3,44
2023-05-19 03:00:00+05:30,26.8,45
2023-05-19 04:00:00+05:30,26.2,47
2023-05-19 05:00:00+05:30,26.3,55
2023-05-19 06:00:00+05:30,27.0,55
2023-05-19 07:00:00+05:30,28.6,50
2023-05-19 08:00:00+05:30,30.5,45
2023-05-19 09:00:00+05:30,32.6,40
2023-05-19 10:00:00+05:30,34.3,33
2023-05-19 11:00:00+05:30,35.7,27
2023-05-19 12:00:00+05:30,36.6,23
2023-05-19 13:00:00+05:30,37.4,22
2023-05-19 14:00:00+05:30,38.1,19
2023-05-19 15:00:00+05:30,38.2,18
2023-05-19 16:00:00+05:30,37.8,18
2023-05-19 17:00:00+05:30,37.2,19
2023-05-19 18:00:00+05:30,35.7,22
2023-05-19 19:00:00+05:30,33.6,25
2023-05-19 20:00:00+05:30,32.0,28
2023-05-19 21:00:00+05:30,31.1,29
2023-05-19 22:00:00+05:30,30.1,31
2023-05-19 23:00:00+05:30,29.2,33
2023-05-20 00:00:00+05:30,28.7,34
2023-05-20 01:00:00+05:30,27.6,37
2023-05-20 02:00:00+05:30,26.5,40
2023-05-20 03:00:00+05:30,25.9,42
2023-05-20 04:00:00+05:30,25.2,43
2023-05-20 05:00:00+05:30,24.9,52
2023-05-20 06:00:00+05:30,26.5,48
2023-05-20 07:00:00+05:30,28.9,43
2023-05-20 08:00:00+05:30,31.8,36
2023-05-20 09:00:00+05:30,34.5,30
2023-05-20 10:00:00+05:30,36.3,26
2023-05-20 11:00:00+05:30,37.6,22
2023-05-20 12:00:00+05:30,38.5,20
2023-05-20 13:00:00+05:30,39.3,18
2023-05-20 14:00:00+05:30,40.2,14
2023-05-20 15:00:00+05:30,39.8,14
2023-05-20 16:00:00+05:30,39.9,12
2023-05-20 17:00:00+05:30,39.0,14
2023-05-20 18:00:00+05:30,37.7,15
2023-05-20 19:00:00+05:30,35.1,17
2023-05-20 20:00:00+05:30,32.1,21
2023-05-20 21:00:00+05:30,30.2,25
2023-05-20 22:00:00+05:30,33.3,21
2023-05-20 23:00:00+05:30,32.8,21
2023-05-21 00:00:00+05:30,31.7,23
2023-05-21 01:00:00+05:30,30.3,26
2023-05-21 02:00:00+05:30,26.6,35
2023-05-21 03:00:00+05:30,26.0,37
2023-05-21 04:00:00+05:30,25.1,42
2023-05-21 05:00:00+05:30,26.1,41
2023-05-21 06:00:00+05:30,27.6,41
2023-05-21 07:00:00+05:30,29.9,36
2023-05-21 08:00:00+05:30,33.0,32
2023-05-21 09:00:00+05:30,36.0,26
2023-05-21 10:00:00+05:30,38.4,22
2023-05-21 11:00:00+05:30,40.2,17
2023-05-21 12:00:00+05:30,41.6,15
2023-05-21 13:00:00+05:30,42.5,12
2023-05-21 14:00:00+05:30,43.0,10
2023-05-21 15:00:00+05:30,42.7,10
2023-05-21 16:00:00+05:30,42.4,10
2023-05-21 17:00:00+05:30,41.8,9
2023-05-21 18:00:00+05:30,39.6,11
2023-05-21 19:00:00+05:30,35.2,15
2023-05-21 20:00:00+05:30,32.6,20
2023-05-21 21:00:00+05:30,31.0,27
2023-05-21 22:00:00+05:30,31.0,27
2023-05-21 23:00:00+05:30,29.8,27
2023-05-22 00:00:00+05:30,30.6,25
2023-05-22 01:00:00+05:30,30.8,24
2023-05-22 02:00:00+05:30,29.8,24
2023-05-22 03:00:00+05:30,30.3,22
2023-05-22 04:00:00+05:30,30.5,23
2023-05-22 05:00:00+05:30,33.2,24
2023-05-22 06:00:00+05:30,33.1,26
2023-05-22 07:00:00+05:30,34.4,26
2023-05-22 08:00:00+05:30,36.3,23
2023-05-22 09:00:00+05:30,38.0,22
2023-05-22 10:00:00+05:30,40.0,20
2023-05-22 11:00:00+05:30,41.6,18
2023-05-22 12:00:00+05:30,42.8,16
2023-05-22 13:00:00+05:30,42.4,15
2023-05-22 14:00:00+05:30,39.9,18
2023-05-22 15:00:00+05:30,40.6,15
2023-05-22 16:00:00+05:30,40.6,16
2023-05-22 17:00:00+05:30,41.3,14
2023-05-22 18:00:00+05:30,39.0,16
2023-05-22 19:00:00+05:30,37.3,17
2023-05-22 20:00:00+05:30,36.5,17
2023-05-22 21:00:00+05:30,32.8,23
2023-05-22 22:00:00+05:30,33.5,22
2023-05-22 23:00:00+05:30,34.3,21
2023-05-23 00:00:00+05:30,33.5,22
2023-05-23 01:00:00+05:30,31.8,25
2023-05-23 02:00:00+05:30,31.5,25
2023-05-23 03:00:00+05:30,31.8,24
2023-05-23 04:00:00+05:30,32.0,24
2023-05-23 05:00:00+05:30,32.6,26
2023-05-23 06:00:00+05:30,33.6,27
2023-05-23 07:00:00+05:30,34.8,26
2023-05-23 08:00:00+05:30,36.2,26
2023-05-23 09:00:00+05:30,37.9,27
2023-05-23 10:00:00+05:30,39.8,26
2023-05-23 11:00:00+05:30,41.4,23
2023-05-23 12:00:00+05:30,42.6,19
2023-05-23 13:00:00+05:30,43.4,15
2023-05-23 14:00:00+05:30,42.8,15
2023-05-23 15:00:00+05:30,41.0,16
2023-05-23 16:00:00+05:30,39.6,20
2023-05-23 17:00:00+05:30,32.5,40
2023-05-23 18:00:00+05:30,28.8,66
2023-05-23 19:00:00+05:30,30.4,52
2023-05-23 20:00:00+05:30,32.5,36
2023-05-23 21:00:00+05:30,31.8,38
2023-05-23 22:00:00+05:30,31.9,37
2023-05-23 23:00:00+05:30,30.4,42
2023-05-24 00:00:00+05:30,29.6,45
2023-05-24 01:00:00+05:30,28.7,47
2023-05-24 02:00:00+05:30,28.0,49
2023-05-24 03:00:00+05:30,28.4,48
2023-05-24 04:00:00+05:30,29.0,46
2023-05-24 05:00:00+05:30,27.6,54
2023-05-24 06:00:00+05:30,27.9,53
2023-05-24 07:00:00+05:30,29.0,49
2023-05-24 08:00:00+05:30,29.1,47
2023-05-24 09:00:00+05:30,31.0,44
2023-05-24 10:00:00+05:30,34.1,39
2023-05-24 11:00:00+05:30,36.1,33
2023-05-24 12:00:00+05:30,37.3,29
2023-05-24 13:00:00+05:30,38.3,26
2023-05-24 14:00:00+05:30,37.4,26
2023-05-24 15:00:00+05:30,35.5,29
2023-05-24 16:00:00+05:30,36.0,26
2023-05-24 17:00:00+05:30,31.1,47
2023-05-24 18:00:00+05:30,30.0,54
2023-05-24 19:00:00+05:30,29.2,58
2023-05-24 20:00:00+05:30,28.2,62
2023-05-24 21:00:00+05:30,27.5,66
2023-05-24 22:00:00+05:30,26.9,69
2023-05-24 23:00:00+05:30,26.4,72
2023-05-25 00:00:00+05:30,25.9,76
2023-05-25 01:00:00+05:30,25.6,77
2023-05-25 02:00:00+05:30,25.4,77
2023-05-25 03:00:00+05:30,25.2,78
2023-05-25 04:00:00+05:30,25.0,80
2023-05-25 05:00:00+05:30,23.5,72
2023-05-25 06:00:00+05:30,25.2,63
2023-05-25 07:00:00+05:30,26.8,59
2023-05-25 08:00:00+05:30,28.9,54
2023-05-25 09:00:00+05:30,31.2,45
2023-05-25 10:00:00+05:30,28.0,58
2023-05-25 11:00:00+05:30,31.0,46
2023-05-25 12:00:00+05:30,32.4,42
2023-05-25 13:00:00+05:30,33.2,40
2023-05-25 14:00:00+05:30,33.7,40
2023-05-25 15:00:00+05:30,34.0,39
2023-05-25 16:00:00+05:30,32.9,42
2023-05-25 17:00:00+05:30,28.5,53
2023-05-25 18:00:00+05:30,29.1,52
2023-05-25 19:00:00+05:30,28.0,54
2023-05-25 20:00:00+05:30,26.7,59
2023-05-25 21:00:00+05:30,26.0,64
2023-05-25 22:00:00+05:30,26.4,64
2023-05-25 23:00:00+05:30,25.8,70
2023-05-26 00:00:00+05:30,25.2,72
2023-05-26 01:00:00+05:30,24.8,71
2023-05-26 02:00:00+05:30,24.0,74
2023-05-26 03:00:00+05:30,23.5,76
2023-05-26 04:00:00+05:30,23.4,78
2023-05-26 05:00:00+05:30,22.7,84
2023-05-26 06:00:00+05:30,23.1,82
2023-05-26 07:00:00+05:30,24.4,76
2023-05-26 08:00:00+05:30,26.2,66
2023-05-26 09:00:00+05:30,28.2,56
2023-05-26 10:00:00+05:30,30.0,49
2023-05-26 11:00:00+05:30,31.5,43
2023-05-26 12:00:00+05:30,32.6,39
2023-05-26 13:00:00+05:30,33.5,35
2023-05-26 14:00:00+05:30,34.2,33
2023-05-26 15:00:00+05:30,34.5,32
2023-05-26 16:00:00+05:30,34.5,32
2023-05-26 17:00:00+05:30,32.5,37
2023-05-26 18:00:00+05:30,31.8,39
2023-05-26 19:00:00+05:30,30.2,44
2023-05-26 20:00:00+05:30,29.5,45
2023-05-26 21:00:00+05:30,28.5,48
2023-05-26 22:00:00+05:30,27.5,53
2023-05-26 23:00:00+05:30,27.0,56
2023-05-27 00:00:00+05:30,26.4,59
2023-05-27 01:00:00+05:30,26.1,62
2023-05-27 02:00:00+05:30,21.1,88
2023-05-27 03:00:00+05:30,22.1,86
2023-05-27 04:00:00+05:30,22.1,88
2023-05-27 05:00:00+05:30,22.2,88
2023-05-27 06:00:00+05:30,22.8,84
2023-05-27 07:00:00+05:30,22.2,89
2023-05-27 08:00:00+05:30,22.0,91
2023-05-27 09:00:00+05:30,22.5,88
2023-05-27 10:00:00+05:30,25.2,76
2023-05-27 11:00:00+05:30,31.1,46
2023-05-27 12:00:00+05:30,33.0,34
2023-05-27 13:00:00+05:30,34.2,32
2023-05-27 14:00:00+05:30,34.4,33
2023-05-27 15:00:00+05:30,34.4,33
2023-05-27 16:00:00+05:30,34.0,34
2023-05-27 17:00:00+05:30,31.7,46
2023-05-27 18:00:00+05:30,31.2,51
2023-05-27 19:00:00+05:30,28.9,60
2023-05-27 20:00:00+05:30,27.8,59
2023-05-27 21:00:00+05:30,27.0,60
2023-05-27 22:00:00+05:30,26.3,65
2023-05-27 23:00:00+05:30,26.0,67
2023-05-28 00:00:00+05:30,25.6,69
2023-05-28 01:00:00+05:30,25.1,71
2023-05-28 02:00:00+05:30,24.8,73
2023-05-28 03:00:00+05:30,24.6,74
2023-05-28 04:00:00+05:30,24.5,75
2023-05-28 05:00:00+05:30,23.9,80
2023-05-28 06:00:00+05:30,25.0,74
2023-05-28 07:00:00+05:30,26.8,68
2023-05-28 08:00:00+05:30,24.4,73
2023-05-28 09:00:00+05:30,27.2,64
2023-05-28 10:00:00+05:30,29.8,57
2023-05-28 11:00:00+05:30,31.4,53
2023-05-28 12:00:00+05:30,32.7,48
2023-05-28 13:00:00+05:30,33.4,46
2023-05-28 14:00:00+05:30,33.8,43
2023-05-28 15:00:00+05:30,33.7,42
2023-05-28 16:00:00+05:30,33.7,42
2023-05-28 17:00:00+05:30,25.6,71
2023-05-28 18:00:00+05:30,26.5,67
2023-05-28 19:00:00+05:30,25.1,75
2023-05-28 20:00:00+05:30,24.8,79
2023-05-28 21:00:00+05:30,24.6,80
2023-05-28 22:00:00+05:30,24.4,84
2023-05-28 23:00:00+05:30,24.5,84
2023-05-29 00:00:00+05:30,24.3,83
2023-05-29 01:00:00+05:30,24.3,84
2023-05-29 02:00:00+05:30,24.4,84
2023-05-29 03:00:00+05:30,24.2,86
2023-05-29 04:00:00+05:30,23.5,89
2023-05-29 05:00:00+05:30,22.5,90
2023-05-29 06:00:00+05:30,23.5,90
2023-05-29 07:00:00+05:30,25.4,83
2023-05-29 08:00:00+05:30,27.2,72
2023-05-29 09:00:00+05:30,29.7,62
2023-05-29 10:00:00+05:30,31.6,53
2023-05-29 11:00:00+05:30,33.2,45
2023-05-29 12:00:00+05:30,34.4,40
2023-05-29 13:00:00+05:30,32.9,43
2023-05-29 14:00:00+05:30,29.9,54
2023-05-29 15:00:00+05:30,31.3,51
2023-05-29 16:00:00+05:30,30.5,52
2023-05-29 17:00:00+05:30,28.8,60
2023-05-29 18:00:00+05:30,27.8,66
2023-05-29 19:00:00+05:30,26.2,76
2023-05-29 20:00:00+05:30,25.2,80
2023-05-29 21:00:00+05:30,25.0,79
2023-05-29 22:00:00+05:30,25.6,72
2023-05-29 23:00:00+05:30,25.5,72
2023-05-30 00:00:00+05:30,25.3,72
2023-05-30 01:00:00+05:30,24.5,74
2023-05-30 02:00:00+05:30,23.8,75
2023-05-30 03:00:00+05:30,22.9,81
2023-05-30 04:00:00+05:30,22.7,83
2023-05-30 05:00:00+05:30,23.3,82
2023-05-30 06:00:00+05:30,24.2,78
2023-05-30 07:00:00+05:30,25.4,72
2023-05-30 08:00:00+05:30,27.2,63
2023-05-30 09:00:00+05:30,29.4,56
2023-05-30 10:00:00+05:30,31.2,50
2023-05-30 11:00:00+05:30,32.7,44
2023-05-30 12:00:00+05:30,33.5,41
2023-05-30 13:00:00+05:30,34.0,40
2023-05-30 14:00:00+05:30,34.2,40
2023-05-30 15:00:00+05:30,34.1,40
2023-05-30 16:00:00+05:30,33.6,39
2023-05-30 17:00:00+05:30,27.2,67
2023-05-30 18:00:00+05:30,27.3,66
2023-05-30 19:00:00+05:30,25.6,73
2023-05-30 20:00:00+05:30,25.2,75
2023-05-30 21:00:00+05:30,24.8,79
2023-05-30 22:00:00+05:30,23.4,83
2023-05-30 23:00:00+05:30,23.1,85
2023-05-31 00:00:00+05:30,23.2,85
2023-05-31 01:00:00+05:30,22.8,89
2023-05-31 02:00:00+05:30,22.7,90
2023-05-31 03:00:00+05:30,22.5,91
2023-05-31 04:00:00+05:30,22.4,91
2023-05-31 05:00:00+05:30,21.6,90
2023-05-31 06:00:00+05:30,22.1,90
2023-05-31 07:00:00+05:30,23.2,85
2023-05-31 08:00:00+05:30,24.4,76
2023-05-31 09:00:00+05:30,25.9,68
2023-05-31 10:00:00+05:30,26.4,63
2023-05-31 11:00:00+05:30,28.0,59
2023-05-31 12:00:00+05:30,29.2,56
2023-05-31 13:00:00+05:30,29.5,53
2023-05-31 14:00:00+05:30,30.1,50
2023-05-31 15:00:00+05:30,30.6,46
2023-05-31 16:00:00+05:30,28.9,51
2023-05-31 17:00:00+05:30,26.8,69
2023-05-31 18:00:00+05:30,25.5,70
2023-05-31 19:00:00+05:30,24.4,75
2023-05-31 20:00:00+05:30,23.4,81
2023-05-31 21:00:00+05:30,22.8,86
2023-05-31 22:00:00+05:30,22.3,86
2023-05-31 23:00:00+05:30,22.0,87
2023-06-01 00:00:00+05:30,21.6,90
2023-06-01 01:00:00+05:30,21.0,94
2023-06-01 02:00:00+05:30,20.5,95
2023-06-01 03:00:00+05:30,20.5,95
2023-06-01 04:00:00+05:30,19.9,97
2023-06-01 05:00:00+05:30,20.1,95
2023-06-01 06:00:00+05:30,21.5,88
2023-06-01 07:00:00+05:30,23.4,79
2023-06-01 08:00:00+05:30,25.9,67
2023-06-01 09:00:00+05:30,28.3,53
2023-06-01 10:00:00+05:30,29.8,44
2023-06-01 11:00:00+05:30,31.3,41
2023-06-01 12:00:00+05:30,32.3,39
2023-06-01 13:00:00+05:30,33.0,38
2023-06-01 14:00:00+05:30,33.6,37
2023-06-01 15:00:00+05:30,31.8,42
2023-06-01 16:00:00+05:30,32.0,40
2023-06-01 17:00:00+05:30,29.7,55
2023-06-01 18:00:00+05:30,28.0,62
2023-06-01 19:00:00+05:30,27.1,66
2023-06-01 20:00:00+05:30,26.6,67
2023-06-01 21:00:00+05:30,26.2,69
2023-06-01 22:00:00+05:30,25.7,69
2023-06-01 23:00:00+05:30,25.0,70
2023-06-02 00:00:00+05:30,24.3,72
2023-06-02 01:00:00+05:30,24.2,72
2023-06-02 02:00:00+05:30,23.3,76
2023-06-02 03:00:00+05:30,22.6,86
2023-06-02 04:00:00+05:30,22.4,86
2023-06-02 05:00:00+05:30,23.5,75
2023-06-02 06:00:00+05:30,23.9,73
2023-06-02 07:00:00+05:30,24.9,61
2023-06-02 08:00:00+05:30,26.1,55
2023-06-02 09:00:00+05:30,28.0,49
2023-06-02 10:00:00+05:30,30.0,41
2023-06-02 11:00:00+05:30,31.4,37
2023-06-02 12:00:00+05:30,32.3,37
2023-06-02 13:00:00+05:30,32.8,37
2023-06-02 14:00:00+05:30,32.9,37
2023-06-02 15:00:00+05:30,32.9,37
2023-06-02 16:00:00+05:30,32.5,38
2023-06-02 17:00:00+05:30,31.5,41
2023-06-02 18:00:00+05:30,30.7,45
2023-06-02 19:00:00+05:30,28.9,51
2023-06-02 20:00:00+05:30,27.8,55
2023-06-02 21:00:00+05:30,26.9,57
2023-06-02 22:00:00+05:30,25.7,60
2023-06-02 23:00:00+05:30,24.6,65
2023-06-03 00:00:00+05:30,24.0,69
2023-06-03 01:00:00+05:30,23.7,70
2023-06-03 02:00:00+05:30,23.4,71
2023-06-03 03:00:00+05:30,23.0,73
2023-06-03 04:00:00+05:30,22.7,73
2023-06-03 05:00:00+05:30,23.9,69
2023-06-03 06:00:00+05:30,25.0,66
2023-06-03 07:00:00+05:30,26.6,60
2023-06-03 08:00:00+05:30,28.9,53
2023-06-03 09:00:00+05:30,30.7,46
2023-06-03 10:00:00+05:30,31.9,44
2023-06-03 11:00:00+05:30,33.0,42
2023-06-03 12:00:00+05:30,33.9,38
2023-06-03 13:00:00+05:30,34.7,35
2023-06-03 14:00:00+05:30,35.0,33
2023-06-03 15:00:00+05:30,35.0,32
2023-06-03 16:00:00+05:30,34.7,32
2023-06-03 17:00:00+05:30,34.8,33
2023-06-03 18:00:00+05:30,33.1,39
2023-06-03 19:00:00+05:30,30.7,46
2023-06-03 20:00:00+05:30,29.6,51
2023-06-03 21:00:00+05:30,28.0,55
2023-06-03 22:00:00+05:30,28.0,53
2023-06-03 23:00:00+05:30,26.3,60
2023-06-04 00:00:00+05:30,25.7,65
2023-06-04 01:00:00+05:30,24.6,72
2023-06-04 02:00:00+05:30,24.4,76
2023-06-04 03:00:00+05:30,24.3,77
2023-06-04 04:00:00+05:30,23.8,79
2023-06-04 05:00:00+05:30,25.2,70
2023-06-04 06:00:00+05:30,26.1,69
2023-06-04 07:00:00+05:30,27.5,61
2023-06-04 08:00:00+05:30,29.6,53
2023-06-04 09:00:00+05:30,31.6,46
2023-06-04 10:00:00+05:30,33.6,38
2023-06-04 11:00:00+05:30,34.9,34
2023-06-04 12:00:00+05:30,35.8,32
2023-06-04 13:00:00+05:30,34.8,36
2023-06-04 14:00:00+05:30,33.7,39
2023-06-04 15:00:00+05:30,33.8,40
2023-06-04 16:00:00+05:30,34.4,37
2023-06-04 17:00:00+05:30,31.1,58
2023-06-04 18:00:00+05:30,30.7,60
2023-06-04 19:00:00+05:30,29.8,64
2023-06-04 20:00:00+05:30,29.2,65
2023-06-04 21:00:00+05:30,28.1,65
2023-06-04 22:00:00+05:30,27.1,65
2023-06-04 23:00:00+05:30,26.5,68
2023-06-05 00:00:00+05:30,26.2,70
2023-06-05 01:00:00+05:30,25.9,71
2023-06-05 02:00:00+05:30,25.6,74
2023-06-05 03:00:00+05:30,25.4,75
2023-06-05 04:00:00+05:30,25.3,76
2023-06-05 05:00:00+05:30,26.0,74
2023-06-05 06:00:00+05:30,27.1,71
2023-06-05 07:00:00+05:30,28.8,63
2023-06-05 08:00:00+05:30,30.7,54
2023-06-05 09:00:00+05:30,33.0,44
2023-06-05 10:00:00+05:30,34.8,36
2023-06-05 11:00:00+05:30,36.0,31
2023-06-05 12:00:00+05:30,36.6,28
2023-06-05 13:00:00+05:30,37.0,27
2023-06-05 14:00:00+05:30,37.4,26
2023-06-05 15:00:00+05:30,37.2,26
2023-06-05 16:00:00+05:30,36.8,27
2023-06-05 17:00:00+05:30,36.1,29
2023-06-05 18:00:00+05:30,26.8,62
2023-06-05 19:00:00+05:30,28.3,56
2023-06-05 20:00:00+05:30,28.4,53
2023-06-05 21:00:00+05:30,27.5,58
2023-06-05 22:00:00+05:30,27.3,57
2023-06-05 23:00:00+05:30,27.1,57
2023-06-06 00:00:00+05:30,27.0,56
2023-06-06 01:00:00+05:30,25.9,59
2023-06-06 02:00:00+05:30,25.1,63
2023-06-06 03:00:00+05:30,25.1,63
2023-06-06 04:00:00+05:30,24.5,66
2023-06-06 05:00:00+05:30,24.2,75
2023-06-06 06:00:00+05:30,26.2,65
2023-06-06 07:00:00+05:30,28.2,58
2023-06-06 08:00:00+05:30,31.1,48
2023-06-06 09:00:00+05:30,33.9,39
2023-06-06 10:00:00+05:30,36.1,31
2023-06-06 11:00:00+05:30,37.6,26
2023-06-06 12:00:00+05:30,38.4,22
2023-06-06 13:00:00+05:30,38.6,21
2023-06-06 14:00:00+05:30,38.1,21
2023-06-06 15:00:00+05:30,37.6,21
2023-06-06 16:00:00+05:30,37.5,20
2023-06-06 17:00:00+05:30,34.9,36
2023-06-06 18:00:00+05:30,32.8,40
2023-06-06 19:00:00+05:30,32.0,45
2023-06-06 20:00:00+05:30,29.8,50
2023-06-06 21:00:00+05:30,29.0,52
2023-06-06 22:00:00+05:30,28.4,54
2023-06-06 23:00:00+05:30,28.1,55
2023-06-07 00:00:00+05:30,26.9,59
2023-06-07 01:00:00+05:30,26.5,61
2023-06-07 02:00:00+05:30,26.1,60
2023-06-07 03:00:00+05:30,25.6,59
2023-06-07 04:00:00+05:30,24.9,63
2023-06-07 05:00:00+05:30,25.6,60
2023-06-07 06:00:00+05:30,27.2,53
2023-06-07 07:00:00+05:30,29.4,46
2023-06-07 08:00:00+05:30,32.1,40
2023-06-07 09:00:00+05:30,34.5,33
2023-06-07 10:00:00+05:30,36.2,28
2023-06-07 11:00:00+05:30,37.4,25
2023-06-07 12:00:00+05:30,38.2,21
2023-06-07 13:00:00+05:30,38.4,20
2023-06-07 14:00:00+05:30,38.5,20
2023-06-07 15:00:00+05:30,37.2,23
2023-06-07 16:00:00+05:30,36.6,23
2023-06-07 17:00:00+05:30,37.6,21
2023-06-07 18:00:00+05:30,36.1,24
2023-06-07 19:00:00+05:30,33.9,27
2023-06-07 20:00:00+05:30,31.9,33
2023-06-07 21:00:00+05:30,30.4,38
2023-06-07 22:00:00+05:30,29.7,40
2023-06-07 23:00:00+05:30,29.2,40
2023-06-08 00:00:00+05:30,28.4,41
2023-06-08 01:00:00+05:30,27.4,44
2023-06-08 02:00:00+05:30,26.2,48
2023-06-08 03:00:00+05:30,25.4,52
2023-06-08 04:00:00+05:30,25.1,54
2023-06-08 05:00:00+05:30,25.8,57
2023-06-08 06:00:00+05:30,27.5,55
2023-06-08 07:00:00+05:30,29.5,51
2023-06-08 08:00:00+05:30,32.2,44
2023-06-08 09:00:00+05:30,34.7,36
2023-06-08 10:00:00+05:30,36.6,30
2023-06-08 11:00:00+05:30,38.1,25
2023-06-08 12:00:00+05:30,39.0,22
2023-06-08 13:00:00+05:30,39.4,21
2023-06-08 14:00:00+05:30,39.5,21
2023-06-08 15:00:00+05:30,38.9,21
2023-06-08 16:00:00+05:30,38.1,22
2023-06-08 17:00:00+05:30,37.2,23
2023-06-08 18:00:00+05:30,36.9,23
2023-06-08 19:00:00+05:30,34.6,26
2023-06-08 20:00:00+05:30,33.3,28
2023-06-08 21:00:00+05:30,31.3,33
2023-06-08 22:00:00+05:30,29.5,37
2023-06-08 23:00:00+05:30,28.7,39
2023-06-09 00:00:00+05:30,28.0,40
2023-06-09 01:00:00+05:30,27.9,41
2023-06-09 02:00:00+05:30,27.6,41
2023-06-09 03:00:00+05:30,27.0,43
2023-06-09 04:00:00+05:30,26.4,46
2023-06-09 05:00:00+05:30,25.9,49
2023-06-09 06:00:00+05:30,29.3,50
2023-06-09 07:00:00+05:30,31.4,45
2023-06-09 08:00:00+05:30,33.7,39
2023-06-09 09:00:00+05:30,36.0,33
2023-06-09 10:00:00+05:30,37.9,29
2023-06-09 11:00:00+05:30,39.3,26
2023-06-09 12:00:00+05:30,40.3,23
2023-06-09 13:00:00+05:30,41.2,21
2023-06-09 14:00:00+05:30,41.3,20
2023-06-09 15:00:00+05:30,41.4,20
2023-06-09 16:00:00+05:30,41.0,19
2023-06-09 17:00:00+05:30,40.1,20
2023-06-09 18:00:00+05:30,38.8,25
2023-06-09 19:00:00+05:30,36.8,30
2023-06-09 20:00:00+05:30,34.8,35
2023-06-09 21:00:00+05:30,34.0,37
2023-06-09 22:00:00+05:30,32.7,40
2023-06-09 23:00:00+05:30,32.0,42
2023-06-10 00:00:00+05:30,31.2,44
2023-06-10 01:00:00+05:30,30.3,46
2023-06-10 02:00:00+05:30,29.8,47
2023-06-10 03:00:00+05:30,29.3,48
2023-06-10 04:00:00+05:30,28.8,50
2023-06-10 05:00:00+05:30,30.4,49
2023-06-10 06:00:00+05:30,27.0,66
2023-06-10 07:00:00+05:30,30.5,52
2023-06-10 08:00:00+05:30,34.7,38
2023-06-10 09:00:00+05:30,37.0,33
2023-06-10 10:00:00+05:30,38.0,33
2023-06-10 11:00:00+05:30,39.6,29
2023-06-10 12:00:00+05:30,40.9,26
2023-06-10 13:00:00+05:30,41.4,24
2023-06-10 14:00:00+05:30,38.8,29
2023-06-10 15:00:00+05:30,39.2,27
2023-06-10 16:00:00+05:30,39.1,27
2023-06-10 17:00:00+05:30,38.6,25
2023-06-10 18:00:00+05:30,37.5,29
2023-06-10 19:00:00+05:30,36.2,31
2023-06-10 20:00:00+05:30,34.3,38
2023-06-10 21:00:00+05:30,32.8,45
2023-06-10 22:00:00+05:30,31.8,49
2023-06-10 23:00:00+05:30,31.0,53
2023-06-11 00:00:00+05:30,30.2,57
2023-06-11 01:00:00+05:30,29.6,60
2023-06-11 02:00:00+05:30,29.2,60
2023-06-11 03:00:00+05:30,28.9,60
2023-06-11 04:00:00+05:30,28.6,60
2023-06-11 05:00:00+05:30,28.1,66
2023-06-11 06:00:00+05:30,29.1,63
2023-06-11 07:00:00+05:30,30.6,59
2023-06-11 08:00:00+05:30,33.0,52
2023-06-11 09:00:00+05:30,35.2,43
2023-06-11 10:00:00+05:30,36.8,35
2023-06-11 11:00:00+05:30,37.9,33
2023-06-11 12:00:00+05:30,38.7,32
2023-06-11 13:00:00+05:30,39.3,31
2023-06-11 14:00:00+05:30,39.4,31
2023-06-11 15:00:00+05:30,39.4,31
2023-06-11 16:00:00+05:30,39.1,31
2023-06-11 17:00:00+05:30,37.2,33
2023-06-11 18:00:00+05:30,36.6,34
2023-06-11 19:00:00+05:30,35.4,36
2023-06-11 20:00:00+05:30,34.4,41
2023-06-11 21:00:00+05:30,33.6,45
2023-06-11 22:00:00+05:30,32.9,48
2023-06-11 23:00:00+05:30,32.2,51
2023-06-12 00:00:00+05:30,31.3,54
2023-06-12 01:00:00+05:30,30.6,57
2023-06-12 02:00:00+05:30,30.1,59
2023-06-12 03:00:00+05:30,29.6,61
2023-06-12 04:00:00+05:30,29.1,63
2023-06-12 05:00:00+05:30,29.0,65
2023-06-12 06:00:00+05:30,30.0,62
2023-06-12 07:00:00+05:30,31.7,57
2023-06-12 08:00:00+05:30,33.8,50
2023-06-12 09:00:00+05:30,35.8,44
2023-06-12 10:00:00+05:30,37.5,39
2023-06-12 11:00:00+05:30,38.7,35
2023-06-12 12:00:00+05:30,39.5,33
2023-06-12 13:00:00+05:30,40.6,29
2023-06-12 14:00:00+05:30,41.2,26
2023-06-12 15:00:00+05:30,41.0,26
2023-06-12 16:00:00+05:30,40.7,26
2023-06-12 17:00:00+05:30,37.7,34
2023-06-12 18:00:00+05:30,38.2,31
2023-06-12 19:00:00+05:30,36.7,35
2023-06-12 20:00:00+05:30,35.6,41
2023-06-12 21:00:00+05:30,34.7,45
2023-06-12 22:00:00+05:30,33.8,48
2023-06-12 23:00:00+05:30,33.1,50
2023-06-13 00:00:00+05:30,32.7,49
2023-06-13 01:00:00+05:30,32.1,49
2023-06-13 02:00:00+05:30,31.5,51
2023-06-13 03:00:00+05:30,30.9,53
2023-06-13 04:00:00+05:30,30.3,54
2023-06-13 05:00:00+05:30,30.8,62
2023-06-13 06:00:00+05:30,32.0,58
2023-06-13 07:00:00+05:30,33.8,51
2023-06-13 08:00:00+05:30,36.2,40
2023-06-13 09:00:00+05:30,37.9,32
2023-06-13 10:00:00+05:30,38.8,31
2023-06-13 11:00:00+05:30,40.2,29
2023-06-13 12:00:00+05:30,41.3,25
2023-06-13 13:00:00+05:30,41.7,23
2023-06-13 14:00:00+05:30,42.0,21
2023-06-13 15:00:00+05:30,41.9,19
2023-06-13 16:00:00+05:30,41.4,18
2023-06-13 17:00:00+05:30,41.1,19
2023-06-13 18:00:00+05:30,40.2,21
2023-06-13 19:00:00+05:30,38.2,26
2023-06-13 20:00:00+05:30,36.5,30
2023-06-13 21:00:00+05:30,35.3,32
2023-06-13 22:00:00+05:30,34.9,31
2023-06-13 23:00:00+05:30,34.5,32
2023-06-14 00:00:00+05:30,33.8,36
2023-06-14 01:00:00+05:30,33.3,39
2023-06-14 02:00:00+05:30,32.7,40
2023-06-14 03:00:00+05:30,31.7,41
2023-06-14 04:00:00+05:30,31.2,42
2023-06-14 05:00:00+05:30,30.8,49
2023-06-14 06:00:00+05:30,31.7,45
2023-06-14 07:00:00+05:30,33.3,41
2023-06-14 08:00:00+05:30,35.1,39
2023-06-14 09:00:00+05:30,36.8,39
2023-06-14 10:00:00+05:30,38.4,34
2023-06-14 11:00:00+05:30,39.8,29
2023-06-14 12:00:00+05:30,40.6,27
2023-06-14 13:00:00+05:30,41.2,24
2023-06-14 14:00:00+05:30,41.3,23
2023-06-14 15:00:00+05:30,40.5,25
2023-06-14 16:00:00+05:30,39.9,26
2023-06-14 17:00:00+05:30,39.1,28
2023-06-14 18:00:00+05:30,37.8,32
2023-06-14 19:00:00+05:30,37.6,31
2023-06-14 20:00:00+05:30,35.8,36
2023-06-14 21:00:00+05:30,34.9,40
2023-06-14 22:00:00+05:30,33.7,42
2023-06-14 23:00:00+05:30,32.9,45
2023-06-15 00:00:00+05:30,32.2,47
2023-06-15 01:00:00+05:30,31.7,49
2023-06-15 02:00:00+05:30,31.3,51
2023-06-15 03:00:00+05:30,31.3,49
2023-06-15 04:00:00+05:30,31.6,46
2023-06-15 05:00:00+05:30,31.2,53
2023-06-15 06:00:00+05:30,32.1,48
2023-06-15 07:00:00+05:30,33.7,42
2023-06-15 08:00:00+05:30,31.8,49
2023-06-15 09:00:00+05:30,33.4,46
2023-06-15 10:00:00+05:30,35.4,40
2023-06-15 11:00:00+05:30,36.6,37
2023-06-15 12:00:00+05:30,36.7,36
2023-06-15 13:00:00+05:30,37.3,35
2023-06-15 14:00:00+05:30,36.9,36
2023-06-15 15:00:00+05:30,37.6,35
2023-06-15 16:00:00+05:30,37.3,35
2023-06-15 17:00:00+05:30,34.0,51
2023-06-15 18:00:00+05:30,34.4,46
2023-06-15 19:00:00+05:30,33.4,47
2023-06-15 20:00:00+05:30,32.0,52
2023-06-15 21:00:00+05:30,31.4,55
2023-06-15 22:00:00+05:30,30.9,54
2023-06-15 23:00:00+05:30,30.6,52
2023-06-16 00:00:00+05:30,29.9,54
2023-06-16 01:00:00+05:30,29.4,56
2023-06-16 02:00:00+05:30,29.1,58
2023-06-16 03:00:00+05:30,28.6,60
2023-06-16 04:00:00+05:30,28.5,62
2023-06-16 05:00:00+05:30,27.6,66
2023-06-16 06:00:00+05:30,27.1,73
2023-06-16 07:00:00+05:30,29.0,67
2023-06-16 08:00:00+05:30,31.5,56
2023-06-16 09:00:00+05:30,33.8,46
2023-06-16 10:00:00+05:30,35.7,39
2023-06-16 11:00:00+05:30,37.0,35
2023-06-16 12:00:00+05:30,38.0,33
2023-06-16 13:00:00+05:30,38.7,31
2023-06-16 14:00:00+05:30,36.6,33
2023-06-16 15:00:00+05:30,32.0,55
2023-06-16 16:00:00+05:30,32.9,52
2023-06-16 17:00:00+05:30,36.0,39
2023-06-16 18:00:00+05:30,35.1,42
2023-06-16 19:00:00+05:30,33.8,47
2023-06-16 20:00:00+05:30,32.9,50
2023-06-16 21:00:00+05:30,32.4,53
2023-06-16 22:00:00+05:30,32.3,54
2023-06-16 23:00:00+05:30,31.8,56
2023-06-17 00:00:00+05:30,31.1,59
2023-06-17 01:00:00+05:30,30.5,60
2023-06-17 02:00:00+05:30,29.9,62
2023-06-17 03:00:00+05:30,29.6,63
2023-06-17 04:00:00+05:30,29.4,65
2023-06-17 05:00:00+05:30,27.0,79
2023-06-17 06:00:00+05:30,28.5,76
2023-06-17 07:00:00+05:30,29.6,69
2023-06-17 08:00:00+05:30,32.5,56
2023-06-17 09:00:00+05:30,34.9,45
2023-06-17 10:00:00+05:30,36.6,38
2023-06-17 11:00:00+05:30,38.0,34
2023-06-17 12:00:00+05:30,38.8,33
2023-06-17 13:00:00+05:30,39.2,32
2023-06-17 14:00:00+05:30,39.3,31
2023-06-17 15:00:00+05:30,40.2,29
2023-06-17 16:00:00+05:30,38.8,32
2023-06-17 17:00:00+05:30,33.8,51
2023-06-17 18:00:00+05:30,35.4,41
2023-06-17 19:00:00+05:30,34.3,45
2023-06-17 20:00:00+05:30,34.2,46
2023-06-17 21:00:00+05:30,31.9,60
2023-06-17 22:00:00+05:30,30.9,64
2023-06-17 23:00:00+05:30,30.2,66
2023-06-18 00:00:00+05:30,29.4,69
2023-06-18 01:00:00+05:30,29.2,70
2023-06-18 02:00:00+05:30,29.1,70
2023-06-18 03:00:00+05:30,28.9,71
2023-06-18 04:00:00+05:30,28.5,74
2023-06-18 05:00:00+05:30,28.5,85
2023-06-18 06:00:00+05:30,29.7,79
2023-06-18 07:00:00+05:30,29.0,78
2023-06-18 08:00:00+05:30,30.9,67
2023-06-18 09:00:00+05:30,32.5,60
2023-06-18 10:00:00+05:30,34.1,54
2023-06-18 11:00:00+05:30,35.7,49
2023-06-18 12:00:00+05:30,37.0,44
2023-06-18 13:00:00+05:30,37.9,40
2023-06-18 14:00:00+05:30,38.8,36
2023-06-18 15:00:00+05:30,39.0,34
2023-06-18 16:00:00+05:30,35.9,42
2023-06-18 17:00:00+05:30,31.9,58
2023-06-18 18:00:00+05:30,32.6,53
2023-06-18 19:00:00+05:30,32.3,55
2023-06-18 20:00:00+05:30,32.0,57
2023-06-18 21:00:00+05:30,31.5,59
2023-06-18 22:00:00+05:30,31.0,61
2023-06-18 23:00:00+05:30,30.5,61
2023-06-19 00:00:00+05:30,29.9,63
2023-06-19 01:00:00+05:30,29.2,65
2023-06-19 02:00:00+05:30,29.0,65
2023-06-19 03:00:00+05:30,28.7,67
2023-06-19 04:00:00+05:30,28.6,67
2023-06-19 05:00:00+05:30,28.9,73
2023-06-19 06:00:00+05:30,29.4,70
2023-06-19 07:00:00+05:30,28.1,85
2023-06-19 08:00:00+05:30,28.0,87
2023-06-19 09:00:00+05:30,27.9,88
2023-06-19 10:00:00+05:30,28.0,89
2023-06-19 11:00:00+05:30,27.8,88
2023-06-19 12:00:00+05:30,28.5,80
2023-06-19 13:00:00+05:30,29.4,76
2023-06-19 14:00:00+05:30,30.9,69
2023-06-19 15:00:00+05:30,32.7,59
2023-06-19 16:00:00+05:30,32.2,58
2023-06-19 17:00:00+05:30,32.4,61
2023-06-19 18:00:00+05:30,32.4,61
2023-06-19 19:00:00+05:30,31.9,63
2023-06-19 20:00:00+05:30,31.3,66
2023-06-19 21:00:00+05:30,30.9,68
2023-06-19 22:00:00+05:30,30.9,67
2023-06-19 23:00:00+05:30,30.7,65
2023-06-20 00:00:00+05:30,30.2,66
2023-06-20 01:00:00+05:30,29.4,67
2023-06-20 02:00:00+05:30,28.3,77
2023-06-20 03:00:00+05:30,28.0,85
2023-06-20 04:00:00+05:30,28.0,89
2023-06-20 05:00:00+05:30,27.2,83
2023-06-20 06:00:00+05:30,27.2,85
2023-06-20 07:00:00+05:30,27.8,83
2023-06-20 08:00:00+05:30,27.4,77
2023-06-20 09:00:00+05:30,29.9,67
2023-06-20 10:00:00+05:30,32.4,57
2023-06-20 11:00:00+05:30,33.6,54
2023-06-20 12:00:00+05:30,34.6,51
2023-06-20 13:00:00+05:30,35.7,47
2023-06-20 14:00:00+05:30,36.7,42
2023-06-20 15:00:00+05:30,37.0,41
2023-06-20 16:00:00+05:30,37.0,40
2023-06-20 17:00:00+05:30,34.6,50
2023-06-20 18:00:00+05:30,34.4,59
2023-06-20 19:00:00+05:30,32.0,62
2023-06-20 20:00:00+05:30,31.1,63
2023-06-20 21:00:00+05:30,29.9,69
2023-06-20 22:00:00+05:30,29.3,73
2023-06-20 23:00:00+05:30,28.9,74
2023-06-21 00:00:00+05:30,28.2,79
2023-06-21 01:00:00+05:30,28.2,78
2023-06-21 02:00:00+05:30,27.3,81
2023-06-21 03:00:00+05:30,27.1,82
2023-06-21 04:00:00+05:30,27.0,84
2023-06-21 05:00:00+05:30,28.2,81
2023-06-21 06:00:00+05:30,26.5,91
2023-06-21 07:00:00+05:30,26.0,91
2023-06-21 08:00:00+05:30,26.0,91
2023-06-21 09:00:00+05:30,26.6,89
2023-06-21 10:00:00+05:30,27.0,87
2023-06-21 11:00:00+05:30,28.0,82
2023-06-21 12:00:00+05:30,30.7,73
2023-06-21 13:00:00+05:30,32.0,69
2023-06-21 14:00:00+05:30,33.2,65
2023-06-21 15:00:00+05:30,33.7,63
2023-06-21 16:00:00+05:30,33.7,63
2023-06-21 17:00:00+05:30,35.5,53
2023-06-21 18:00:00+05:30,34.5,58
2023-06-21 19:00:00+05:30,31.1,72
2023-06-21 20:00:00+05:30,30.6,77
2023-06-21 21:00:00+05:30,30.2,79
2023-06-21 22:00:00+05:30,29.9,80
2023-06-21 23:00:00+05:30,29.9,81
2023-06-22 00:00:00+05:30,29.6,82
2023-06-22 01:00:00+05:30,29.4,81
2023-06-22 02:00:00+05:30,29.3,79
2023-06-22 03:00:00+05:30,29.0,77
2023-06-22 04:00:00+05:30,28.5,81
2023-06-22 05:00:00+05:30,28.9,89
2023-06-22 06:00:00+05:30,26.7,92
2023-06-22 07:00:00+05:30,27.0,91
2023-06-22 08:00:00+05:30,29.7,80
2023-06-22 09:00:00+05:30,31.1,74
2023-06-22 10:00:00+05:30,31.5,72
2023-06-22 11:00:00+05:30,31.2,73
2023-06-22 12:00:00+05:30,31.4,72
2023-06-22 13:00:00+05:30,32.2,69
2023-06-22 14:00:00+05:30,33.3,66
2023-06-22 15:00:00+05:30,34.3,63
2023-06-22 16:00:00+05:30,34.6,61
2023-06-22 17:00:00+05:30,36.0,55
2023-06-22 18:00:00+05:30,34.8,71
2023-06-22 19:00:00+05:30,33.8,68
2023-06-22 20:00:00+05:30,33.1,70
2023-06-22 21:00:00+05:30,31.6,78
2023-06-22 22:00:00+05:30,31.4,76
2023-06-22 23:00:00+05:30,30.9,76
2023-06-23 00:00:00+05:30,30.3,77
2023-06-23 01:00:00+05:30,29.8,77
2023-06-23 02:00:00+05:30,29.1,79
2023-06-23 03:00:00+05:30,26.6,93
2023-06-23 04:00:00+05:30,27.0,94
2023-06-23 05:00:00+05:30,26.6,93
2023-06-23 06:00:00+05:30,27.1,95
2023-06-23 07:00:00+05:30,27.7,92
2023-06-23 08:00:00+05:30,28.3,89
2023-06-23 09:00:00+05:30,29.3,82
2023-06-23 10:00:00+05:30,30.4,76
2023-06-23 11:00:00+05:30,32.3,69
2023-06-23 12:00:00+05:30,33.5,65
2023-06-23 13:00:00+05:30,34.3,62
2023-06-23 14:00:00+05:30,34.7,61
2023-06-23 15:00:00+05:30,35.0,60
2023-06-23 16:00:00+05:30,35.2,59
2023-06-23 17:00:00+05:30,33.8,66
2023-06-23 18:00:00+05:30,32.7,79
2023-06-23 19:00:00+05:30,32.5,74
2023-06-23 20:00:00+05:30,30.5,85
2023-06-23 21:00:00+05:30,30.3,85
2023-06-23 22:00:00+05:30,29.9,85
2023-06-23 23:00:00+05:30,30.2,83
2023-06-24 00:00:00+05:30,29.2,89
2023-06-24 01:00:00+05:30,28.8,91
2023-06-24 02:00:00+05:30,28.5,92
2023-06-24 03:00:00+05:30,28.2,92
2023-06-24 04:00:00+05:30,26.7,95
2023-06-24 05:00:00+05:30,28.5,87
2023-06-24 06:00:00+05:30,28.1,85
2023-06-24 07:00:00+05:30,28.4,85
2023-06-24 08:00:00+05:30,28.9,87
2023-06-24 09:00:00+05:30,28.9,82
2023-06-24 10:00:00+05:30,30.7,73
2023-06-24 11:00:00+05:30,32.0,69
2023-06-24 12:00:00+05:30,32.6,67
2023-06-24 13:00:00+05:30,33.4,65
2023-06-24 14:00:00+05:30,34.0,64
2023-06-24 15:00:00+05:30,34.2,63
2023-06-24 16:00:00+05:30,34.1,64
2023-06-24 17:00:00+05:30,34.0,61
2023-06-24 18:00:00+05:30,33.4,64
2023-06-24 19:00:00+05:30,32.2,71
2023-06-24 20:00:00+05:30,31.5,75
2023-06-24 21:00:00+05:30,30.8,79
2023-06-24 22:00:00+05:30,30.6,80
2023-06-24 23:00:00+05:30,29.6,82
2023-06-25 00:00:00+05:30,29.1,83
2023-06-25 01:00:00+05:30,28.6,87
2023-06-25 02:00:00+05:30,27.8,93
2023-06-25 03:00:00+05:30,26.5,96
2023-06-25 04:00:00+05:30,26.6,97
2023-06-25 05:00:00+05:30,26.5,93
2023-06-25 06:00:00+05:30,26.5,92
2023-06-25 07:00:00+05:30,26.4,94
2023-06-25 08:00:00+05:30,26.5,93
2023-06-25 09:00:00+05:30,27.3,88
2023-06-25 10:00:00+05:30,27.9,85
2023-06-25 11:00:00+05:30,29.3,78
2023-06-25 12:00:00+05:30,30.1,73
2023-06-25 13:00:00+05:30,30.7,71
2023-06-25 14:00:00+05:30,31.7,67
2023-06-25 15:00:00+05:30,32.5,63
2023-06-25 16:00:00+05:30,32.4,63
2023-06-25 17:00:00+05:30,28.3,84
2023-06-25 18:00:00+05:30,27.5,88
2023-06-25 19:00:00+05:30,26.5,94
2023-06-25 20:00:00+05:30,26.2,96
2023-06-25 21:00:00+05:30,26.1,97
2023-06-25 22:00:00+05:30,25.9,98
2023-06-25 23:00:00+05:30,26.0,97
2023-06-26 00:00:00+05:30,25.6,98
2023-06-26 01:00:00+05:30,25.7,99
2023-06-26 02:00:00+05:30,25.6,99
2023-06-26 03:00:00+05:30,25.2,97
2023-06-26 04:00:00+05:30,24.9,95
2023-06-26 05:00:00+05:30,25.3,96
2023-06-26 06:00:00+05:30,25.7,94
2023-06-26 07:00:00+05:30,26.0,92
2023-06-26 08:00:00+05:30,26.6,88
2023-06-26 09:00:00+05:30,28.6,77
2023-06-26 10:00:00+05:30,30.4,69
2023-06-26 11:00:00+05:30,31.4,65
2023-06-26 12:00:00+05:30,32.2,63
2023-06-26 13:00:00+05:30,32.6,62
2023-06-26 14:00:00+05:30,32.9,61
2023-06-26 15:00:00+05:30,32.7,60
2023-06-26 16:00:00+05:30,33.0,59
2023-06-26 17:00:00+05:30,27.5,89
2023-06-26 18:00:00+05:30,27.6,89
2023-06-26 19:00:00+05:30,27.0,92
2023-06-26 20:00:00+05:30,26.8,94
2023-06-26 21:00:00+05:30,26.7,93
2023-06-26 22:00:00+05:30,26.4,95
2023-06-26 23:00:00+05:30,26.1,95
2023-06-27 00:00:00+05:30,26.1,95
2023-06-27 01:00:00+05:30,25.8,96
2023-06-27 02:00:00+05:30,25.7,95
2023-06-27 03:00:00+05:30,25.4,96
2023-06-27 04:00:00+05:30,25.4,96
2023-06-27 05:00:00+05:30,25.9,95
2023-06-27 06:00:00+05:30,25.9,94
2023-06-27 07:00:00+05:30,26.6,92
2023-06-27 08:00:00+05:30,28.1,85
2023-06-27 09:00:00+05:30,29.7,78
2023-06-27 10:00:00+05:30,31.0,75
2023-06-27 11:00:00+05:30,32.0,72
2023-06-27 12:00:00+05:30,33.0,67
2023-06-27 13:00:00+05:30,33.6,62
2023-06-27 14:00:00+05:30,33.8,62
2023-06-27 15:00:00+05:30,33.5,62
2023-06-27 16:00:00+05:30,31.5,71
2023-06-27 17:00:00+05:30,28.7,83
2023-06-27 18:00:00+05:30,29.0,79
2023-06-27 19:00:00+05:30,28.2,81
2023-06-27 20:00:00+05:30,27.7,83
2023-06-27 21:00:00+05:30,27.5,85
2023-06-27 22:00:00+05:30,27.2,87
2023-06-27 23:00:00+05:30,27.1,89
2023-06-28 00:00:00+05:30,26.9,90
2023-06-28 01:00:00+05:30,26.8,91
2023-06-28 02:00:00+05:30,26.7,91
2023-06-28 03:00:00+05:30,26.6,91
2023-06-28 04:00:00+05:30,26.5,91
2023-06-28 05:00:00+05:30,26.4,90
2023-06-28 06:00:00+05:30,26.7,89
2023-06-28 07:00:00+05:30,25.9,91
2023-06-28 08:00:00+05:30,26.4,90
2023-06-28 09:00:00+05:30,28.3,84
2023-06-28 10:00:00+05:30,31.0,72
2023-06-28 11:00:00+05:30,32.1,69
2023-06-28 12:00:00+05:30,33.0,67
2023-06-28 13:00:00+05:30,33.5,65
2023-06-28 14:00:00+05:30,34.0,62
2023-06-28 15:00:00+05:30,34.0,60
2023-06-28 16:00:00+05:30,32.7,66
2023-06-28 17:00:00+05:30,29.4,83
2023-06-28 18:00:00+05:30,29.9,81
2023-06-28 19:00:00+05:30,29.3,84
2023-06-28 20:00:00+05:30,28.8,87
2023-06-28 21:00:00+05:30,28.4,88
2023-06-28 22:00:00+05:30,28.0,89
2023-06-28 23:00:00+05:30,27.6,90
2023-06-29 00:00:00+05:30,27.4,90
2023-06-29 01:00:00+05:30,27.3,90
2023-06-29 02:00:00+05:30,27.2,90
2023-06-29 03:00:00+05:30,27.1,90
2023-06-29 04:00:00+05:30,27.0,91
2023-06-29 05:00:00+05:30,26.9,92
2023-06-29 06:00:00+05:30,26.1,92
2023-06-29 07:00:00+05:30,26.5,93
2023-06-29 08:00:00+05:30,25.9,91
2023-06-29 09:00:00+05:30,26.5,88
2023-06-29 10:00:00+05:30,28.9,78
2023-06-29 11:00:00+05:30,29.7,75
2023-06-29 12:00:00+05:30,30.8,70
2023-06-29 13:00:00+05:30,32.3,63
2023-06-29 14:00:00+05:30,32.5,65
2023-06-29 15:00:00+05:30,32.2,66
2023-06-29 16:00:00+05:30,31.8,67
2023-06-29 17:00:00+05:30,31.1,72
2023-06-29 18:00:00+05:30,29.6,78
2023-06-29 19:00:00+05:30,28.7,81
2023-06-29 20:00:00+05:30,28.1,86
2023-06-29 21:00:00+05:30,27.8,88
2023-06-29 22:00:00+05:30,27.6,90
2023-06-29 23:00:00+05:30,27.3,92
2023-06-30 00:00:00+05:30,26.5,93
2023-06-30 01:00:00+05:30,26.4,94
2023-06-30 02:00:00+05:30,25.7,96
2023-06-30 03:00:00+05:30,25.3,95
2023-06-30 04:00:00+05:30,25.2,95
2023-06-30 05:00:00+05:30,26.8,90
2023-06-30 06:00:00+05:30,27.2,89
2023-06-30 07:00:00+05:30,27.7,87
2023-06-30 08:00:00+05:30,29.0,80
2023-06-30 09:00:00+05:30,30.2,73
2023-06-30 10:00:00+05:30,32.0,65
2023-06-30 11:00:00+05:30,32.9,61
2023-06-30 12:00:00+05:30,33.3,61
2023-06-30 13:00:00+05:30,33.5,60
2023-06-30 14:00:00+05:30,33.7,60
2023-06-30 15:00:00+05:30,33.8,59
2023-06-30 16:00:00+05:30,32.2,65
2023-06-30 17:00:00+05:30,28.8,80
2023-06-30 18:00:00+05:30,28.4,82
2023-06-30 19:00:00+05:30,27.9,84
2023-06-30 20:00:00+05:30,27.5,88
2023-06-30 21:00:00+05:30,27.2,91
2023-06-30 22:00:00+05:30,27.1,91
2023-06-30 23:00:00+05:30,27.0,89
2023-07-01 00:00:00+05:30,26.6,90
2023-07-01 01:00:00+05:30,26.3,90
2023-07-01 02:00:00+05:30,26.1,90
2023-07-01 03:00:00+05:30,25.8,91
2023-07-01 04:00:00+05:30,25.5,92
2023-07-01 05:00:00+05:30,23.8,95
2023-07-01 06:00:00+05:30,24.5,93
2023-07-01 07:00:00+05:30,26.7,86
2023-07-01 08:00:00+05:30,29.0,76
2023-07-01 09:00:00+05:30,30.7,68
2023-07-01 10:00:00+05:30,31.8,65
2023-07-01 11:00:00+05:30,32.6,63
2023-07-01 12:00:00+05:30,33.3,61
2023-07-01 13:00:00+05:30,33.5,60
2023-07-01 14:00:00+05:30,32.8,62
2023-07-01 15:00:00+05:30,32.9,61
2023-07-01 16:00:00+05:30,32.7,62
2023-07-01 17:00:00+05:30,30.7,73
2023-07-01 18:00:00+05:30,29.4,78
2023-07-01 19:00:00+05:30,28.3,84
2023-07-01 20:00:00+05:30,28.2,85
2023-07-01 21:00:00+05:30,27.9,86
2023-07-01 22:00:00+05:30,27.6,88
2023-07-01 23:00:00+05:30,27.3,90
2023-07-02 00:00:00+05:30,27.1,91
2023-07-02 01:00:00+05:30,26.9,92
2023-07-02 02:00:00+05:30,26.5,93
2023-07-02 03:00:00+05:30,26.1,95
2023-07-02 04:00:00+05:30,26.0,96
2023-07-02 05:00:00+05:30,26.5,93
2023-07-02 06:00:00+05:30,26.8,90
2023-07-02 07:00:00+05:30,27.9,85
2023-07-02 08:00:00+05:30,29.3,80
2023-07-02 09:00:00+05:30,30.6,74
2023-07-02 10:00:00+05:30,32.1,66
2023-07-02 11:00:00+05:30,33.1,61
2023-07-02 12:00:00+05:30,33.9,57
2023-07-02 13:00:00+05:30,34.3,55
2023-07-02 14:00:00+05:30,34.9,54
2023-07-02 15:00:00+05:30,35.3,52
2023-07-02 16:00:00+05:30,35.1,52
2023-07-02 17:00:00+05:30,34.2,57
2023-07-02 18:00:00+05:30,33.3,64
2023-07-02 19:00:00+05:30,31.6,71
2023-07-02 20:00:00+05:30,30.9,71
2023-07-02 21:00:00+05:30,30.1,73
2023-07-02 22:00:00+05:30,29.5,76
2023-07-02 23:00:00+05:30,28.9,79
2023-07-03 00:00:00+05:30,28.5,80
2023-07-03 01:00:00+05:30,28.2,82
2023-07-03 02:00:00+05:30,28.0,83
2023-07-03 03:00:00+05:30,27.7,83
2023-07-03 04:00:00+05:30,27.3,85
2023-07-03 05:00:00+05:30,27.5,88
2023-07-03 06:00:00+05:30,28.2,87
2023-07-03 07:00:00+05:30,29.7,82
2023-07-03 08:00:00+05:30,29.2,79
2023-07-03 09:00:00+05:30,31.0,73
2023-07-03 10:00:00+05:30,32.2,69
2023-07-03 11:00:00+05:30,33.5,65
2023-07-03 12:00:00+05:30,34.4,60
2023-07-03 13:00:00+05:30,35.0,57
2023-07-03 14:00:00+05:30,35.4,55
2023-07-03 15:00:00+05:30,35.8,53
2023-07-03 16:00:00+05:30,36.0,51
2023-07-03 17:00:00+05:30,36.3,51
2023-07-03 18:00:00+05:30,34.9,61
2023-07-03 19:00:00+05:30,29.2,84
2023-07-03 20:00:00+05:30,28.6,84
2023-07-03 21:00:00+05:30,28.2,85
2023-07-03 22:00:00+05:30,28.4,83
2023-07-03 23:00:00+05:30,28.2,84
2023-07-04 00:00:00+05:30,27.8,88
2023-07-04 01:00:00+05:30,27.3,86
2023-07-04 02:00:00+05:30,26.9,87
2023-07-04 03:00:00+05:30,26.5,90
2023-07-04 04:00:00+05:30,26.4,92
2023-07-04 05:00:00+05:30,28.5,84
2023-07-04 06:00:00+05:30,27.1,89
2023-07-04 07:00:00+05:30,27.2,84
2023-07-04 08:00:00+05:30,29.5,76
2023-07-04 09:00:00+05:30,31.8,67
2023-07-04 10:00:00+05:30,33.5,63
2023-07-04 11:00:00+05:30,34.7,59
2023-07-04 12:00:00+05:30,35.6,56
2023-07-04 13:00:00+05:30,36.2,54
2023-07-04 14:00:00+05:30,36.4,53
2023-07-04 15:00:00+05:30,36.1,53
2023-07-04 16:00:00+05:30,35.9,54
2023-07-04 17:00:00+05:30,32.5,65
2023-07-04 18:00:00+05:30,32.1,69
2023-07-04 19:00:00+05:30,30.7,77
2023-07-04 20:00:00+05:30,29.7,81
2023-07-04 21:00:00+05:30,28.9,83
2023-07-04 22:00:00+05:30,28.4,85
2023-07-04 23:00:00+05:30,28.1,85
2023-07-05 00:00:00+05:30,27.9,85
2023-07-05 01:00:00+05:30,27.8,86
2023-07-05 02:00:00+05:30,27.6,88
2023-07-05 03:00:00+05:30,27.5,90
2023-07-05 04:00:00+05:30,27.3,91
2023-07-05 05:00:00+05:30,26.9,91
2023-07-05 06:00:00+05:30,25.4,95
2023-07-05 07:00:00+05:30,25.4,97
2023-07-05 08:00:00+05:30,26.3,89
2023-07-05 09:00:00+05:30,28.0,83
2023-07-05 10:00:00+05:30,29.6,78
2023-07-05 11:00:00+05:30,31.3,71
2023-07-05 12:00:00+05:30,31.8,69
2023-07-05 13:00:00+05:30,32.7,65
2023-07-05 14:00:00+05:30,33.1,63
2023-07-05 15:00:00+05:30,33.5,61
2023-07-05 16:00:00+05:30,33.2,62
2023-07-05 17:00:00+05:30,29.8,81
2023-07-05 18:00:00+05:30,30.5,76
2023-07-05 19:00:00+05:30,29.8,78
2023-07-05 20:00:00+05:30,29.2,80
2023-07-05 21:00:00+05:30,28.8,81
2023-07-05 22:00:00+05:30,28.5,82
2023-07-05 23:00:00+05:30,28.1,83
2023-07-06 00:00:00+05:30,27.7,85
2023-07-06 01:00:00+05:30,27.3,87
2023-07-06 02:00:00+05:30,27.0,89
2023-07-06 03:00:00+05:30,26.6,91
2023-07-06 04:00:00+05:30,26.4,91
2023-07-06 05:00:00+05:30,25.8,94
2023-07-06 06:00:00+05:30,25.7,91
2023-07-06 07:00:00+05:30,26.5,86
2023-07-06 08:00:00+05:30,27.7,80
2023-07-06 09:00:00+05:30,29.3,75
2023-07-06 10:00:00+05:30,29.3,75
2023-07-06 11:00:00+05:30,30.8,69
2023-07-06 12:00:00+05:30,32.3,62
2023-07-06 13:00:00+05:30,32.9,59
2023-07-06 14:00:00+05:30,33.0,59
2023-07-06 15:00:00+05:30,33.3,58
2023-07-06 16:00:00+05:30,33.1,60
2023-07-06 17:00:00+05:30,29.6,74
2023-07-06 18:00:00+05:30,29.8,73
2023-07-06 19:00:00+05:30,29.3,74
2023-07-06 20:00:00+05:30,29.0,76
2023-07-06 21:00:00+05:30,28.6,78
2023-07-06 22:00:00+05:30,28.2,81
2023-07-06 23:00:00+05:30,28.2,81
2023-07-07 00:00:00+05:30,28.0,82
2023-07-07 01:00:00+05:30,27.7,84
2023-07-07 02:00:00+05:30,27.4,86
2023-07-07 03:00:00+05:30,26.5,90
2023-07-07 04:00:00+05:30,26.3,91
2023-07-07 05:00:00+05:30,25.9,91
2023-07-07 06:00:00+05:30,24.3,96
2023-07-07 07:00:00+05:30,25.4,93
2023-07-07 08:00:00+05:30,27.9,83
2023-07-07 09:00:00+05:30,29.0,80
2023-07-07 10:00:00+05:30,29.8,77
2023-07-07 11:00:00+05:30,30.8,73
2023-07-07 12:00:00+05:30,31.5,70
2023-07-07 13:00:00+05:30,32.0,68
2023-07-07 14:00:00+05:30,33.0,64
2023-07-07 15:00:00+05:30,32.9,62
2023-07-07 16:00:00+05:30,32.6,64
2023-07-07 17:00:00+05:30,29.6,81
2023-07-07 18:00:00+05:30,28.1,87
2023-07-07 19:00:00+05:30,27.9,88
2023-07-07 20:00:00+05:30,27.8,89
2023-07-07 21:00:00+05:30,27.6,91
2023-07-07 22:00:00+05:30,27.6,92
2023-07-07 23:00:00+05:30,27.7,92
2023-07-08 00:00:00+05:30,27.5,94
2023-07-08 01:00:00+05:30,27.2,94
2023-07-08 02:00:00+05:30,27.0,94
2023-07-08 03:00:00+05:30,26.3,94
2023-07-08 04:00:00+05:30,26.2,96
2023-07-08 05:00:00+05:30,26.1,96
2023-07-08 06:00:00+05:30,26.6,95
2023-07-08 07:00:00+05:30,27.2,94
2023-07-08 08:00:00+05:30,28.1,88
2023-07-08 09:00:00+05:30,28.9,83
2023-07-08 10:00:00+05:30,29.7,79
2023-07-08 11:00:00+05:30,27.4,86
2023-07-08 12:00:00+05:30,27.0,92
2023-07-08 13:00:00+05:30,27.9,90
2023-07-08 14:00:00+05:30,28.5,84
2023-07-08 15:00:00+05:30,30.1,79
2023-07-08 16:00:00+05:30,28.5,85
2023-07-08 17:00:00+05:30,26.7,93
2023-07-08 18:00:00+05:30,26.9,93
2023-07-08 19:00:00+05:30,26.7,94
2023-07-08 20:00:00+05:30,26.6,94
2023-07-08 21:00:00+05:30,26.3,93
2023-07-08 22:00:00+05:30,26.4,95
2023-07-08 23:00:00+05:30,26.1,97
2023-07-09 00:00:00+05:30,25.8,96
2023-07-09 01:00:00+05:30,25.7,96
2023-07-09 02:00:00+05:30,25.6,96
2023-07-09 03:00:00+05:30,25.5,97
2023-07-09 04:00:00+05:30,25.3,98
2023-07-09 05:00:00+05:30,26.1,94
2023-07-09 06:00:00+05:30,25.9,96
2023-07-09 07:00:00+05:30,25.6,96
2023-07-09 08:00:00+05:30,25.9,94
2023-07-09 09:00:00+05:30,25.7,96
2023-07-09 10:00:00+05:30,26.3,92
2023-07-09 11:00:00+05:30,26.8,89
2023-07-09 12:00:00+05:30,28.1,83
2023-07-09 13:00:00+05:30,28.9,81
2023-07-09 14:00:00+05:30,30.9,74
2023-07-09 15:00:00+05:30,31.0,74
2023-07-09 16:00:00+05:30,29.8,79
2023-07-09 17:00:00+05:30,28.3,88
2023-07-09 18:00:00+05:30,27.8,92
2023-07-09 19:00:00+05:30,27.4,95
2023-07-09 20:00:00+05:30,27.3,95
2023-07-09 21:00:00+05:30,27.2,95
2023-07-09 22:00:00+05:30,27.1,96
2023-07-09 23:00:00+05:30,27.0,96
2023-07-10 00:00:00+05:30,26.9,97
2023-07-10 01:00:00+05:30,26.6,98
2023-07-10 02:00:00+05:30,26.5,95
2023-07-10 03:00:00+05:30,26.4,97
2023-07-10 04:00:00+05:30,26.1,97
2023-07-10 05:00:00+05:30,26.5,94
2023-07-10 06:00:00+05:30,26.2,96
2023-07-10 07:00:00+05:30,26.4,96
2023-07-10 08:00:00+05:30,26.9,95
2023-07-10 09:00:00+05:30,27.8,89
2023-07-10 10:00:00+05:30,29.3,82
2023-07-10 11:00:00+05:30,31.1,74
2023-07-10 12:00:00+05:30,27.2,89
2023-07-10 13:00:00+05:30,30.6,79
2023-07-10 14:00:00+05:30,31.5,75
2023-07-10 15:00:00+05:30,31.0,76
2023-07-10 16:00:00+05:30,31.4,76
2023-07-10 17:00:00+05:30,27.9,90
2023-07-10 18:00:00+05:30,27.4,90
2023-07-10 19:00:00+05:30,26.9,93
2023-07-10 20:00:00+05:30,26.6,94
2023-07-10 21:00:00+05:30,26.2,96
2023-07-10 22:00:00+05:30,26.1,97
2023-07-10 23:00:00+05:30,26.0,98
2023-07-11 00:00:00+05:30,25.8,98
2023-07-11 01:00:00+05:30,26.2,96
2023-07-11 02:00:00+05:30,25.7,99
2023-07-11 03:00:00+05:30,25.5,99
2023-07-11 04:00:00+05:30,25.1,99
2023-07-11 05:00:00+05:30,25.6,97
2023-07-11 06:00:00+05:30,25.8,95
2023-07-11 07:00:00+05:30,26.1,94
2023-07-11 08:00:00+05:30,26.8,89
2023-07-11 09:00:00+05:30,28.4,82
2023-07-11 10:00:00+05:30,29.7,76
2023-07-11 11:00:00+05:30,30.8,72
2023-07-11 12:00:00+05:30,31.9,68
2023-07-11 13:00:00+05:30,32.6,63
2023-07-11 14:00:00+05:30,33.0,61
2023-07-11 15:00:00+05:30,33.3,60
2023-07-11 16:00:00+05:30,33.2,60
2023-07-11 17:00:00+05:30,29.4,85
2023-07-11 18:00:00+05:30,29.2,84
2023-07-11 19:00:00+05:30,28.6,87
2023-07-11 20:00:00+05:30,28.1,91
2023-07-11 21:00:00+05:30,27.6,93
2023-07-11 22:00:00+05:30,27.3,94
2023-07-11 23:00:00+05:30,27.1,95
2023-07-12 00:00:00+05:30,26.9,95
2023-07-12 01:00:00+05:30,26.6,97
2023-07-12 02:00:00+05:30,26.4,98
2023-07-12 03:00:00+05:30,26.2,99
2023-07-12 04:00:00+05:30,26.1,98
2023-07-12 05:00:00+05:30,25.2,97
2023-07-12 06:00:00+05:30,25.7,97
2023-07-12 07:00:00+05:30,26.7,93
2023-07-12 08:00:00+05:30,27.8,87
2023-07-12 09:00:00+05:30,29.9,77
2023-07-12 10:00:00+05:30,30.8,75
2023-07-12 11:00:00+05:30,31.5,74
2023-07-12 12:00:00+05:30,32.3,71
2023-07-12 13:00:00+05:30,32.9,68
2023-07-12 14:00:00+05:30,33.7,64
2023-07-12 15:00:00+05:30,32.2,69
2023-07-12 16:00:00+05:30,28.9,86
2023-07-12 17:00:00+05:30,30.5,81
2023-07-12 18:00:00+05:30,28.2,92
2023-07-12 19:00:00+05:30,28.0,92
2023-07-12 20:00:00+05:30,27.3,94
2023-07-12 21:00:00+05:30,27.1,95
2023-07-12 22:00:00+05:30,27.0,95
2023-07-12 23:00:00+05:30,26.8,95
2023-07-13 00:00:00+05:30,26.5,96
2023-07-13 01:00:00+05:30,26.3,97
2023-07-13 02:00:00+05:30,26.1,98
2023-07-13 03:00:00+05:30,26.0,98
2023-07-13 04:00:00+05:30,25.5,96
2023-07-13 05:00:00+05:30,26.3,93
2023-07-13 06:00:00+05:30,26.7,90
2023-07-13 07:00:00+05:30,27.6,88
2023-07-13 08:00:00+05:30,28.8,83
2023-07-13 09:00:00+05:30,29.8,79
2023-07-13 10:00:00+05:30,30.8,74
2023-07-13 11:00:00+05:30,32.0,70
2023-07-13 12:00:00+05:30,33.0,65
2023-07-13 13:00:00+05:30,33.2,64
2023-07-13 14:00:00+05:30,33.1,64
2023-07-13 15:00:00+05:30,33.4,64
2023-07-13 16:00:00+05:30,32.4,67
2023-07-13 17:00:00+05:30,30.7,75
2023-07-13 18:00:00+05:30,30.5,76
2023-07-13 19:00:00+05:30,29.2,82
2023-07-13 20:00:00+05:30,28.2,87
2023-07-13 21:00:00+05:30,27.6,90
2023-07-13 22:00:00+05:30,27.3,91
2023-07-13 23:00:00+05:30,27.0,92
2023-07-14 00:00:00+05:30,26.8,93
2023-07-14 01:00:00+05:30,26.6,94
2023-07-14 02:00:00+05:30,26.3,96
2023-07-14 03:00:00+05:30,26.1,96
2023-07-14 04:00:00+05:30,25.9,96
2023-07-14 05:00:00+05:30,25.5,94
2023-07-14 06:00:00+05:30,26.4,92
2023-07-14 07:00:00+05:30,27.3,89
2023-07-14 08:00:00+05:30,28.4,84
2023-07-14 09:00:00+05:30,29.5,79
2023-07-14 10:00:00+05:30,30.9,74
2023-07-14 11:00:00+05:30,31.8,70
2023-07-14 12:00:00+05:30,32.5,66
2023-07-14 13:00:00+05:30,33.1,64
2023-07-14 14:00:00+05:30,33.6,61
2023-07-14 15:00:00+05:30,33.7,61
2023-07-14 16:00:00+05:30,33.7,60
2023-07-14 17:00:00+05:30,27.9,92
2023-07-14 18:00:00+05:30,27.0,95
2023-07-14 19:00:00+05:30,26.2,95
2023-07-14 20:00:00+05:30,26.5,93
2023-07-14 21:00:00+05:30,26.6,93
2023-07-14 22:00:00+05:30,26.7,92
2023-07-14 23:00:00+05:30,26.5,92
2023-07-15 00:00:00+05:30,26.3,94
2023-07-15 01:00:00+05:30,26.2,95
2023-07-15 02:00:00+05:30,26.5,92
2023-07-15 03:00:00+05:30,26.1,96
2023-07-15 04:00:00+05:30,26.0,96
2023-07-15 05:00:00+05:30,26.8,97
2023-07-15 06:00:00+05:30,27.0,94
2023-07-15 07:00:00+05:30,27.6,90
2023-07-15 08:00:00+05:30,28.5,87
2023-07-15 09:00:00+05:30,29.9,81
2023-07-15 10:00:00+05:30,31.3,75
2023-07-15 11:00:00+05:30,32.5,70
2023-07-15 12:00:00+05:30,32.8,70
2023-07-15 13:00:00+05:30,33.3,67
2023-07-15 14:00:00+05:30,33.3,67
2023-07-15 15:00:00+05:30,32.9,69
2023-07-15 16:00:00+05:30,29.4,82
2023-07-15 17:00:00+05:30,28.2,89
2023-07-15 18:00:00+05:30,27.9,91
2023-07-15 19:00:00+05:30,27.5,94
2023-07-15 20:00:00+05:30,26.6,95
2023-07-15 21:00:00+05:30,26.6,97
2023-07-15 22:00:00+05:30,26.3,97
2023-07-15 23:00:00+05:30,26.2,96
2023-07-16 00:00:00+05:30,26.0,97
2023-07-16 01:00:00+05:30,25.7,97
2023-07-16 02:00:00+05:30,25.3,99
2023-07-16 03:00:00+05:30,25.2,97
2023-07-16 04:00:00+05:30,25.1,97
2023-07-16 05:00:00+05:30,25.7,98
2023-07-16 06:00:00+05:30,25.6,98
2023-07-16 07:00:00+05:30,25.5,99
2023-07-16 08:00:00+05:30,26.8,91
2023-07-16 09:00:00+05:30,27.4,88
2023-07-16 10:00:00+05:30,29.7,77
2023-07-16 11:00:00+05:30,31.0,72
2023-07-16 12:00:00+05:30,32.1,67
2023-07-16 13:00:00+05:30,32.6,66
2023-07-16 14:00:00+05:30,33.0,66
2023-07-16 15:00:00+05:30,33.1,65
2023-07-16 16:00:00+05:30,33.1,65
2023-07-16 17:00:00+05:30,30.4,80
2023-07-16 18:00:00+05:30,30.3,80
2023-07-16 19:00:00+05:30,29.2,86
2023-07-16 20:00:00+05:30,28.5,88
2023-07-16 21:00:00+05:30,27.9,91
2023-07-16 22:00:00+05:30,27.6,93
2023-07-16 23:00:00+05:30,27.4,95
2023-07-17 00:00:00+05:30,27.5,94
2023-07-17 01:00:00+05:30,27.7,93
2023-07-17 02:00:00+05:30,27.2,96
2023-07-17 03:00:00+05:30,26.8,98
2023-07-17 04:00:00+05:30,26.5,95
2023-07-17 05:00:00+05:30,27.3,99
2023-07-17 06:00:00+05:30,28.1,93
2023-07-17 07:00:00+05:30,29.0,88
2023-07-17 08:00:00+05:30,30.2,81
2023-07-17 09:00:00+05:30,31.1,75
2023-07-17 10:00:00+05:30,31.5,73
2023-07-17 11:00:00+05:30,28.3,88
2023-07-17 12:00:00+05:30,30.4,76
2023-07-17 13:00:00+05:30,32.1,70
2023-07-17 14:00:00+05:30,32.9,67
2023-07-17 15:00:00+05:30,33.1,66
2023-07-17 16:00:00+05:30,33.3,64
2023-07-17 17:00:00+05:30,30.4,83
2023-07-17 18:00:00+05:30,29.2,83
2023-07-17 19:00:00+05:30,28.8,86
2023-07-17 20:00:00+05:30,28.2,91
2023-07-17 21:00:00+05:30,27.7,93
2023-07-17 22:00:00+05:30,27.5,93
2023-07-17 23:00:00+05:30,27.4,93
2023-07-18 00:00:00+05:30,27.3,94
2023-07-18 01:00:00+05:30,27.2,95
2023-07-18 02:00:00+05:30,26.9,97
2023-07-18 03:00:00+05:30,26.2,97
2023-07-18 04:00:00+05:30,26.0,95
2023-07-18 05:00:00+05:30,25.8,93
2023-07-18 06:00:00+05:30,26.3,91
2023-07-18 07:00:00+05:30,27.1,90
2023-07-18 08:00:00+05:30,28.7,83
2023-07-18 09:00:00+05:30,29.2,81
2023-07-18 10:00:00+05:30,29.9,78
2023-07-18 11:00:00+05:30,31.3,72
2023-07-18 12:00:00+05:30,30.9,74
2023-07-18 13:00:00+05:30,32.0,70
2023-07-18 14:00:00+05:30,31.3,71
2023-07-18 15:00:00+05:30,30.5,76
2023-07-18 16:00:00+05:30,31.3,74
2023-07-18 17:00:00+05:30,28.0,87
2023-07-18 18:00:00+05:30,27.3,89
2023-07-18 19:00:00+05:30,27.0,92
2023-07-18 20:00:00+05:30,26.8,92
2023-07-18 21:00:00+05:30,26.8,93
2023-07-18 22:00:00+05:30,26.7,94
2023-07-18 23:00:00+05:30,26.8,95
2023-07-19 00:00:00+05:30,26.8,96
2023-07-19 01:00:00+05:30,26.7,97
2023-07-19 02:00:00+05:30,26.6,97
2023-07-19 03:00:00+05:30,26.4,97
2023-07-19 04:00:00+05:30,26.3,97
2023-07-19 05:00:00+05:30,27.2,97
2023-07-19 06:00:00+05:30,27.7,95
2023-07-19 07:00:00+05:30,28.4,93
2023-07-19 08:00:00+05:30,27.7,86
2023-07-19 09:00:00+05:30,28.3,84
2023-07-19 10:00:00+05:30,29.1,82
2023-07-19 11:00:00+05:30,30.6,79
2023-07-19 12:00:00+05:30,32.1,72
2023-07-19 13:00:00+05:30,32.6,68
2023-07-19 14:00:00+05:30,33.0,65
2023-07-19 15:00:00+05:30,32.8,67
2023-07-19 16:00:00+05:30,32.7,68
2023-07-19 17:00:00+05:30,31.4,77
2023-07-19 18:00:00+05:30,30.0,84
2023-07-19 19:00:00+05:30,28.6,90
2023-07-19 20:00:00+05:30,28.0,93
2023-07-19 21:00:00+05:30,27.7,94
2023-07-19 22:00:00+05:30,27.5,94
2023-07-19 23:00:00+05:30,27.2,95
2023-07-20 00:00:00+05:30,27.3,94
2023-07-20 01:00:00+05:30,27.1,95
2023-07-20 02:00:00+05:30,27.1,95
2023-07-20 03:00:00+05:30,27.2,93
2023-07-20 04:00:00+05:30,27.2,91
2023-07-20 05:00:00+05:30,28.5,84
2023-07-20 06:00:00+05:30,29.2,81
2023-07-20 07:00:00+05:30,29.6,80
2023-07-20 08:00:00+05:30,29.0,80
2023-07-20 09:00:00+05:30,31.0,75
2023-07-20 10:00:00+05:30,32.3,73
2023-07-20 11:00:00+05:30,33.3,67
2023-07-20 12:00:00+05:30,34.4,61
2023-07-20 13:00:00+05:30,35.1,57
2023-07-20 14:00:00+05:30,35.4,55
2023-07-20 15:00:00+05:30,35.4,55
2023-07-20 16:00:00+05:30,35.0,56
2023-07-20 17:00:00+05:30,33.1,70
2023-07-20 18:00:00+05:30,28.6,88
2023-07-20 19:00:00+05:30,27.9,91
2023-07-20 20:00:00+05:30,28.0,93
2023-07-20 21:00:00+05:30,27.8,93
2023-07-20 22:00:00+05:30,27.4,92
2023-07-20 23:00:00+05:30,27.5,92
2023-07-21 00:00:00+05:30,27.4,93
2023-07-21 01:00:00+05:30,27.5,91
2023-07-21 02:00:00+05:30,27.7,90
2023-07-21 03:00:00+05:30,27.8,89
2023-07-21 04:00:00+05:30,27.9,89
2023-07-21 05:00:00+05:30,26.7,91
2023-07-21 06:00:00+05:30,27.9,88
2023-07-21 07:00:00+05:30,29.0,85
2023-07-21 08:00:00+05:30,30.6,78
2023-07-21 09:00:00+05:30,32.3,73
2023-07-21 10:00:00+05:30,33.7,69
2023-07-21 11:00:00+05:30,34.7,62
2023-07-21 12:00:00+05:30,34.8,60
2023-07-21 13:00:00+05:30,35.1,59
2023-07-21 14:00:00+05:30,35.5,55
2023-07-21 15:00:00+05:30,35.5,55
2023-07-21 16:00:00+05:30,35.2,56
2023-07-21 17:00:00+05:30,33.9,62
2023-07-21 18:00:00+05:30,32.9,69
2023-07-21 19:00:00+05:30,29.0,84
2023-07-21 20:00:00+05:30,29.0,84
2023-07-21 21:00:00+05:30,29.7,84
2023-07-21 22:00:00+05:30,29.8,88
2023-07-21 23:00:00+05:30,29.5,86
2023-07-22 00:00:00+05:30,28.7,88
2023-07-22 01:00:00+05:30,28.5,86
2023-07-22 02:00:00+05:30,28.5,83
2023-07-22 03:00:00+05:30,28.5,83
2023-07-22 04:00:00+05:30,28.4,85
2023-07-22 05:00:00+05:30,27.7,87
2023-07-22 06:00:00+05:30,27.9,87
2023-07-22 07:00:00+05:30,29.0,90
2023-07-22 08:00:00+05:30,30.7,82
2023-07-22 09:00:00+05:30,32.1,74
2023-07-22 10:00:00+05:30,29.6,79
2023-07-22 11:00:00+05:30,29.5,82
2023-07-22 12:00:00+05:30,32.8,72
2023-07-22 13:00:00+05:30,33.8,66
2023-07-22 14:00:00+05:30,34.3,61
2023-07-22 15:00:00+05:30,33.9,62
2023-07-22 16:00:00+05:30,34.0,61
2023-07-22 17:00:00+05:30,34.4,60
2023-07-22 18:00:00+05:30,32.7,70
2023-07-22 19:00:00+05:30,31.8,74
2023-07-22 20:00:00+05:30,31.1,75
2023-07-22 21:00:00+05:30,30.7,73
2023-07-22 22:00:00+05:30,30.4,73
2023-07-22 23:00:00+05:30,29.9,74
2023-07-23 00:00:00+05:30,29.5,75
2023-07-23 01:00:00+05:30,29.2,76
2023-07-23 02:00:00+05:30,28.9,78
2023-07-23 03:00:00+05:30,28.6,79
2023-07-23 04:00:00+05:30,28.5,80
2023-07-23 05:00:00+05:30,29.2,77
2023-07-23 06:00:00+05:30,29.5,77
2023-07-23 07:00:00+05:30,30.2,76
2023-07-23 08:00:00+05:30,31.1,73
2023-07-23 09:00:00+05:30,31.6,71
2023-07-23 10:00:00+05:30,32.4,70
2023-07-23 11:00:00+05:30,33.5,66
2023-07-23 12:00:00+05:30,33.9,63
2023-07-23 13:00:00+05:30,34.1,63
2023-07-23 14:00:00+05:30,34.4,62
2023-07-23 15:00:00+05:30,33.9,64
2023-07-23 16:00:00+05:30,33.4,65
2023-07-23 17:00:00+05:30,32.3,69
2023-07-23 18:00:00+05:30,31.8,73
2023-07-23 19:00:00+05:30,30.9,78
2023-07-23 20:00:00+05:30,30.3,81
2023-07-23 21:00:00+05:30,30.1,81
2023-07-23 22:00:00+05:30,29.8,80
2023-07-23 23:00:00+05:30,29.6,80
2023-07-24 00:00:00+05:30,29.2,82
2023-07-24 01:00:00+05:30,28.8,83
2023-07-24 02:00:00+05:30,28.6,84
2023-07-24 03:00:00+05:30,28.3,85
2023-07-24 04:00:00+05:30,28.0,85
2023-07-24 05:00:00+05:30,27.5,89
2023-07-24 06:00:00+05:30,28.0,87
2023-07-24 07:00:00+05:30,28.7,84
2023-07-24 08:00:00+05:30,30.1,78
2023-07-24 09:00:00+05:30,31.3,74
2023-07-24 10:00:00+05:30,32.4,70
2023-07-24 11:00:00+05:30,33.2,67
2023-07-24 12:00:00+05:30,33.9,64
2023-07-24 13:00:00+05:30,33.8,65
2023-07-24 14:00:00+05:30,34.0,64
2023-07-24 15:00:00+05:30,34.3,63
2023-07-24 16:00:00+05:30,33.2,65
2023-07-24 17:00:00+05:30,30.3,80
2023-07-24 18:00:00+05:30,28.8,87
2023-07-24 19:00:00+05:30,28.1,88
2023-07-24 20:00:00+05:30,27.8,88
2023-07-24 21:00:00+05:30,27.9,89
2023-07-24 22:00:00+05:30,27.7,92
2023-07-24 23:00:00+05:30,27.7,93
2023-07-25 00:00:00+05:30,27.2,94
2023-07-25 01:00:00+05:30,26.7,94
2023-07-25 02:00:00+05:30,26.1,94
2023-07-25 03:00:00+05:30,26.0,92
2023-07-25 04:00:00+05:30,25.9,93
2023-07-25 05:00:00+05:30,26.6,92
2023-07-25 06:00:00+05:30,27.1,90
2023-07-25 07:00:00+05:30,27.5,88
2023-07-25 08:00:00+05:30,28.1,86
2023-07-25 09:00:00+05:30,29.6,81
2023-07-25 10:00:00+05:30,31.1,75
2023-07-25 11:00:00+05:30,32.1,73
2023-07-25 12:00:00+05:30,33.1,70
2023-07-25 13:00:00+05:30,33.7,67
2023-07-25 14:00:00+05:30,34.3,63
2023-07-25 15:00:00+05:30,34.6,62
2023-07-25 16:00:00+05:30,34.5,61
2023-07-25 17:00:00+05:30,31.3,73
2023-07-25 18:00:00+05:30,30.5,78
2023-07-25 19:00:00+05:30,29.8,81
2023-07-25 20:00:00+05:30,29.4,84
2023-07-25 21:00:00+05:30,29.2,85
2023-07-25 22:00:00+05:30,27.5,89
2023-07-25 23:00:00+05:30,26.3,94
2023-07-26 00:00:00+05:30,25.8,96
2023-07-26 01:00:00+05:30,25.8,96
2023-07-26 02:00:00+05:30,26.0,95
2023-07-26 03:00:00+05:30,26.2,95
2023-07-26 04:00:00+05:30,25.9,96
2023-07-26 05:00:00+05:30,26.4,97
2023-07-26 06:00:00+05:30,26.0,95
2023-07-26 07:00:00+05:30,25.5,98
2023-07-26 08:00:00+05:30,25.6,95
2023-07-26 09:00:00+05:30,26.0,94
2023-07-26 10:00:00+05:30,26.5,90
2023-07-26 11:00:00+05:30,27.7,83
2023-07-26 12:00:00+05:30,28.4,80
2023-07-26 13:00:00+05:30,29.2,77
2023-07-26 14:00:00+05:30,29.5,76
2023-07-26 15:00:00+05:30,29.7,75
2023-07-26 16:00:00+05:30,29.8,74
2023-07-26 17:00:00+05:30,27.6,88
2023-07-26 18:00:00+05:30,27.7,88
2023-07-26 19:00:00+05:30,27.5,89
2023-07-26 20:00:00+05:30,26.9,95
2023-07-26 21:00:00+05:30,26.7,96
2023-07-26 22:00:00+05:30,26.7,96
2023-07-26 23:00:00+05:30,26.4,97
2023-07-27 00:00:00+05:30,26.6,96
2023-07-27 01:00:00+05:30,26.4,97
2023-07-27 02:00:00+05:30,26.5,97
2023-07-27 03:00:00+05:30,26.4,98
2023-07-27 04:00:00+05:30,26.4,98
2023-07-27 05:00:00+05:30,27.1,96
2023-07-27 06:00:00+05:30,27.5,95
2023-07-27 07:00:00+05:30,28.4,90
2023-07-27 08:00:00+05:30,29.7,83
2023-07-27 09:00:00+05:30,28.0,85
2023-07-27 10:00:00+05:30,29.1,80
2023-07-27 11:00:00+05:30,29.6,80
2023-07-27 12:00:00+05:30,30.7,75
2023-07-27 13:00:00+05:30,31.4,73
2023-07-27 14:00:00+05:30,31.8,72
2023-07-27 15:00:00+05:30,31.8,71
2023-07-27 16:00:00+05:30,31.7,71
2023-07-27 17:00:00+05:30,30.1,77
2023-07-27 18:00:00+05:30,28.9,83
2023-07-27 19:00:00+05:30,28.7,86
2023-07-27 20:00:00+05:30,28.5,89
2023-07-27 21:00:00+05:30,28.2,91
2023-07-27 22:00:00+05:30,28.0,93
2023-07-27 23:00:00+05:30,27.8,94
2023-07-28 00:00:00+05:30,27.5,96
2023-07-28 01:00:00+05:30,27.2,96
2023-07-28 02:00:00+05:30,26.9,97
2023-07-28 03:00:00+05:30,27.0,95
2023-07-28 04:00:00+05:30,26.8,95
2023-07-28 05:00:00+05:30,26.7,95
2023-07-28 06:00:00+05:30,27.0,94
2023-07-28 07:00:00+05:30,27.2,91
2023-07-28 08:00:00+05:30,27.8,88
2023-07-28 09:00:00+05:30,29.0,82
2023-07-28 10:00:00+05:30,30.0,80
2023-07-28 11:00:00+05:30,31.1,76
2023-07-28 12:00:00+05:30,32.2,70
2023-07-28 13:00:00+05:30,32.9,66
2023-07-28 14:00:00+05:30,33.1,64
2023-07-28 15:00:00+05:30,30.4,74
2023-07-28 16:00:00+05:30,28.4,83
2023-07-28 17:00:00+05:30,27.4,88
2023-07-28 18:00:00+05:30,26.5,93
2023-07-28 19:00:00+05:30,26.5,93
2023-07-28 20:00:00+05:30,26.9,93
2023-07-28 21:00:00+05:30,26.7,94
2023-07-28 22:00:00+05:30,26.5,95
2023-07-28 23:00:00+05:30,26.2,95
2023-07-29 00:00:00+05:30,26.2,95
2023-07-29 01:00:00+05:30,25.6,97
2023-07-29 02:00:00+05:30,25.7,96
2023-07-29 03:00:00+05:30,25.6,96
2023-07-29 04:00:00+05:30,25.7,95
2023-07-29 05:00:00+05:30,25.1,94
2023-07-29 06:00:00+05:30,25.5,93
2023-07-29 07:00:00+05:30,26.3,89
2023-07-29 08:00:00+05:30,27.8,81
2023-07-29 09:00:00+05:30,29.3,76
2023-07-29 10:00:00+05:30,30.1,73
2023-07-29 11:00:00+05:30,31.1,71
2023-07-29 12:00:00+05:30,31.7,66
2023-07-29 13:00:00+05:30,31.6,66
2023-07-29 14:00:00+05:30,29.2,76
2023-07-29 15:00:00+05:30,29.4,77
2023-07-29 16:00:00+05:30,30.3,75
2023-07-29 17:00:00+05:30,28.8,79
2023-07-29 18:00:00+05:30,28.8,79
2023-07-29 19:00:00+05:30,27.9,88
2023-07-29 20:00:00+05:30,27.7,89
2023-07-29 21:00:00+05:30,27.3,92
2023-07-29 22:00:00+05:30,27.2,92
2023-07-29 23:00:00+05:30,26.8,93
2023-07-30 00:00:00+05:30,26.5,95
2023-07-30 01:00:00+05:30,26.3,96
2023-07-30 02:00:00+05:30,26.2,96
2023-07-30 03:00:00+05:30,26.1,95
2023-07-30 04:00:00+05:30,25.1,94
2023-07-30 05:00:00+05:30,25.6,95
2023-07-30 06:00:00+05:30,26.0,93
2023-07-30 07:00:00+05:30,26.6,90
2023-07-30 08:00:00+05:30,28.1,82
2023-07-30 09:00:00+05:30,29.1,79
2023-07-30 10:00:00+05:30,30.1,76
2023-07-30 11:00:00+05:30,31.2,70
2023-07-30 12:00:00+05:30,32.2,65
2023-07-30 13:00:00+05:30,32.8,63
2023-07-30 14:00:00+05:30,33.1,61
2023-07-30 15:00:00+05:30,33.5,59
2023-07-30 16:00:00+05:30,33.4,59
2023-07-30 17:00:00+05:30,32.2,66
2023-07-30 18:00:00+05:30,30.4,77
2023-07-30 19:00:00+05:30,29.3,86
2023-07-30 20:00:00+05:30,28.8,88
2023-07-30 21:00:00+05:30,28.5,88
2023-07-30 22:00:00+05:30,28.2,89
2023-07-30 23:00:00+05:30,28.1,88
2023-07-31 00:00:00+05:30,27.9,88
2023-07-31 01:00:00+05:30,27.6,88
2023-07-31 02:00:00+05:30,26.4,88
2023-07-31 03:00:00+05:30,26.0,90
2023-07-31 04:00:00+05:30,26.1,92
2023-07-31 05:00:00+05:30,25.9,93
2023-07-31 06:00:00+05:30,25.6,96
2023-07-31 07:00:00+05:30,26.6,91
2023-07-31 08:00:00+05:30,28.0,87
2023-07-31 09:00:00+05:30,29.8,80
2023-07-31 10:00:00+05:30,31.5,71
2023-07-31 11:00:00+05:30,32.5,67
2023-07-31 12:00:00+05:30,33.1,66
2023-07-31 13:00:00+05:30,33.6,65
2023-07-31 14:00:00+05:30,33.7,63
2023-07-31 15:00:00+05:30,33.8,61
2023-07-31 16:00:00+05:30,33.5,60
2023-07-31 17:00:00+05:30,33.4,62
2023-07-31 18:00:00+05:30,32.3,66
2023-07-31 19:00:00+05:30,30.9,71
2023-07-31 20:00:00+05:30,29.9,76
2023-07-31 21:00:00+05:30,29.1,78
2023-07-31 22:00:00+05:30,28.7,81
2023-07-31 23:00:00+05:30,28.5,83
2023-08-01 00:00:00+05:30,28.1,86
2023-08-01 01:00:00+05:30,27.8,86
2023-08-01 02:00:00+05:30,27.5,87
2023-08-01 03:00:00+05:30,27.2,88
2023-08-01 04:00:00+05:30,27.1,88
2023-08-01 05:00:00+05:30,27.5,84
2023-08-01 06:00:00+05:30,27.9,83
2023-08-01 07:00:00+05:30,28.5,81
2023-08-01 08:00:00+05:30,29.8,77
2023-08-01 09:00:00+05:30,31.0,74
2023-08-01 10:00:00+05:30,32.3,71
2023-08-01 11:00:00+05:30,33.3,66
2023-08-01 12:00:00+05:30,34.2,61
2023-08-01 13:00:00+05:30,34.5,59
2023-08-01 14:00:00+05:30,34.9,56
2023-08-01 15:00:00+05:30,34.8,55
2023-08-01 16:00:00+05:30,34.4,57
2023-08-01 17:00:00+05:30,33.8,61
2023-08-01 18:00:00+05:30,32.0,73
2023-08-01 19:00:00+05:30,30.4,76
2023-08-01 20:00:00+05:30,29.8,78
2023-08-01 21:00:00+05:30,29.4,80
2023-08-01 22:00:00+05:30,29.2,82
2023-08-01 23:00:00+05:30,29.3,82
2023-08-02 00:00:00+05:30,29.3,81
2023-08-02 01:00:00+05:30,29.0,77
2023-08-02 02:00:00+05:30,28.6,80
2023-08-02 03:00:00+05:30,28.4,84
2023-08-02 04:00:00+05:30,28.4,84
2023-08-02 05:00:00+05:30,27.8,86
2023-08-02 06:00:00+05:30,28.4,84
2023-08-02 07:00:00+05:30,29.2,83
2023-08-02 08:00:00+05:30,30.5,77
2023-08-02 09:00:00+05:30,31.5,74
2023-08-02 10:00:00+05:30,32.8,70
2023-08-02 11:00:00+05:30,33.8,66
2023-08-02 12:00:00+05:30,34.5,63
2023-08-02 13:00:00+05:30,34.9,61
2023-08-02 14:00:00+05:30,34.9,61
2023-08-02 15:00:00+05:30,33.6,63
2023-08-02 16:00:00+05:30,32.9,68
2023-08-02 17:00:00+05:30,29.0,83
2023-08-02 18:00:00+05:30,29.0,84
2023-08-02 19:00:00+05:30,28.2,87
2023-08-02 20:00:00+05:30,28.2,89
2023-08-02 21:00:00+05:30,27.8,92
2023-08-02 22:00:00+05:30,27.7,93
2023-08-02 23:00:00+05:30,27.6,93
2023-08-03 00:00:00+05:30,27.5,91
2023-08-03 01:00:00+05:30,27.2,93
2023-08-03 02:00:00+05:30,27.0,95
2023-08-03 03:00:00+05:30,27.0,93
2023-08-03 04:00:00+05:30,26.8,91
2023-08-03 05:00:00+05:30,26.6,90
2023-08-03 06:00:00+05:30,27.3,87
2023-08-03 07:00:00+05:30,28.3,85
2023-08-03 08:00:00+05:30,29.4,80
2023-08-03 09:00:00+05:30,30.5,74
2023-08-03 10:00:00+05:30,31.6,70
2023-08-03 11:00:00+05:30,32.5,68
2023-08-03 12:00:00+05:30,33.2,67
2023-08-03 13:00:00+05:30,33.9,64
2023-08-03 14:00:00+05:30,34.0,64
2023-08-03 15:00:00+05:30,33.9,63
2023-08-03 16:00:00+05:30,34.0,63
2023-08-03 17:00:00+05:30,31.4,76
2023-08-03 18:00:00+05:30,29.3,85
2023-08-03 19:00:00+05:30,28.3,89
2023-08-03 20:00:00+05:30,27.8,91
2023-08-03 21:00:00+05:30,27.8,92
2023-08-03 22:00:00+05:30,27.7,93
2023-08-03 23:00:00+05:30,26.9,95
2023-08-04 00:00:00+05:30,26.7,94
2023-08-04 01:00:00+05:30,26.8,95
2023-08-04 02:00:00+05:30,26.5,95
2023-08-04 03:00:00+05:30,26.1,97
2023-08-04 04:00:00+05:30,25.7,97
2023-08-04 05:00:00+05:30,27.9,93
2023-08-04 06:00:00+05:30,27.8,93
2023-08-04 07:00:00+05:30,27.6,93
2023-08-04 08:00:00+05:30,27.6,92
2023-08-04 09:00:00+05:30,28.5,90
2023-08-04 10:00:00+05:30,28.8,84
2023-08-04 11:00:00+05:30,29.7,81
2023-08-04 12:00:00+05:30,30.4,77
2023-08-04 13:00:00+05:30,31.0,77
2023-08-04 14:00:00+05:30,31.6,75
2023-08-04 15:00:00+05:30,31.9,74
2023-08-04 16:00:00+05:30,31.9,73
2023-08-04 17:00:00+05:30,31.0,76
2023-08-04 18:00:00+05:30,30.1,81
2023-08-04 19:00:00+05:30,26.7,96
2023-08-04 20:00:00+05:30,27.0,95
2023-08-04 21:00:00+05:30,27.1,94
2023-08-04 22:00:00+05:30,27.0,94
2023-08-04 23:00:00+05:30,27.1,95
2023-08-05 00:00:00+05:30,26.4,98
2023-08-05 01:00:00+05:30,26.4,99
2023-08-05 02:00:00+05:30,26.3,99
2023-08-05 03:00:00+05:30,26.4,98
2023-08-05 04:00:00+05:30,26.4,98
2023-08-05 05:00:00+05:30,27.2,93
2023-08-05 06:00:00+05:30,27.5,92
2023-08-05 07:00:00+05:30,27.9,90
2023-08-05 08:00:00+05:30,28.2,89
2023-08-05 09:00:00+05:30,28.7,88
2023-08-05 10:00:00+05:30,29.8,82
2023-08-05 11:00:00+05:30,31.1,77
2023-08-05 12:00:00+05:30,32.2,73
2023-08-05 13:00:00+05:30,33.2,69
2023-08-05 14:00:00+05:30,33.7,65
2023-08-05 15:00:00+05:30,33.7,65
2023-08-05 16:00:00+05:30,33.5,63
2023-08-05 17:00:00+05:30,32.2,72
2023-08-05 18:00:00+05:30,31.5,79
2023-08-05 19:00:00+05:30,30.0,87
2023-08-05 20:00:00+05:30,29.5,87
2023-08-05 21:00:00+05:30,29.0,91
2023-08-05 22:00:00+05:30,28.8,91
2023-08-05 23:00:00+05:30,28.7,89
2023-08-06 00:00:00+05:30,28.4,89
2023-08-06 01:00:00+05:30,28.0,90
2023-08-06 02:00:00+05:30,27.8,88
2023-08-06 03:00:00+05:30,27.8,84
2023-08-06 04:00:00+05:30,27.8,82
2023-08-06 05:00:00+05:30,28.2,81
2023-08-06 06:00:00+05:30,28.2,79
2023-08-06 07:00:00+05:30,28.8,77
2023-08-06 08:00:00+05:30,29.9,73
2023-08-06 09:00:00+05:30,31.0,70
2023-08-06 10:00:00+05:30,32.2,67
2023-08-06 11:00:00+05:30,33.4,63
2023-08-06 12:00:00+05:30,34.0,61
2023-08-06 13:00:00+05:30,34.5,59
2023-08-06 14:00:00+05:30,34.9,57
2023-08-06 15:00:00+05:30,34.8,57
2023-08-06 16:00:00+05:30,33.8,59
2023-08-06 17:00:00+05:30,32.0,69
2023-08-06 18:00:00+05:30,29.0,78
2023-08-06 19:00:00+05:30,26.4,89
2023-08-06 20:00:00+05:30,26.7,90
2023-08-06 21:00:00+05:30,26.8,92
2023-08-06 22:00:00+05:30,27.0,90
2023-08-06 23:00:00+05:30,27.5,85
2023-08-07 00:00:00+05:30,27.9,80
2023-08-07 01:00:00+05:30,27.4,79
2023-08-07 02:00:00+05:30,26.9,80
2023-08-07 03:00:00+05:30,27.0,79
2023-08-07 04:00:00+05:30,27.1,78
2023-08-07 05:00:00+05:30,27.4,75
2023-08-07 06:00:00+05:30,27.6,75
2023-08-07 07:00:00+05:30,28.3,75
2023-08-07 08:00:00+05:30,29.2,72
2023-08-07 09:00:00+05:30,30.3,70
2023-08-07 10:00:00+05:30,31.5,66
2023-08-07 11:00:00+05:30,32.5,63
2023-08-07 12:00:00+05:30,33.0,61
2023-08-07 13:00:00+05:30,33.3,60
2023-08-07 14:00:00+05:30,34.0,56
2023-08-07 15:00:00+05:30,34.2,54
2023-08-07 16:00:00+05:30,33.9,56
2023-08-07 17:00:00+05:30,32.4,62
2023-08-07 18:00:00+05:30,31.3,65
2023-08-07 19:00:00+05:30,30.3,68
2023-08-07 20:00:00+05:30,29.4,72
2023-08-07 21:00:00+05:30,29.1,71
2023-08-07 22:00:00+05:30,28.8,72
2023-08-07 23:00:00+05:30,28.5,73
2023-08-08 00:00:00+05:30,28.4,72
2023-08-08 01:00:00+05:30,28.1,71
2023-08-08 02:00:00+05:30,27.6,72
2023-08-08 03:00:00+05:30,27.1,74
2023-08-08 04:00:00+05:30,26.9,75
2023-08-08 05:00:00+05:30,27.5,74
2023-08-08 06:00:00+05:30,27.5,76
2023-08-08 07:00:00+05:30,28.2,76
2023-08-08 08:00:00+05:30,29.2,74
2023-08-08 09:00:00+05:30,30.3,71
2023-08-08 10:00:00+05:30,31.5,67
2023-08-08 11:00:00+05:30,32.6,63
2023-08-08 12:00:00+05:30,33.4,60
2023-08-08 13:00:00+05:30,33.9,57
2023-08-08 14:00:00+05:30,34.3,55
2023-08-08 15:00:00+05:30,34.3,55
2023-08-08 16:00:00+05:30,33.9,57
2023-08-08 17:00:00+05:30,32.6,63
2023-08-08 18:00:00+05:30,31.9,66
2023-08-08 19:00:00+05:30,31.0,68
2023-08-08 20:00:00+05:30,30.2,71
2023-08-08 21:00:00+05:30,30.1,70
2023-08-08 22:00:00+05:30,29.9,68
2023-08-08 23:00:00+05:30,29.4,67
2023-08-09 00:00:00+05:30,28.8,68
2023-08-09 01:00:00+05:30,28.4,70
2023-08-09 02:00:00+05:30,28.0,71
2023-08-09 03:00:00+05:30,27.7,72
2023-08-09 04:00:00+05:30,27.3,73
2023-08-09 05:00:00+05:30,27.8,74
2023-08-09 06:00:00+05:30,27.9,75
2023-08-09 07:00:00+05:30,28.5,75
2023-08-09 08:00:00+05:30,29.4,72
2023-08-09 09:00:00+05:30,30.6,70
2023-08-09 10:00:00+05:30,32.0,66
2023-08-09 11:00:00+05:30,33.3,60
2023-08-09 12:00:00+05:30,33.7,58
2023-08-09 13:00:00+05:30,34.1,56
2023-08-09 14:00:00+05:30,34.4,55
2023-08-09 15:00:00+05:30,34.5,54
2023-08-09 16:00:00+05:30,34.5,53
2023-08-09 17:00:00+05:30,33.5,59
2023-08-09 18:00:00+05:30,32.2,64
2023-08-09 19:00:00+05:30,31.0,70
2023-08-09 20:00:00+05:30,30.6,68
2023-08-09 21:00:00+05:30,30.5,68
2023-08-09 22:00:00+05:30,29.6,71
2023-08-09 23:00:00+05:30,29.1,70
2023-08-10 00:00:00+05:30,28.7,67
2023-08-10 01:00:00+05:30,28.4,69
2023-08-10 02:00:00+05:30,27.9,73
2023-08-10 03:00:00+05:30,27.7,75
2023-08-10 04:00:00+05:30,27.3,77
2023-08-10 05:00:00+05:30,28.1,76
2023-08-10 06:00:00+05:30,28.3,76
2023-08-10 07:00:00+05:30,29.0,74
2023-08-10 08:00:00+05:30,30.0,71
2023-08-10 09:00:00+05:30,31.2,67
2023-08-10 10:00:00+05:30,32.3,64
2023-08-10 11:00:00+05:30,33.3,58
2023-08-10 12:00:00+05:30,33.9,55
2023-08-10 13:00:00+05:30,34.2,53
2023-08-10 14:00:00+05:30,33.9,53
2023-08-10 15:00:00+05:30,34.0,53
2023-08-10 16:00:00+05:30,34.0,53
2023-08-10 17:00:00+05:30,32.3,65
2023-08-10 18:00:00+05:30,30.2,74
2023-08-10 19:00:00+05:30,29.0,77
2023-08-10 20:00:00+05:30,28.3,82
2023-08-10 21:00:00+05:30,27.8,82
2023-08-10 22:00:00+05:30,27.8,82
2023-08-10 23:00:00+05:30,27.9,82
2023-08-11 00:00:00+05:30,27.8,84
2023-08-11 01:00:00+05:30,27.5,86
2023-08-11 02:00:00+05:30,27.2,87
2023-08-11 03:00:00+05:30,27.2,85
2023-08-11 04:00:00+05:30,27.4,81
2023-08-11 05:00:00+05:30,27.9,74
2023-08-11 06:00:00+05:30,28.3,71
2023-08-11 07:00:00+05:30,29.1,69
2023-08-11 08:00:00+05:30,30.5,64
2023-08-11 09:00:00+05:30,31.8,62
2023-08-11 10:00:00+05:30,33.1,58
2023-08-11 11:00:00+05:30,34.1,53
2023-08-11 12:00:00+05:30,34.6,50
2023-08-11 13:00:00+05:30,34.9,49
2023-08-11 14:00:00+05:30,34.8,49
2023-08-11 15:00:00+05:30,34.6,50
2023-08-11 16:00:00+05:30,34.4,50
2023-08-11 17:00:00+05:30,32.1,76
2023-08-11 18:00:00+05:30,31.2,72
2023-08-11 19:00:00+05:30,30.1,72
2023-08-11 20:00:00+05:30,30.0,72
2023-08-11 21:00:00+05:30,29.8,73
2023-08-11 22:00:00+05:30,29.5,72
2023-08-11 23:00:00+05:30,29.3,72
2023-08-12 00:00:00+05:30,29.2,70
2023-08-12 01:00:00+05:30,29.0,68
2023-08-12 02:00:00+05:30,28.8,65
2023-08-12 03:00:00+05:30,28.7,63
2023-08-12 04:00:00+05:30,28.4,62
2023-08-12 05:00:00+05:30,28.5,60
2023-08-12 06:00:00+05:30,28.3,62
2023-08-12 07:00:00+05:30,29.0,64
2023-08-12 08:00:00+05:30,30.3,61
2023-08-12 09:00:00+05:30,31.7,59
2023-08-12 10:00:00+05:30,33.1,55
2023-08-12 11:00:00+05:30,34.1,51
2023-08-12 12:00:00+05:30,34.9,48
2023-08-12 13:00:00+05:30,35.5,46
2023-08-12 14:00:00+05:30,35.6,44
2023-08-12 15:00:00+05:30,35.7,43
2023-08-12 16:00:00+05:30,35.3,45
2023-08-12 17:00:00+05:30,33.7,52
2023-08-12 18:00:00+05:30,32.6,56
2023-08-12 19:00:00+05:30,31.8,54
2023-08-12 20:00:00+05:30,31.3,54
2023-08-12 21:00:00+05:30,30.8,56
2023-08-12 22:00:00+05:30,30.2,58
2023-08-12 23:00:00+05:30,30.0,59
2023-08-13 00:00:00+05:30,29.5,63
2023-08-13 01:00:00+05:30,29.2,64
2023-08-13 02:00:00+05:30,28.8,64
2023-08-13 03:00:00+05:30,28.3,66
2023-08-13 04:00:00+05:30,27.9,69
2023-08-13 05:00:00+05:30,27.8,70
2023-08-13 06:00:00+05:30,27.7,72
2023-08-13 07:00:00+05:30,28.6,71
2023-08-13 08:00:00+05:30,29.9,67
2023-08-13 09:00:00+05:30,31.4,63
2023-08-13 10:00:00+05:30,32.9,59
2023-08-13 11:00:00+05:30,34.1,54
2023-08-13 12:00:00+05:30,35.0,50
2023-08-13 13:00:00+05:30,35.4,48
2023-08-13 14:00:00+05:30,35.7,47
2023-08-13 15:00:00+05:30,35.7,46
2023-08-13 16:00:00+05:30,35.2,47
2023-08-13 17:00:00+05:30,32.4,61
2023-08-13 18:00:00+05:30,31.7,64
2023-08-13 19:00:00+05:30,30.9,66
2023-08-13 20:00:00+05:30,30.3,67
2023-08-13 21:00:00+05:30,30.0,65
2023-08-13 22:00:00+05:30,29.6,65
2023-08-13 23:00:00+05:30,29.4,65
2023-08-14 00:00:00+05:30,29.4,64
2023-08-14 01:00:00+05:30,28.8,66
2023-08-14 02:00:00+05:30,28.2,70
2023-08-14 03:00:00+05:30,27.5,73
2023-08-14 04:00:00+05:30,27.1,75
2023-08-14 05:00:00+05:30,26.7,77
2023-08-14 06:00:00+05:30,27.2,76
2023-08-14 07:00:00+05:30,28.0,75
2023-08-14 08:00:00+05:30,29.0,71
2023-08-14 09:00:00+05:30,29.8,66
2023-08-14 10:00:00+05:30,31.0,62
2023-08-14 11:00:00+05:30,32.4,57
2023-08-14 12:00:00+05:30,33.0,55
2023-08-14 13:00:00+05:30,33.1,54
2023-08-14 14:00:00+05:30,33.2,53
2023-08-14 15:00:00+05:30,33.4,52
2023-08-14 16:00:00+05:30,33.0,53
2023-08-14 17:00:00+05:30,30.5,67
2023-08-14 18:00:00+05:30,29.6,72
2023-08-14 19:00:00+05:30,28.6,78
2023-08-14 20:00:00+05:30,28.2,81
2023-08-14 21:00:00+05:30,27.9,83
2023-08-14 22:00:00+05:30,27.5,85
2023-08-14 23:00:00+05:30,27.2,86
2023-08-15 00:00:00+05:30,26.7,89
2023-08-15 01:00:00+05:30,26.5,90
2023-08-15 02:00:00+05:30,26.3,90
2023-08-15 03:00:00+05:30,26.0,92
2023-08-15 04:00:00+05:30,25.8,93
2023-08-15 05:00:00+05:30,26.2,94
2023-08-15 06:00:00+05:30,26.8,92
2023-08-15 07:00:00+05:30,27.6,88
2023-08-15 08:00:00+05:30,28.9,80
2023-08-15 09:00:00+05:30,30.6,71
2023-08-15 10:00:00+05:30,31.8,65
2023-08-15 11:00:00+05:30,32.9,62
2023-08-15 12:00:00+05:30,33.8,58
2023-08-15 13:00:00+05:30,34.1,56
2023-08-15 14:00:00+05:30,34.4,54
2023-08-15 15:00:00+05:30,34.7,53
2023-08-15 16:00:00+05:30,34.4,53
2023-08-15 17:00:00+05:30,31.8,65
2023-08-15 18:00:00+05:30,30.8,70
2023-08-15 19:00:00+05:30,29.8,76
2023-08-15 20:00:00+05:30,29.1,85
2023-08-15 21:00:00+05:30,28.5,87
2023-08-15 22:00:00+05:30,28.2,88
2023-08-15 23:00:00+05:30,27.6,90
2023-08-16 00:00:00+05:30,27.3,91
2023-08-16 01:00:00+05:30,26.9,92
2023-08-16 02:00:00+05:30,26.6,93
2023-08-16 03:00:00+05:30,26.5,91
2023-08-16 04:00:00+05:30,26.7,87
2023-08-16 05:00:00+05:30,25.7,89
2023-08-16 06:00:00+05:30,26.6,88
2023-08-16 07:00:00+05:30,28.0,82
2023-08-16 08:00:00+05:30,30.1,71
2023-08-16 09:00:00+05:30,32.2,63
2023-08-16 10:00:00+05:30,33.8,56
2023-08-16 11:00:00+05:30,34.7,52
2023-08-16 12:00:00+05:30,35.4,51
2023-08-16 13:00:00+05:30,36.0,49
2023-08-16 14:00:00+05:30,35.9,48
2023-08-16 15:00:00+05:30,35.9,47
2023-08-16 16:00:00+05:30,35.4,47
2023-08-16 17:00:00+05:30,34.3,51
2023-08-16 18:00:00+05:30,33.3,56
2023-08-16 19:00:00+05:30,32.0,60
2023-08-16 20:00:00+05:30,30.5,70
2023-08-16 21:00:00+05:30,29.9,73
2023-08-16 22:00:00+05:30,29.3,75
2023-08-16 23:00:00+05:30,28.8,77
2023-08-17 00:00:00+05:30,28.8,75
2023-08-17 01:00:00+05:30,28.3,77
2023-08-17 02:00:00+05:30,27.9,79
2023-08-17 03:00:00+05:30,27.8,79
2023-08-17 04:00:00+05:30,27.7,77
2023-08-17 05:00:00+05:30,28.5,71
2023-08-17 06:00:00+05:30,28.9,69
2023-08-17 07:00:00+05:30,30.0,65
2023-08-17 08:00:00+05:30,31.5,58
2023-08-17 09:00:00+05:30,33.3,53
2023-08-17 10:00:00+05:30,34.7,48
2023-08-17 11:00:00+05:30,35.4,45
2023-08-17 12:00:00+05:30,36.1,42
2023-08-17 13:00:00+05:30,36.3,41
2023-08-17 14:00:00+05:30,36.4,41
2023-08-17 15:00:00+05:30,36.4,41
2023-08-17 16:00:00+05:30,35.9,42
2023-08-17 17:00:00+05:30,34.7,49
2023-08-17 18:00:00+05:30,33.7,53
2023-08-17 19:00:00+05:30,31.9,64
2023-08-17 20:00:00+05:30,31.4,64
2023-08-17 21:00:00+05:30,30.7,68
2023-08-17 22:00:00+05:30,30.3,68
2023-08-17 23:00:00+05:30,30.1,67
2023-08-18 00:00:00+05:30,29.5,69
2023-08-18 01:00:00+05:30,28.9,72
2023-08-18 02:00:00+05:30,28.5,74
2023-08-18 03:00:00+05:30,28.6,71
2023-08-18 04:00:00+05:30,28.2,71
2023-08-18 05:00:00+05:30,28.2,66
2023-08-18 06:00:00+05:30,28.4,68
2023-08-18 07:00:00+05:30,29.5,65
2023-08-18 08:00:00+05:30,31.3,58
2023-08-18 09:00:00+05:30,32.9,54
2023-08-18 10:00:00+05:30,34.3,51
2023-08-18 11:00:00+05:30,35.4,47
2023-08-18 12:00:00+05:30,36.0,45
2023-08-18 13:00:00+05:30,36.0,45
2023-08-18 14:00:00+05:30,36.3,44
2023-08-18 15:00:00+05:30,36.4,44
2023-08-18 16:00:00+05:30,35.8,45
2023-08-18 17:00:00+05:30,33.8,60
2023-08-18 18:00:00+05:30,33.1,63
2023-08-18 19:00:00+05:30,30.8,72
2023-08-18 20:00:00+05:30,29.8,77
2023-08-18 21:00:00+05:30,29.4,79
2023-08-18 22:00:00+05:30,29.1,80
2023-08-18 23:00:00+05:30,28.8,82
2023-08-19 00:00:00+05:30,28.4,84
2023-08-19 01:00:00+05:30,28.1,86
2023-08-19 02:00:00+05:30,27.9,88
2023-08-19 03:00:00+05:30,27.7,89
2023-08-19 04:00:00+05:30,27.5,90
2023-08-19 05:00:00+05:30,27.9,88
2023-08-19 06:00:00+05:30,25.9,96
2023-08-19 07:00:00+05:30,26.6,92
2023-08-19 08:00:00+05:30,27.3,90
2023-08-19 09:00:00+05:30,29.4,83
2023-08-19 10:00:00+05:30,31.2,78
2023-08-19 11:00:00+05:30,32.6,72
2023-08-19 12:00:00+05:30,33.2,64
2023-08-19 13:00:00+05:30,32.1,69
2023-08-19 14:00:00+05:30,33.8,62
2023-08-19 15:00:00+05:30,34.2,61
2023-08-19 16:00:00+05:30,34.1,62
2023-08-19 17:00:00+05:30,33.9,56
2023-08-19 18:00:00+05:30,33.0,61
2023-08-19 19:00:00+05:30,31.9,67
2023-08-19 20:00:00+05:30,31.2,70
2023-08-19 21:00:00+05:30,30.8,72
2023-08-19 22:00:00+05:30,30.4,75
2023-08-19 23:00:00+05:30,30.0,77
2023-08-20 00:00:00+05:30,29.6,80
2023-08-20 01:00:00+05:30,29.2,81
2023-08-20 02:00:00+05:30,28.8,82
2023-08-20 03:00:00+05:30,28.5,82
2023-08-20 04:00:00+05:30,28.3,83
2023-08-20 05:00:00+05:30,27.8,89
2023-08-20 06:00:00+05:30,28.5,90
2023-08-20 07:00:00+05:30,29.7,84
2023-08-20 08:00:00+05:30,31.3,75
2023-08-20 09:00:00+05:30,33.0,65
2023-08-20 10:00:00+05:30,33.9,58
2023-08-20 11:00:00+05:30,34.9,53
2023-08-20 12:00:00+05:30,35.3,52
2023-08-20 13:00:00+05:30,35.7,50
2023-08-20 14:00:00+05:30,35.9,50
2023-08-20 15:00:00+05:30,36.0,50
2023-08-20 16:00:00+05:30,35.6,50
2023-08-20 17:00:00+05:30,34.6,54
2023-08-20 18:00:00+05:30,33.5,60
2023-08-20 19:00:00+05:30,32.4,65
2023-08-20 20:00:00+05:30,31.9,68
2023-08-20 21:00:00+05:30,31.2,72
2023-08-20 22:00:00+05:30,30.6,75
2023-08-20 23:00:00+05:30,30.0,78
2023-08-21 00:00:00+05:30,29.4,81
2023-08-21 01:00:00+05:30,29.0,83
2023-08-21 02:00:00+05:30,28.6,85
2023-08-21 03:00:00+05:30,28.4,87
2023-08-21 04:00:00+05:30,28.1,88
2023-08-21 05:00:00+05:30,28.4,89
2023-08-21 06:00:00+05:30,29.1,86
2023-08-21 07:00:00+05:30,30.3,80
2023-08-21 08:00:00+05:30,31.9,73
2023-08-21 09:00:00+05:30,33.6,65
2023-08-21 10:00:00+05:30,34.4,60
2023-08-21 11:00:00+05:30,33.1,64
2023-08-21 12:00:00+05:30,33.3,65
2023-08-21 13:00:00+05:30,34.8,60
2023-08-21 14:00:00+05:30,35.6,57
2023-08-21 15:00:00+05:30,36.1,54
2023-08-21 16:00:00+05:30,36.1,53
2023-08-21 17:00:00+05:30,35.5,54
2023-08-21 18:00:00+05:30,33.0,67
2023-08-21 19:00:00+05:30,31.2,74
2023-08-21 20:00:00+05:30,31.1,74
2023-08-21 21:00:00+05:30,30.8,73
2023-08-21 22:00:00+05:30,30.3,75
2023-08-21 23:00:00+05:30,30.1,75
2023-08-22 00:00:00+05:30,29.8,77
2023-08-22 01:00:00+05:30,29.5,79
2023-08-22 02:00:00+05:30,29.1,81
2023-08-22 03:00:00+05:30,28.2,89
2023-08-22 04:00:00+05:30,27.3,94
2023-08-22 05:00:00+05:30,29.2,87
2023-08-22 06:00:00+05:30,28.7,89
2023-08-22 07:00:00+05:30,28.9,90
2023-08-22 08:00:00+05:30,29.6,88
2023-08-22 09:00:00+05:30,31.2,80
2023-08-22 10:00:00+05:30,32.2,76
2023-08-22 11:00:00+05:30,33.2,72
2023-08-22 12:00:00+05:30,33.7,69
2023-08-22 13:00:00+05:30,34.4,67
2023-08-22 14:00:00+05:30,34.2,68
2023-08-22 15:00:00+05:30,34.6,67
2023-08-22 16:00:00+05:30,34.4,67
2023-08-22 17:00:00+05:30,29.2,83
2023-08-22 18:00:00+05:30,30.2,80
2023-08-22 19:00:00+05:30,29.4,83
2023-08-22 20:00:00+05:30,28.9,82
2023-08-22 21:00:00+05:30,28.6,83
2023-08-22 22:00:00+05:30,28.2,85
2023-08-22 23:00:00+05:30,27.3,93
2023-08-23 00:00:00+05:30,26.6,96
2023-08-23 01:00:00+05:30,26.7,96
2023-08-23 02:00:00+05:30,26.6,97
2023-08-23 03:00:00+05:30,26.5,98
2023-08-23 04:00:00+05:30,26.6,97
2023-08-23 05:00:00+05:30,28.2,87
2023-08-23 06:00:00+05:30,28.3,83
2023-08-23 07:00:00+05:30,28.0,83
2023-08-23 08:00:00+05:30,27.6,90
2023-08-23 09:00:00+05:30,27.6,92
2023-08-23 10:00:00+05:30,28.2,91
2023-08-23 11:00:00+05:30,28.8,88
2023-08-23 12:00:00+05:30,29.4,84
2023-08-23 13:00:00+05:30,28.9,86
2023-08-23 14:00:00+05:30,28.4,91
2023-08-23 15:00:00+05:30,28.0,91
2023-08-23 16:00:00+05:30,27.9,92
2023-08-23 17:00:00+05:30,27.9,87
2023-08-23 18:00:00+05:30,27.9,88
2023-08-23 19:00:00+05:30,27.2,95
2023-08-23 20:00:00+05:30,26.8,97
2023-08-23 21:00:00+05:30,26.1,98
2023-08-23 22:00:00+05:30,25.7,96
2023-08-23 23:00:00+05:30,25.0,97
2023-08-24 00:00:00+05:30,24.7,98
2023-08-24 01:00:00+05:30,24.7,96
2023-08-24 02:00:00+05:30,24.7,96
2023-08-24 03:00:00+05:30,24.8,96
2023-08-24 04:00:00+05:30,24.8,97
2023-08-24 05:00:00+05:30,26.8,80
2023-08-24 06:00:00+05:30,26.7,80
2023-08-24 07:00:00+05:30,27.9,76
2023-08-24 08:00:00+05:30,29.1,70
2023-08-24 09:00:00+05:30,30.4,66
2023-08-24 10:00:00+05:30,31.6,62
2023-08-24 11:00:00+05:30,32.5,59
2023-08-24 12:00:00+05:30,33.2,56
2023-08-24 13:00:00+05:30,33.5,55
2023-08-24 14:00:00+05:30,33.6,55
2023-08-24 15:00:00+05:30,33.8,54
2023-08-24 16:00:00+05:30,33.3,54
2023-08-24 17:00:00+05:30,31.8,61
2023-08-24 18:00:00+05:30,30.6,67
2023-08-24 19:00:00+05:30,29.5,71
2023-08-24 20:00:00+05:30,28.9,74
2023-08-24 21:00:00+05:30,28.5,75
2023-08-24 22:00:00+05:30,28.3,70
2023-08-24 23:00:00+05:30,27.7,69
2023-08-25 00:00:00+05:30,27.5,70
2023-08-25 01:00:00+05:30,26.9,71
2023-08-25 02:00:00+05:30,26.5,73
2023-08-25 03:00:00+05:30,26.1,75
2023-08-25 04:00:00+05:30,25.8,76
2023-08-25 05:00:00+05:30,26.9,74
2023-08-25 06:00:00+05:30,27.4,72
2023-08-25 07:00:00+05:30,28.5,71
2023-08-25 08:00:00+05:30,29.9,64
2023-08-25 09:00:00+05:30,30.9,62
2023-08-25 10:00:00+05:30,32.0,58
2023-08-25 11:00:00+05:30,33.2,55
2023-08-25 12:00:00+05:30,34.2,51
2023-08-25 13:00:00+05:30,34.1,50
2023-08-25 14:00:00+05:30,34.1,52
2023-08-25 15:00:00+05:30,34.6,49
2023-08-25 16:00:00+05:30,33.8,52
2023-08-25 17:00:00+05:30,33.2,56
2023-08-25 18:00:00+05:30,32.0,60
2023-08-25 19:00:00+05:30,30.7,64
2023-08-25 20:00:00+05:30,30.6,63
2023-08-25 21:00:00+05:30,30.1,65
2023-08-25 22:00:00+05:30,29.5,65
2023-08-25 23:00:00+05:30,29.0,64
2023-08-26 00:00:00+05:30,28.6,63
2023-08-26 01:00:00+05:30,28.2,64
2023-08-26 02:00:00+05:30,28.2,64
2023-08-26 03:00:00+05:30,28.2,65
2023-08-26 04:00:00+05:30,27.7,68
2023-08-26 05:00:00+05:30,27.5,69
2023-08-26 06:00:00+05:30,27.8,68
2023-08-26 07:00:00+05:30,28.8,67
2023-08-26 08:00:00+05:30,30.1,62
2023-08-26 09:00:00+05:30,31.5,58
2023-08-26 10:00:00+05:30,32.8,54
2023-08-26 11:00:00+05:30,33.7,50
2023-08-26 12:00:00+05:30,34.3,48
2023-08-26 13:00:00+05:30,34.5,46
2023-08-26 14:00:00+05:30,34.7,46
2023-08-26 15:00:00+05:30,34.6,46
2023-08-26 16:00:00+05:30,34.3,45
2023-08-26 17:00:00+05:30,33.1,53
2023-08-26 18:00:00+05:30,31.6,60
2023-08-26 19:00:00+05:30,30.5,63
2023-08-26 20:00:00+05:30,29.7,67
2023-08-26 21:00:00+05:30,29.0,70
2023-08-26 22:00:00+05:30,28.6,71
2023-08-26 23:00:00+05:30,28.6,67
2023-08-27 00:00:00+05:30,28.4,64
2023-08-27 01:00:00+05:30,28.3,62
2023-08-27 02:00:00+05:30,28.0,62
2023-08-27 03:00:00+05:30,27.6,63
2023-08-27 04:00:00+05:30,27.2,64
2023-08-27 05:00:00+05:30,27.4,63
2023-08-27 06:00:00+05:30,27.7,62
2023-08-27 07:00:00+05:30,28.6,61
2023-08-27 08:00:00+05:30,30.0,57
2023-08-27 09:00:00+05:30,31.5,53
2023-08-27 10:00:00+05:30,32.9,50
2023-08-27 11:00:00+05:30,34.1,46
2023-08-27 12:00:00+05:30,34.7,44
2023-08-27 13:00:00+05:30,34.9,43
2023-08-27 14:00:00+05:30,35.3,43
2023-08-27 15:00:00+05:30,35.4,42
2023-08-27 16:00:00+05:30,32.7,49
2023-08-27 17:00:00+05:30,32.7,50
2023-08-27 18:00:00+05:30,31.8,54
2023-08-27 19:00:00+05:30,30.3,60
2023-08-27 20:00:00+05:30,30.0,60
2023-08-27 21:00:00+05:30,29.9,57
2023-08-27 22:00:00+05:30,29.2,58
2023-08-27 23:00:00+05:30,28.4,62
2023-08-28 00:00:00+05:30,27.9,65
2023-08-28 01:00:00+05:30,27.6,66
2023-08-28 02:00:00+05:30,27.4,66
2023-08-28 03:00:00+05:30,27.3,63
2023-08-28 04:00:00+05:30,27.0,63
2023-08-28 05:00:00+05:30,28.0,61
2023-08-28 06:00:00+05:30,27.8,63
2023-08-28 07:00:00+05:30,28.6,63
2023-08-28 08:00:00+05:30,29.8,59
2023-08-28 09:00:00+05:30,31.3,55
2023-08-28 10:00:00+05:30,32.8,51
2023-08-28 11:00:00+05:30,34.2,47
2023-08-28 12:00:00+05:30,34.7,47
2023-08-28 13:00:00+05:30,33.7,52
2023-08-28 14:00:00+05:30,31.8,57
2023-08-28 15:00:00+05:30,32.1,56
2023-08-28 16:00:00+05:30,33.0,55
2023-08-28 17:00:00+05:30,32.5,54
2023-08-28 18:00:00+05:30,30.7,62
2023-08-28 19:00:00+05:30,29.3,70
2023-08-28 20:00:00+05:30,28.5,74
2023-08-28 21:00:00+05:30,27.7,76
2023-08-28 22:00:00+05:30,27.1,77
2023-08-28 23:00:00+05:30,26.7,76
2023-08-29 00:00:00+05:30,26.4,76
2023-08-29 01:00:00+05:30,26.0,77
2023-08-29 02:00:00+05:30,25.7,78
2023-08-29 03:00:00+05:30,25.9,76
2023-08-29 04:00:00+05:30,26.0,74
2023-08-29 05:00:00+05:30,26.8,75
2023-08-29 06:00:00+05:30,27.4,70
2023-08-29 07:00:00+05:30,28.7,65
2023-08-29 08:00:00+05:30,30.2,60
2023-08-29 09:00:00+05:30,31.8,56
2023-08-29 10:00:00+05:30,33.1,53
2023-08-29 11:00:00+05:30,34.3,48
2023-08-29 12:00:00+05:30,35.0,45
2023-08-29 13:00:00+05:30,35.4,43
2023-08-29 14:00:00+05:30,35.7,41
2023-08-29 15:00:00+05:30,35.8,41
2023-08-29 16:00:00+05:30,35.6,39
2023-08-29 17:00:00+05:30,34.7,42
2023-08-29 18:00:00+05:30,33.4,45
2023-08-29 19:00:00+05:30,32.2,48
2023-08-29 20:00:00+05:30,31.5,49
2023-08-29 21:00:00+05:30,30.3,58
2023-08-29 22:00:00+05:30,29.3,64
2023-08-29 23:00:00+05:30,28.5,68
2023-08-30 00:00:00+05:30,28.1,67
2023-08-30 01:00:00+05:30,27.6,67
2023-08-30 02:00:00+05:30,27.2,67
2023-08-30 03:00:00+05:30,26.9,68
2023-08-30 04:00:00+05:30,26.6,69
2023-08-30 05:00:00+05:30,27.3,71
2023-08-30 06:00:00+05:30,27.7,70
2023-08-30 07:00:00+05:30,29.0,67
2023-08-30 08:00:00+05:30,30.8,60
2023-08-30 09:00:00+05:30,32.4,57
2023-08-30 10:00:00+05:30,33.8,52
2023-08-30 11:00:00+05:30,34.9,47
2023-08-30 12:00:00+05:30,35.9,42
2023-08-30 13:00:00+05:30,36.5,39
2023-08-30 14:00:00+05:30,36.9,37
2023-08-30 15:00:00+05:30,36.8,35
2023-08-30 16:00:00+05:30,36.5,35
2023-08-30 17:00:00+05:30,34.3,41
2023-08-30 18:00:00+05:30,32.9,46
2023-08-30 19:00:00+05:30,31.4,52
2023-08-30 20:00:00+05:30,30.1,58
2023-08-30 21:00:00+05:30,29.0,64
2023-08-30 22:00:00+05:30,27.9,71
2023-08-30 23:00:00+05:30,27.3,74
2023-08-31 00:00:00+05:30,27.1,75
2023-08-31 01:00:00+05:30,26.4,79
2023-08-31 02:00:00+05:30,26.4,78
2023-08-31 03:00:00+05:30,26.1,78
2023-08-31 04:00:00+05:30,25.6,80
2023-08-31 05:00:00+05:30,26.4,80
2023-08-31 06:00:00+05:30,27.4,76
2023-08-31 07:00:00+05:30,29.2,70
2023-08-31 08:00:00+05:30,31.6,61
2023-08-31 09:00:00+05:30,33.5,52
2023-08-31 10:00:00+05:30,35.0,44
2023-08-31 11:00:00+05:30,35.5,41
2023-08-31 12:00:00+05:30,35.9,41
2023-08-31 13:00:00+05:30,36.5,40
2023-08-31 14:00:00+05:30,36.8,39
2023-08-31 15:00:00+05:30,36.8,39
2023-08-31 16:00:00+05:30,36.5,39
2023-08-31 17:00:00+05:30,34.8,44
2023-08-31 18:00:00+05:30,33.6,48
2023-08-31 19:00:00+05:30,32.1,54
2023-08-31 20:00:00+05:30,30.6,63
2023-08-31 21:00:00+05:30,30.1,65
2023-08-31 22:00:00+05:30,29.0,73
2023-08-31 23:00:00+05:30,28.5,76
2023-09-01 00:00:00+05:30,27.9,79
2023-09-01 01:00:00+05:30,27.7,79
2023-09-01 02:00:00+05:30,27.4,79
2023-09-01 03:00:00+05:30,27.3,78
2023-09-01 04:00:00+05:30,27.0,77
2023-09-01 05:00:00+05:30,27.9,75
2023-09-01 06:00:00+05:30,28.6,73
2023-09-01 07:00:00+05:30,29.8,69
2023-09-01 08:00:00+05:30,32.1,60
2023-09-01 09:00:00+05:30,34.2,52
2023-09-01 10:00:00+05:30,35.7,44
2023-09-01 11:00:00+05:30,36.6,39
2023-09-01 12:00:00+05:30,37.5,36
2023-09-01 13:00:00+05:30,38.1,34
2023-09-01 14:00:00+05:30,38.0,34
2023-09-01 15:00:00+05:30,37.7,34
2023-09-01 16:00:00+05:30,37.1,35
2023-09-01 17:00:00+05:30,35.9,37
2023-09-01 18:00:00+05:30,34.6,40
2023-09-01 19:00:00+05:30,33.2,44
2023-09-01 20:00:00+05:30,31.9,48
2023-09-01 21:00:00+05:30,30.9,50
2023-09-01 22:00:00+05:30,30.1,52
2023-09-01 23:00:00+05:30,29.3,54
2023-09-02 00:00:00+05:30,28.5,57
2023-09-02 01:00:00+05:30,28.0,59
2023-09-02 02:00:00+05:30,27.6,60
2023-09-02 03:00:00+05:30,27.4,60
2023-09-02 04:00:00+05:30,27.5,57
2023-09-02 05:00:00+05:30,27.9,60
2023-09-02 06:00:00+05:30,28.2,60
2023-09-02 07:00:00+05:30,29.6,58
2023-09-02 08:00:00+05:30,31.9,52
2023-09-02 09:00:00+05:30,34.3,47
2023-09-02 10:00:00+05:30,35.7,39
2023-09-02 11:00:00+05:30,36.7,35
2023-09-02 12:00:00+05:30,37.3,33
2023-09-02 13:00:00+05:30,37.6,33
2023-09-02 14:00:00+05:30,37.7,33
2023-09-02 15:00:00+05:30,37.6,32
2023-09-02 16:00:00+05:30,37.1,33
2023-09-02 17:00:00+05:30,35.7,40
2023-09-02 18:00:00+05:30,34.4,44
2023-09-02 19:00:00+05:30,32.8,50
2023-09-02 20:00:00+05:30,31.5,54
2023-09-02 21:00:00+05:30,30.2,62
2023-09-02 22:00:00+05:30,29.6,64
2023-09-02 23:00:00+05:30,29.3,64
2023-09-03 00:00:00+05:30,28.6,67
2023-09-03 01:00:00+05:30,28.0,69
2023-09-03 02:00:00+05:30,27.8,70
2023-09-03 03:00:00+05:30,27.4,70
2023-09-03 04:00:00+05:30,26.7,72
2023-09-03 05:00:00+05:30,26.6,73
2023-09-03 06:00:00+05:30,26.9,72
2023-09-03 07:00:00+05:30,28.3,69
2023-09-03 08:00:00+05:30,30.7,59
2023-09-03 09:00:00+05:30,33.0,47
2023-09-03 10:00:00+05:30,34.4,38
2023-09-03 11:00:00+05:30,35.6,34
2023-09-03 12:00:00+05:30,36.3,35
2023-09-03 13:00:00+05:30,36.9,34
2023-09-03 14:00:00+05:30,37.1,33
2023-09-03 15:00:00+05:30,37.1,32
2023-09-03 16:00:00+05:30,36.7,33
2023-09-03 17:00:00+05:30,35.5,36
2023-09-03 18:00:00+05:30,33.9,41
2023-09-03 19:00:00+05:30,32.6,45
2023-09-03 20:00:00+05:30,31.6,48
2023-09-03 21:00:00+05:30,30.2,54
2023-09-03 22:00:00+05:30,29.4,57
2023-09-03 23:00:00+05:30,28.9,59
2023-09-04 00:00:00+05:30,28.0,63
2023-09-04 01:00:00+05:30,27.4,65
2023-09-04 02:00:00+05:30,27.0,67
2023-09-04 03:00:00+05:30,26.5,68
2023-09-04 04:00:00+05:30,26.2,69
2023-09-04 05:00:00+05:30,26.0,71
2023-09-04 06:00:00+05:30,26.5,69
2023-09-04 07:00:00+05:30,28.1,65
2023-09-04 08:00:00+05:30,30.8,55
2023-09-04 09:00:00+05:30,33.1,46
2023-09-04 10:00:00+05:30,34.7,40
2023-09-04 11:00:00+05:30,36.1,36
2023-09-04 12:00:00+05:30,36.9,33
2023-09-04 13:00:00+05:30,37.4,32
2023-09-04 14:00:00+05:30,37.6,32
2023-09-04 15:00:00+05:30,37.3,32
2023-09-04 16:00:00+05:30,36.9,33
2023-09-04 17:00:00+05:30,35.4,37
2023-09-04 18:00:00+05:30,33.9,42
2023-09-04 19:00:00+05:30,32.5,48
2023-09-04 20:00:00+05:30,31.6,50
2023-09-04 21:00:00+05:30,30.5,55
2023-09-04 22:00:00+05:30,29.7,59
2023-09-04 23:00:00+05:30,28.5,69
2023-09-05 00:00:00+05:30,28.0,75
2023-09-05 01:00:00+05:30,27.6,79
2023-09-05 02:00:00+05:30,27.2,81
2023-09-05 03:00:00+05:30,27.0,82
2023-09-05 04:00:00+05:30,26.7,84
2023-09-05 05:00:00+05:30,27.3,82
2023-09-05 06:00:00+05:30,27.9,80
2023-09-05 07:00:00+05:30,29.2,75
2023-09-05 08:00:00+05:30,31.0,69
2023-09-05 09:00:00+05:30,32.6,65
2023-09-05 10:00:00+05:30,33.8,63
2023-09-05 11:00:00+05:30,34.1,62
2023-09-05 12:00:00+05:30,35.0,57
2023-09-05 13:00:00+05:30,35.5,53
2023-09-05 14:00:00+05:30,36.1,49
2023-09-05 15:00:00+05:30,31.4,64
2023-09-05 16:00:00+05:30,29.7,73
2023-09-05 17:00:00+05:30,34.0,50
2023-09-05 18:00:00+05:30,32.2,56
2023-09-05 19:00:00+05:30,31.1,61
2023-09-05 20:00:00+05:30,30.3,64
2023-09-05 21:00:00+05:30,29.7,67
2023-09-05 22:00:00+05:30,29.2,70
2023-09-05 23:00:00+05:30,28.7,73
2023-09-06 00:00:00+05:30,28.2,79
2023-09-06 01:00:00+05:30,27.7,79
2023-09-06 02:00:00+05:30,27.2,81
2023-09-06 03:00:00+05:30,27.1,82
2023-09-06 04:00:00+05:30,26.8,85
2023-09-06 05:00:00+05:30,24.6,91
2023-09-06 06:00:00+05:30,25.9,90
2023-09-06 07:00:00+05:30,26.1,91
2023-09-06 08:00:00+05:30,27.9,81
2023-09-06 09:00:00+05:30,30.6,68
2023-09-06 10:00:00+05:30,33.0,55
2023-09-06 11:00:00+05:30,34.7,46
2023-09-06 12:00:00+05:30,35.7,43
2023-09-06 13:00:00+05:30,36.4,42
2023-09-06 14:00:00+05:30,36.5,42
2023-09-06 15:00:00+05:30,36.0,43
2023-09-06 16:00:00+05:30,35.6,43
2023-09-06 17:00:00+05:30,35.7,41
2023-09-06 18:00:00+05:30,34.0,48
2023-09-06 19:00:00+05:30,32.9,54
2023-09-06 20:00:00+05:30,32.1,58
2023-09-06 21:00:00+05:30,31.2,61
2023-09-06 22:00:00+05:30,30.4,64
2023-09-06 23:00:00+05:30,29.9,67
2023-09-07 00:00:00+05:30,29.3,69
2023-09-07 01:00:00+05:30,28.9,70
2023-09-07 02:00:00+05:30,28.4,72
2023-09-07 03:00:00+05:30,27.9,74
2023-09-07 04:00:00+05:30,27.4,77
2023-09-07 05:00:00+05:30,27.3,80
2023-09-07 06:00:00+05:30,28.5,74
2023-09-07 07:00:00+05:30,30.3,67
2023-09-07 08:00:00+05:30,32.5,58
2023-09-07 09:00:00+05:30,34.4,49
2023-09-07 10:00:00+05:30,35.5,45
2023-09-07 11:00:00+05:30,36.6,40
2023-09-07 12:00:00+05:30,37.6,36
2023-09-07 13:00:00+05:30,38.1,34
2023-09-07 14:00:00+05:30,38.3,33
2023-09-07 15:00:00+05:30,37.9,33
2023-09-07 16:00:00+05:30,37.5,33
2023-09-07 17:00:00+05:30,31.7,60
2023-09-07 18:00:00+05:30,32.2,57
2023-09-07 19:00:00+05:30,31.6,62
2023-09-07 20:00:00+05:30,31.3,67
2023-09-07 21:00:00+05:30,30.3,73
2023-09-07 22:00:00+05:30,30.1,70
2023-09-07 23:00:00+05:30,29.4,69
2023-09-08 00:00:00+05:30,29.0,69
2023-09-08 01:00:00+05:30,28.9,70
2023-09-08 02:00:00+05:30,28.4,75
2023-09-08 03:00:00+05:30,28.0,78
2023-09-08 04:00:00+05:30,27.8,79
2023-09-08 05:00:00+05:30,25.8,87
2023-09-08 06:00:00+05:30,26.4,89
2023-09-08 07:00:00+05:30,27.5,84
2023-09-08 08:00:00+05:30,29.5,73
2023-09-08 09:00:00+05:30,31.8,60
2023-09-08 10:00:00+05:30,33.6,52
2023-09-08 11:00:00+05:30,34.8,47
2023-09-08 12:00:00+05:30,35.6,44
2023-09-08 13:00:00+05:30,36.4,42
2023-09-08 14:00:00+05:30,36.8,41
2023-09-08 15:00:00+05:30,32.3,58
2023-09-08 16:00:00+05:30,33.0,57
2023-09-08 17:00:00+05:30,32.2,58
2023-09-08 18:00:00+05:30,30.6,67
2023-09-08 19:00:00+05:30,29.5,74
2023-09-08 20:00:00+05:30,28.4,77
2023-09-08 21:00:00+05:30,28.0,80
2023-09-08 22:00:00+05:30,27.2,85
2023-09-08 23:00:00+05:30,26.6,90
2023-09-09 00:00:00+05:30,26.6,93
2023-09-09 01:00:00+05:30,26.6,92
2023-09-09 02:00:00+05:30,26.4,94
2023-09-09 03:00:00+05:30,26.4,93
2023-09-09 04:00:00+05:30,26.2,93
2023-09-09 05:00:00+05:30,25.5,92
2023-09-09 06:00:00+05:30,25.9,94
2023-09-09 07:00:00+05:30,26.7,90
2023-09-09 08:00:00+05:30,27.5,84
2023-09-09 09:00:00+05:30,27.5,82
2023-09-09 10:00:00+05:30,28.9,76
2023-09-09 11:00:00+05:30,29.8,70
2023-09-09 12:00:00+05:30,31.8,61
2023-09-09 13:00:00+05:30,32.3,57
2023-09-09 14:00:00+05:30,31.5,58
2023-09-09 15:00:00+05:30,30.6,63
2023-09-09 16:00:00+05:30,30.8,64
2023-09-09 17:00:00+05:30,26.7,87
2023-09-09 18:00:00+05:30,26.5,87
2023-09-09 19:00:00+05:30,26.3,85
2023-09-09 20:00:00+05:30,26.4,82
2023-09-09 21:00:00+05:30,26.1,82
2023-09-09 22:00:00+05:30,25.8,85
2023-09-09 23:00:00+05:30,25.7,89
2023-09-10 00:00:00+05:30,25.4,91
2023-09-10 01:00:00+05:30,25.0,96
2023-09-10 02:00:00+05:30,24.7,96
2023-09-10 03:00:00+05:30,24.9,95
2023-09-10 04:00:00+05:30,25.1,94
2023-09-10 05:00:00+05:30,24.6,95
2023-09-10 06:00:00+05:30,24.5,94
2023-09-10 07:00:00+05:30,24.6,94
2023-09-10 08:00:00+05:30,25.3,93
2023-09-10 09:00:00+05:30,25.8,90
2023-09-10 10:00:00+05:30,27.3,83
2023-09-10 11:00:00+05:30,28.2,79
2023-09-10 12:00:00+05:30,29.4,76
2023-09-10 13:00:00+05:30,29.1,75
2023-09-10 14:00:00+05:30,27.0,89
2023-09-10 15:00:00+05:30,28.0,82
2023-09-10 16:00:00+05:30,28.7,77
2023-09-10 17:00:00+05:30,27.7,82
2023-09-10 18:00:00+05:30,26.9,86
2023-09-10 19:00:00+05:30,26.3,89
2023-09-10 20:00:00+05:30,25.9,91
2023-09-10 21:00:00+05:30,25.5,93
2023-09-10 22:00:00+05:30,25.1,95
2023-09-10 23:00:00+05:30,24.9,96
2023-09-11 00:00:00+05:30,24.8,96
2023-09-11 01:00:00+05:30,24.8,95
2023-09-11 02:00:00+05:30,24.7,96
2023-09-11 03:00:00+05:30,24.4,97
2023-09-11 04:00:00+05:30,24.3,98
2023-09-11 05:00:00+05:30,24.1,90
2023-09-11 06:00:00+05:30,24.4,89
2023-09-11 07:00:00+05:30,25.2,87
2023-09-11 08:00:00+05:30,26.6,83
2023-09-11 09:00:00+05:30,28.4,77
2023-09-11 10:00:00+05:30,29.7,74
2023-09-11 11:00:00+05:30,30.9,67
2023-09-11 12:00:00+05:30,32.0,61
2023-09-11 13:00:00+05:30,32.2,60
2023-09-11 14:00:00+05:30,30.3,72
2023-09-11 15:00:00+05:30,30.8,70
2023-09-11 16:00:00+05:30,30.9,67
2023-09-11 17:00:00+05:30,30.7,67
2023-09-11 18:00:00+05:30,29.6,70
2023-09-11 19:00:00+05:30,28.4,76
2023-09-11 20:00:00+05:30,27.7,78
2023-09-11 21:00:00+05:30,26.8,82
2023-09-11 22:00:00+05:30,26.2,87
2023-09-11 23:00:00+05:30,26.0,89
2023-09-12 00:00:00+05:30,25.6,92
2023-09-12 01:00:00+05:30,25.2,94
2023-09-12 02:00:00+05:30,24.9,96
2023-09-12 03:00:00+05:30,24.6,98
2023-09-12 04:00:00+05:30,24.4,98
2023-09-12 05:00:00+05:30,25.0,97
2023-09-12 06:00:00+05:30,25.7,94
2023-09-12 07:00:00+05:30,26.8,90
2023-09-12 08:00:00+05:30,28.6,81
2023-09-12 09:00:00+05:30,30.2,71
2023-09-12 10:00:00+05:30,31.5,63
2023-09-12 11:00:00+05:30,32.3,59
2023-09-12 12:00:00+05:30,32.8,57
2023-09-12 13:00:00+05:30,33.1,56
2023-09-12 14:00:00+05:30,33.5,55
2023-09-12 15:00:00+05:30,33.5,55
2023-09-12 16:00:00+05:30,33.5,55
2023-09-12 17:00:00+05:30,30.5,76
2023-09-12 18:00:00+05:30,29.5,81
2023-09-12 19:00:00+05:30,28.6,86
2023-09-12 20:00:00+05:30,28.1,87
2023-09-12 21:00:00+05:30,27.8,88
2023-09-12 22:00:00+05:30,27.7,87
2023-09-12 23:00:00+05:30,27.7,85
2023-09-13 00:00:00+05:30,27.4,86
2023-09-13 01:00:00+05:30,27.0,87
2023-09-13 02:00:00+05:30,26.5,89
2023-09-13 03:00:00+05:30,26.4,89
2023-09-13 04:00:00+05:30,26.3,89
2023-09-13 05:00:00+05:30,27.1,92
2023-09-13 06:00:00+05:30,27.5,91
2023-09-13 07:00:00+05:30,28.1,88
2023-09-13 08:00:00+05:30,29.7,82
2023-09-13 09:00:00+05:30,30.6,79
2023-09-13 10:00:00+05:30,31.7,74
2023-09-13 11:00:00+05:30,32.3,70
2023-09-13 12:00:00+05:30,32.8,67
2023-09-13 13:00:00+05:30,33.4,64
2023-09-13 14:00:00+05:30,33.5,62
2023-09-13 15:00:00+05:30,33.4,62
2023-09-13 16:00:00+05:30,33.4,62
2023-09-13 17:00:00+05:30,33.8,64
2023-09-13 18:00:00+05:30,31.9,76
2023-09-13 19:00:00+05:30,29.8,80
2023-09-13 20:00:00+05:30,28.2,89
2023-09-13 21:00:00+05:30,28.1,91
2023-09-13 22:00:00+05:30,27.9,92
2023-09-13 23:00:00+05:30,27.9,90
2023-09-14 00:00:00+05:30,27.5,92
2023-09-14 01:00:00+05:30,27.3,93
2023-09-14 02:00:00+05:30,27.1,94
2023-09-14 03:00:00+05:30,27.1,93
2023-09-14 04:00:00+05:30,26.9,94
2023-09-14 05:00:00+05:30,26.4,89
2023-09-14 06:00:00+05:30,27.1,90
2023-09-14 07:00:00+05:30,28.0,88
2023-09-14 08:00:00+05:30,29.0,82
2023-09-14 09:00:00+05:30,31.0,73
2023-09-14 10:00:00+05:30,32.5,68
2023-09-14 11:00:00+05:30,33.1,66
2023-09-14 12:00:00+05:30,33.6,64
2023-09-14 13:00:00+05:30,34.3,60
2023-09-14 14:00:00+05:30,34.0,58
2023-09-14 15:00:00+05:30,32.4,65
2023-09-14 16:00:00+05:30,30.2,78
2023-09-14 17:00:00+05:30,29.4,83
2023-09-14 18:00:00+05:30,27.1,91
2023-09-14 19:00:00+05:30,27.7,91
2023-09-14 20:00:00+05:30,27.6,92
2023-09-14 21:00:00+05:30,27.4,91
2023-09-14 22:00:00+05:30,27.1,88
2023-09-14 23:00:00+05:30,26.8,89
2023-09-15 00:00:00+05:30,26.5,91
2023-09-15 01:00:00+05:30,26.2,94
2023-09-15 02:00:00+05:30,26.1,94
2023-09-15 03:00:00+05:30,25.7,98
2023-09-15 04:00:00+05:30,25.6,98
2023-09-15 05:00:00+05:30,26.8,96
2023-09-15 06:00:00+05:30,26.7,96
2023-09-15 07:00:00+05:30,26.4,96
2023-09-15 08:00:00+05:30,26.5,97
2023-09-15 09:00:00+05:30,27.3,92
2023-09-15 10:00:00+05:30,27.6,92
2023-09-15 11:00:00+05:30,28.2,89
2023-09-15 12:00:00+05:30,29.5,83
2023-09-15 13:00:00+05:30,30.8,78
2023-09-15 14:00:00+05:30,31.4,75
2023-09-15 15:00:00+05:30,32.1,71
2023-09-15 16:00:00+05:30,32.1,69
2023-09-15 17:00:00+05:30,31.4,76
2023-09-15 18:00:00+05:30,29.9,82
2023-09-15 19:00:00+05:30,29.1,85
2023-09-15 20:00:00+05:30,28.3,89
2023-09-15 21:00:00+05:30,27.9,90
2023-09-15 22:00:00+05:30,27.6,91
2023-09-15 23:00:00+05:30,27.4,92
2023-09-16 00:00:00+05:30,27.2,92
2023-09-16 01:00:00+05:30,27.0,93
2023-09-16 02:00:00+05:30,26.8,93
2023-09-16 03:00:00+05:30,26.6,93
2023-09-16 04:00:00+05:30,26.3,93
2023-09-16 05:00:00+05:30,27.0,89
2023-09-16 06:00:00+05:30,27.3,88
2023-09-16 07:00:00+05:30,28.2,85
2023-09-16 08:00:00+05:30,29.6,80
2023-09-16 09:00:00+05:30,31.0,72
2023-09-16 10:00:00+05:30,31.7,69
2023-09-16 11:00:00+05:30,31.3,68
2023-09-16 12:00:00+05:30,31.5,69
2023-09-16 13:00:00+05:30,31.2,69
2023-09-16 14:00:00+05:30,31.5,66
2023-09-16 15:00:00+05:30,30.4,71
2023-09-16 16:00:00+05:30,29.8,74
2023-09-16 17:00:00+05:30,27.0,92
2023-09-16 18:00:00+05:30,27.6,92
2023-09-16 19:00:00+05:30,27.5,92
2023-09-16 20:00:00+05:30,27.3,92
2023-09-16 21:00:00+05:30,27.1,92
2023-09-16 22:00:00+05:30,27.0,91
2023-09-16 23:00:00+05:30,26.8,92
2023-09-17 00:00:00+05:30,26.7,92
2023-09-17 01:00:00+05:30,26.4,93
2023-09-17 02:00:00+05:30,26.2,94
2023-09-17 03:00:00+05:30,26.1,94
2023-09-17 04:00:00+05:30,26.1,94
2023-09-17 05:00:00+05:30,24.9,95
2023-09-17 06:00:00+05:30,25.5,92
2023-09-17 07:00:00+05:30,26.3,90
2023-09-17 08:00:00+05:30,27.9,85
2023-09-17 09:00:00+05:30,28.8,83
2023-09-17 10:00:00+05:30,29.9,76
2023-09-17 11:00:00+05:30,31.2,71
2023-09-17 12:00:00+05:30,31.7,69
2023-09-17 13:00:00+05:30,29.3,77
2023-09-17 14:00:00+05:30,28.4,79
2023-09-17 15:00:00+05:30,28.2,82
2023-09-17 16:00:00+05:30,28.8,79
2023-09-17 17:00:00+05:30,27.2,89
2023-09-17 18:00:00+05:30,27.1,90
2023-09-17 19:00:00+05:30,26.1,91
2023-09-17 20:00:00+05:30,26.3,92
2023-09-17 21:00:00+05:30,26.5,92
2023-09-17 22:00:00+05:30,26.4,92
2023-09-17 23:00:00+05:30,26.2,92
2023-09-18 00:00:00+05:30,26.0,92
2023-09-18 01:00:00+05:30,25.6,92
2023-09-18 02:00:00+05:30,25.4,93
2023-09-18 03:00:00+05:30,25.1,93
2023-09-18 04:00:00+05:30,24.8,92
2023-09-18 05:00:00+05:30,25.3,92
2023-09-18 06:00:00+05:30,25.5,90
2023-09-18 07:00:00+05:30,26.4,87
2023-09-18 08:00:00+05:30,28.0,78
2023-09-18 09:00:00+05:30,29.3,70
2023-09-18 10:00:00+05:30,30.5,66
2023-09-18 11:00:00+05:30,31.1,63
2023-09-18 12:00:00+05:30,31.6,63
2023-09-18 13:00:00+05:30,31.8,64
2023-09-18 14:00:00+05:30,31.6,65
2023-09-18 15:00:00+05:30,31.7,63
2023-09-18 16:00:00+05:30,31.2,64
2023-09-18 17:00:00+05:30,30.1,71
2023-09-18 18:00:00+05:30,28.8,79
2023-09-18 19:00:00+05:30,27.9,84
2023-09-18 20:00:00+05:30,27.6,82
2023-09-18 21:00:00+05:30,26.1,90
2023-09-18 22:00:00+05:30,25.8,92
2023-09-18 23:00:00+05:30,25.4,93
2023-09-19 00:00:00+05:30,25.2,94
2023-09-19 01:00:00+05:30,24.9,94
2023-09-19 02:00:00+05:30,24.8,94
2023-09-19 03:00:00+05:30,24.8,94
2023-09-19 04:00:00+05:30,24.9,94
2023-09-19 05:00:00+05:30,25.5,92
2023-09-19 06:00:00+05:30,25.9,89
2023-09-19 07:00:00+05:30,26.8,89
2023-09-19 08:00:00+05:30,28.4,83
2023-09-19 09:00:00+05:30,30.0,76
2023-09-19 10:00:00+05:30,31.4,68
2023-09-19 11:00:00+05:30,32.3,61
2023-09-19 12:00:00+05:30,32.9,59
2023-09-19 13:00:00+05:30,33.1,58
2023-09-19 14:00:00+05:30,33.1,58
2023-09-19 15:00:00+05:30,32.8,59
2023-09-19 16:00:00+05:30,32.5,60
2023-09-19 17:00:00+05:30,31.0,70
2023-09-19 18:00:00+05:30,29.3,77
2023-09-19 19:00:00+05:30,28.2,83
2023-09-19 20:00:00+05:30,27.8,82
2023-09-19 21:00:00+05:30,27.6,80
2023-09-19 22:00:00+05:30,27.1,83
2023-09-19 23:00:00+05:30,26.5,89
2023-09-20 00:00:00+05:30,26.3,90
2023-09-20 01:00:00+05:30,26.2,91
2023-09-20 02:00:00+05:30,25.8,93
2023-09-20 03:00:00+05:30,25.6,94
2023-09-20 04:00:00+05:30,25.4,95
2023-09-20 05:00:00+05:30,27.1,87
2023-09-20 06:00:00+05:30,27.4,87
2023-09-20 07:00:00+05:30,28.4,84
2023-09-20 08:00:00+05:30,30.0,76
2023-09-20 09:00:00+05:30,31.4,68
2023-09-20 10:00:00+05:30,32.4,64
2023-09-20 11:00:00+05:30,32.7,62
2023-09-20 12:00:00+05:30,32.8,63
2023-09-20 13:00:00+05:30,33.1,62
2023-09-20 14:00:00+05:30,31.9,66
2023-09-20 15:00:00+05:30,32.0,65
2023-09-20 16:00:00+05:30,31.7,65
2023-09-20 17:00:00+05:30,31.8,71
2023-09-20 18:00:00+05:30,30.0,79
2023-09-20 19:00:00+05:30,29.8,79
2023-09-20 20:00:00+05:30,28.6,85
2023-09-20 21:00:00+05:30,28.6,80
2023-09-20 22:00:00+05:30,28.4,79
2023-09-20 23:00:00+05:30,27.9,81
2023-09-21 00:00:00+05:30,27.3,86
2023-09-21 01:00:00+05:30,26.8,90
2023-09-21 02:00:00+05:30,26.5,91
2023-09-21 03:00:00+05:30,26.1,93
2023-09-21 04:00:00+05:30,25.7,94
2023-09-21 05:00:00+05:30,26.4,95
2023-09-21 06:00:00+05:30,27.4,91
2023-09-21 07:00:00+05:30,28.3,88
2023-09-21 08:00:00+05:30,29.3,82
2023-09-21 09:00:00+05:30,30.1,76
2023-09-21 10:00:00+05:30,30.9,74
2023-09-21 11:00:00+05:30,32.1,71
2023-09-21 12:00:00+05:30,32.5,69
2023-09-21 13:00:00+05:30,32.8,67
2023-09-21 14:00:00+05:30,32.8,66
2023-09-21 15:00:00+05:30,33.1,61
2023-09-21 16:00:00+05:30,32.2,62
2023-09-21 17:00:00+05:30,30.9,75
2023-09-21 18:00:00+05:30,27.0,88
2023-09-21 19:00:00+05:30,26.4,90
2023-09-21 20:00:00+05:30,26.7,89
2023-09-21 21:00:00+05:30,26.7,91
2023-09-21 22:00:00+05:30,26.4,93
2023-09-21 23:00:00+05:30,26.4,92
2023-09-22 00:00:00+05:30,26.4,91
2023-09-22 01:00:00+05:30,26.0,93
2023-09-22 02:00:00+05:30,26.0,93
2023-09-22 03:00:00+05:30,25.4,96
2023-09-22 04:00:00+05:30,25.2,97
2023-09-22 05:00:00+05:30,26.4,93
2023-09-22 06:00:00+05:30,27.0,90
2023-09-22 07:00:00+05:30,27.8,88
2023-09-22 08:00:00+05:30,29.0,86
2023-09-22 09:00:00+05:30,30.5,80
2023-09-22 10:00:00+05:30,31.5,76
2023-09-22 11:00:00+05:30,32.2,70
2023-09-22 12:00:00+05:30,32.8,66
2023-09-22 13:00:00+05:30,32.9,65
2023-09-22 14:00:00+05:30,32.6,67
2023-09-22 15:00:00+05:30,32.3,68
2023-09-22 16:00:00+05:30,30.5,73
2023-09-22 17:00:00+05:30,32.5,66
2023-09-22 18:00:00+05:30,30.2,77
2023-09-22 19:00:00+05:30,29.1,81
2023-09-22 20:00:00+05:30,28.1,86
2023-09-22 21:00:00+05:30,28.0,85
2023-09-22 22:00:00+05:30,27.6,86
2023-09-22 23:00:00+05:30,27.1,88
2023-09-23 00:00:00+05:30,26.7,92
2023-09-23 01:00:00+05:30,26.3,95
2023-09-23 02:00:00+05:30,26.0,97
2023-09-23 03:00:00+05:30,25.8,97
2023-09-23 04:00:00+05:30,25.6,97
2023-09-23 05:00:00+05:30,25.7,99
2023-09-23 06:00:00+05:30,25.8,94
2023-09-23 07:00:00+05:30,26.7,89
2023-09-23 08:00:00+05:30,27.6,87
2023-09-23 09:00:00+05:30,29.3,79
2023-09-23 10:00:00+05:30,30.8,71
2023-09-23 11:00:00+05:30,31.7,69
2023-09-23 12:00:00+05:30,32.1,68
2023-09-23 13:00:00+05:30,32.5,66
2023-09-23 14:00:00+05:30,32.4,64
2023-09-23 15:00:00+05:30,31.5,63
2023-09-23 16:00:00+05:30,30.8,71
2023-09-23 17:00:00+05:30,30.6,70
2023-09-23 18:00:00+05:30,28.6,84
2023-09-23 19:00:00+05:30,27.7,88
2023-09-23 20:00:00+05:30,27.5,87
2023-09-23 21:00:00+05:30,27.0,89
2023-09-23 22:00:00+05:30,26.6,90
2023-09-23 23:00:00+05:30,26.2,92
2023-09-24 00:00:00+05:30,25.9,94
2023-09-24 01:00:00+05:30,25.6,95
2023-09-24 02:00:00+05:30,25.4,96
2023-09-24 03:00:00+05:30,25.2,96
2023-09-24 04:00:00+05:30,25.1,97
2023-09-24 05:00:00+05:30,25.3,97
2023-09-24 06:00:00+05:30,25.5,97
2023-09-24 07:00:00+05:30,26.5,93
2023-09-24 08:00:00+05:30,26.2,88
2023-09-24 09:00:00+05:30,26.0,87
2023-09-24 10:00:00+05:30,28.6,77
2023-09-24 11:00:00+05:30,30.6,69
2023-09-24 12:00:00+05:30,31.7,62
2023-09-24 13:00:00+05:30,32.4,59
2023-09-24 14:00:00+05:30,32.7,57
2023-09-24 15:00:00+05:30,32.7,56
2023-09-24 16:00:00+05:30,32.3,57
2023-09-24 17:00:00+05:30,29.7,67
2023-09-24 18:00:00+05:30,28.5,74
2023-09-24 19:00:00+05:30,27.8,77
2023-09-24 20:00:00+05:30,26.9,82
2023-09-24 21:00:00+05:30,26.2,87
2023-09-24 22:00:00+05:30,25.8,89
2023-09-24 23:00:00+05:30,25.8,90
2023-09-25 00:00:00+05:30,26.2,86
2023-09-25 01:00:00+05:30,25.5,91
2023-09-25 02:00:00+05:30,25.0,93
2023-09-25 03:00:00+05:30,24.6,95
2023-09-25 04:00:00+05:30,24.7,93
2023-09-25 05:00:00+05:30,24.7,95
2023-09-25 06:00:00+05:30,25.2,91
2023-09-25 07:00:00+05:30,26.3,87
2023-09-25 08:00:00+05:30,28.0,82
2023-09-25 09:00:00+05:30,29.8,75
2023-09-25 10:00:00+05:30,31.2,67
2023-09-25 11:00:00+05:30,32.1,60
2023-09-25 12:00:00+05:30,32.5,59
2023-09-25 13:00:00+05:30,32.9,54
2023-09-25 14:00:00+05:30,32.9,54
2023-09-25 15:00:00+05:30,32.7,54
2023-09-25 16:00:00+05:30,32.5,55
2023-09-25 17:00:00+05:30,31.3,67
2023-09-25 18:00:00+05:30,29.6,76
2023-09-25 19:00:00+05:30,28.5,83
2023-09-25 20:00:00+05:30,28.0,82
2023-09-25 21:00:00+05:30,27.4,84
2023-09-25 22:00:00+05:30,28.0,78
2023-09-25 23:00:00+05:30,27.5,81
2023-09-26 00:00:00+05:30,26.1,89
2023-09-26 01:00:00+05:30,25.9,89
2023-09-26 02:00:00+05:30,25.6,90
2023-09-26 03:00:00+05:30,25.5,92
2023-09-26 04:00:00+05:30,25.0,94
2023-09-26 05:00:00+05:30,25.5,92
2023-09-26 06:00:00+05:30,25.6,92
2023-09-26 07:00:00+05:30,26.4,89
2023-09-26 08:00:00+05:30,28.3,81
2023-09-26 09:00:00+05:30,30.0,71
2023-09-26 10:00:00+05:30,31.1,64
2023-09-26 11:00:00+05:30,32.0,59
2023-09-26 12:00:00+05:30,32.7,55
2023-09-26 13:00:00+05:30,32.8,53
2023-09-26 14:00:00+05:30,32.9,52
2023-09-26 15:00:00+05:30,32.9,52
2023-09-26 16:00:00+05:30,32.5,53
2023-09-26 17:00:00+05:30,31.9,64
2023-09-26 18:00:00+05:30,30.2,69
2023-09-26 19:00:00+05:30,29.4,72
2023-09-26 20:00:00+05:30,28.4,73
2023-09-26 21:00:00+05:30,27.6,74
2023-09-26 22:00:00+05:30,26.8,75
2023-09-26 23:00:00+05:30,26.0,77
2023-09-27 00:00:00+05:30,25.4,80
2023-09-27 01:00:00+05:30,24.8,83
2023-09-27 02:00:00+05:30,24.2,86
2023-09-27 03:00:00+05:30,23.8,88
2023-09-27 04:00:00+05:30,23.4,89
2023-09-27 05:00:00+05:30,23.9,90
2023-09-27 06:00:00+05:30,24.5,87
2023-09-27 07:00:00+05:30,25.8,83
2023-09-27 08:00:00+05:30,28.0,75
2023-09-27 09:00:00+05:30,29.9,67
2023-09-27 10:00:00+05:30,31.2,58
2023-09-27 11:00:00+05:30,32.0,54
2023-09-27 12:00:00+05:30,32.7,49
2023-09-27 13:00:00+05:30,33.2,45
2023-09-27 14:00:00+05:30,33.3,43
2023-09-27 15:00:00+05:30,33.0,43
2023-09-27 16:00:00+05:30,32.4,45
2023-09-27 17:00:00+05:30,30.2,52
2023-09-27 18:00:00+05:30,27.4,60
2023-09-27 19:00:00+05:30,26.1,66
2023-09-27 20:00:00+05:30,25.8,67
2023-09-27 21:00:00+05:30,25.9,66
2023-09-27 22:00:00+05:30,25.6,65
2023-09-27 23:00:00+05:30,25.0,66
2023-09-28 00:00:00+05:30,24.3,68
2023-09-28 01:00:00+05:30,23.1,74
2023-09-28 02:00:00+05:30,22.3,78
2023-09-28 03:00:00+05:30,21.7,81
2023-09-28 04:00:00+05:30,21.2,84
2023-09-28 05:00:00+05:30,20.4,89
2023-09-28 06:00:00+05:30,21.1,86
2023-09-28 07:00:00+05:30,23.2,78
2023-09-28 08:00:00+05:30,25.9,71
2023-09-28 09:00:00+05:30,28.6,62
2023-09-28 10:00:00+05:30,30.8,53
2023-09-28 11:00:00+05:30,31.8,48
2023-09-28 12:00:00+05:30,32.6,44
2023-09-28 13:00:00+05:30,33.0,41
2023-09-28 14:00:00+05:30,33.1,40
2023-09-28 15:00:00+05:30,32.8,40
2023-09-28 16:00:00+05:30,32.1,43
2023-09-28 17:00:00+05:30,29.7,52
2023-09-28 18:00:00+05:30,27.0,55
2023-09-28 19:00:00+05:30,25.7,59
2023-09-28 20:00:00+05:30,26.0,59
2023-09-28 21:00:00+05:30,25.6,57
2023-09-28 22:00:00+05:30,24.7,58
2023-09-28 23:00:00+05:30,23.5,63
2023-09-29 00:00:00+05:30,22.4,68
2023-09-29 01:00:00+05:30,21.5,73
2023-09-29 02:00:00+05:30,21.2,76
2023-09-29 03:00:00+05:30,20.7,79
2023-09-29 04:00:00+05:30,20.2,81
2023-09-29 05:00:00+05:30,21.4,81
2023-09-29 06:00:00+05:30,21.4,82
2023-09-29 07:00:00+05:30,23.1,78
2023-09-29 08:00:00+05:30,25.8,70
2023-09-29 09:00:00+05:30,28.4,63
2023-09-29 10:00:00+05:30,30.5,54
2023-09-29 11:00:00+05:30,31.9,45
2023-09-29 12:00:00+05:30,32.7,41
2023-09-29 13:00:00+05:30,33.1,40
2023-09-29 14:00:00+05:30,33.3,39
2023-09-29 15:00:00+05:30,33.1,40
2023-09-29 16:00:00+05:30,32.4,42
2023-09-29 17:00:00+05:30,30.8,56
2023-09-29 18:00:00+05:30,28.2,62
2023-09-29 19:00:00+05:30,27.4,66
2023-09-29 20:00:00+05:30,27.2,66
2023-09-29 21:00:00+05:30,26.1,71
2023-09-29 22:00:00+05:30,25.4,69
2023-09-29 23:00:00+05:30,25.0,67
2023-09-30 00:00:00+05:30,24.5,69
2023-09-30 01:00:00+05:30,24.0,71
2023-09-30 02:00:00+05:30,23.5,73
2023-09-30 03:00:00+05:30,23.0,75
2023-09-30 04:00:00+05:30,22.9,75
2023-09-30 05:00:00+05:30,23.3,78
2023-09-30 06:00:00+05:30,23.8,76
2023-09-30 07:00:00+05:30,24.9,74
2023-09-30 08:00:00+05:30,27.0,69
2023-09-30 09:00:00+05:30,29.3,63
2023-09-30 10:00:00+05:30,31.4,57
2023-09-30 11:00:00+05:30,33.0,48
2023-09-30 12:00:00+05:30,34.0,43
2023-09-30 13:00:00+05:30,34.6,38
2023-09-30 14:00:00+05:30,34.7,35
2023-09-30 15:00:00+05:30,34.3,35
2023-09-30 16:00:00+05:30,33.3,40
2023-09-30 17:00:00+05:30,30.8,40
2023-09-30 18:00:00+05:30,29.0,42
2023-09-30 19:00:00+05:30,27.8,47
2023-09-30 20:00:00+05:30,26.9,50
2023-09-30 21:00:00+05:30,26.6,53
2023-09-30 22:00:00+05:30,26.4,55
2023-09-30 23:00:00+05:30,25.8,58
2023-10-01 00:00:00+05:30,24.8,63
2023-10-01 01:00:00+05:30,23.8,68
2023-10-01 02:00:00+05:30,23.1,71
2023-10-01 03:00:00+05:30,22.4,75
2023-10-01 04:00:00+05:30,21.9,78
2023-10-01 05:00:00+05:30,22.4,86
2023-10-01 06:00:00+05:30,23.0,84
2023-10-01 07:00:00+05:30,24.4,80
2023-10-01 08:00:00+05:30,26.5,74
2023-10-01 09:00:00+05:30,28.4,68
2023-10-01 10:00:00+05:30,30.4,62
2023-10-01 11:00:00+05:30,32.2,54
2023-10-01 12:00:00+05:30,33.8,41
2023-10-01 13:00:00+05:30,34.6,33
2023-10-01 14:00:00+05:30,34.6,30
2023-10-01 15:00:00+05:30,34.2,30
2023-10-01 16:00:00+05:30,33.2,33
2023-10-01 17:00:00+05:30,31.1,39
2023-10-01 18:00:00+05:30,28.9,43
2023-10-01 19:00:00+05:30,27.8,40
2023-10-01 20:00:00+05:30,26.9,37
2023-10-01 21:00:00+05:30,25.5,38
2023-10-01 22:00:00+05:30,24.5,40
2023-10-01 23:00:00+05:30,23.9,43
2023-10-02 00:00:00+05:30,23.8,43
2023-10-02 01:00:00+05:30,23.1,46
2023-10-02 02:00:00+05:30,22.1,51
2023-10-02 03:00:00+05:30,21.4,55
2023-10-02 04:00:00+05:30,20.6,59
2023-10-02 05:00:00+05:30,20.6,74
2023-10-02 06:00:00+05:30,21.0,73
2023-10-02 07:00:00+05:30,22.8,68
2023-10-02 08:00:00+05:30,25.7,60
2023-10-02 09:00:00+05:30,28.3,53
2023-10-02 10:00:00+05:30,30.7,47
2023-10-02 11:00:00+05:30,32.4,37
2023-10-02 12:00:00+05:30,33.4,32
2023-10-02 13:00:00+05:30,33.7,30
2023-10-02 14:00:00+05:30,33.7,27
2023-10-02 15:00:00+05:30,33.3,23
2023-10-02 16:00:00+05:30,32.2,24
2023-10-02 17:00:00+05:30,30.8,30
2023-10-02 18:00:00+05:30,28.3,32
2023-10-02 19:00:00+05:30,27.0,33
2023-10-02 20:00:00+05:30,26.5,31
2023-10-02 21:00:00+05:30,25.8,29
2023-10-02 22:00:00+05:30,25.3,29
2023-10-02 23:00:00+05:30,24.9,30
2023-10-03 00:00:00+05:30,23.3,35
2023-10-03 01:00:00+05:30,21.9,40
2023-10-03 02:00:00+05:30,21.4,42
2023-10-03 03:00:00+05:30,20.6,46
2023-10-03 04:00:00+05:30,19.9,49
2023-10-03 05:00:00+05:30,19.4,62
2023-10-03 06:00:00+05:30,20.0,58
2023-10-03 07:00:00+05:30,22.1,54
2023-10-03 08:00:00+05:30,25.1,49
2023-10-03 09:00:00+05:30,28.2,40
2023-10-03 10:00:00+05:30,30.6,36
2023-10-03 11:00:00+05:30,32.3,33
2023-10-03 12:00:00+05:30,33.4,28
2023-10-03 13:00:00+05:30,34.0,23
2023-10-03 14:00:00+05:30,33.9,23
2023-10-03 15:00:00+05:30,33.3,26
2023-10-03 16:00:00+05:30,32.5,30
2023-10-03 17:00:00+05:30,30.6,33
2023-10-03 18:00:00+05:30,28.4,35
2023-10-03 19:00:00+05:30,27.1,36
2023-10-03 20:00:00+05:30,25.6,40
2023-10-03 21:00:00+05:30,24.4,46
2023-10-03 22:00:00+05:30,23.6,51
2023-10-03 23:00:00+05:30,22.9,55
2023-10-04 00:00:00+05:30,21.8,61
2023-10-04 01:00:00+05:30,20.8,66
2023-10-04 02:00:00+05:30,20.1,70
2023-10-04 03:00:00+05:30,19.6,73
2023-10-04 04:00:00+05:30,18.9,77
2023-10-04 05:00:00+05:30,19.1,80
2023-10-04 06:00:00+05:30,19.7,79
2023-10-04 07:00:00+05:30,21.7,72
2023-10-04 08:00:00+05:30,24.8,63
2023-10-04 09:00:00+05:30,27.8,54
2023-10-04 10:00:00+05:30,30.4,47
2023-10-04 11:00:00+05:30,32.2,36
2023-10-04 12:00:00+05:30,33.3,32
2023-10-04 13:00:00+05:30,33.7,34
2023-10-04 14:00:00+05:30,33.7,35
2023-10-04 15:00:00+05:30,33.4,35
2023-10-04 16:00:00+05:30,32.8,35
2023-10-04 17:00:00+05:30,31.2,41
2023-10-04 18:00:00+05:30,29.1,45
2023-10-04 19:00:00+05:30,28.2,46
2023-10-04 20:00:00+05:30,27.0,48
2023-10-04 21:00:00+05:30,25.5,53
2023-10-04 22:00:00+05:30,24.0,59
2023-10-04 23:00:00+05:30,22.4,67
2023-10-05 00:00:00+05:30,21.9,70
2023-10-05 01:00:00+05:30,21.0,75
2023-10-05 02:00:00+05:30,20.5,77
2023-10-05 03:00:00+05:30,19.6,81
2023-10-05 04:00:00+05:30,20.2,78
2023-10-05 05:00:00+05:30,20.3,74
2023-10-05 06:00:00+05:30,20.5,73
2023-10-05 07:00:00+05:30,22.3,68
2023-10-05 08:00:00+05:30,25.0,60
2023-10-05 09:00:00+05:30,28.0,50
2023-10-05 10:00:00+05:30,30.4,43
2023-10-05 11:00:00+05:30,32.0,39
2023-10-05 12:00:00+05:30,33.2,35
2023-10-05 13:00:00+05:30,33.8,32
2023-10-05 14:00:00+05:30,34.1,29
2023-10-05 15:00:00+05:30,33.9,28
2023-10-05 16:00:00+05:30,33.1,29
2023-10-05 17:00:00+05:30,30.6,38
2023-10-05 18:00:00+05:30,27.8,47
2023-10-05 19:00:00+05:30,26.3,52
2023-10-05 20:00:00+05:30,25.2,54
2023-10-05 21:00:00+05:30,24.3,56
2023-10-05 22:00:00+05:30,23.1,61
2023-10-05 23:00:00+05:30,21.8,69
2023-10-06 00:00:00+05:30,21.8,69
2023-10-06 01:00:00+05:30,20.6,74
2023-10-06 02:00:00+05:30,19.8,75
2023-10-06 03:00:00+05:30,19.2,77
2023-10-06 04:00:00+05:30,19.1,72
2023-10-06 05:00:00+05:30,20.0,76
2023-10-06 06:00:00+05:30,20.5,70
2023-10-06 07:00:00+05:30,22.7,60
2023-10-06 08:00:00+05:30,25.6,54
2023-10-06 09:00:00+05:30,28.8,46
2023-10-06 10:00:00+05:30,31.3,39
2023-10-06 11:00:00+05:30,33.2,34
2023-10-06 12:00:00+05:30,34.4,31
2023-10-06 13:00:00+05:30,35.1,29
2023-10-06 14:00:00+05:30,35.3,29
2023-10-06 15:00:00+05:30,35.1,29
2023-10-06 16:00:00+05:30,34.3,32
2023-10-06 17:00:00+05:30,30.7,51
2023-10-06 18:00:00+05:30,27.5,60
2023-10-06 19:00:00+05:30,26.1,66
2023-10-06 20:00:00+05:30,25.2,69
2023-10-06 21:00:00+05:30,24.2,73
2023-10-06 22:00:00+05:30,25.7,66
2023-10-06 23:00:00+05:30,25.1,69
2023-10-07 00:00:00+05:30,24.5,71
2023-10-07 01:00:00+05:30,23.7,74
2023-10-07 02:00:00+05:30,23.3,76
2023-10-07 03:00:00+05:30,22.1,80
2023-10-07 04:00:00+05:30,21.7,81
2023-10-07 05:00:00+05:30,20.7,91
2023-10-07 06:00:00+05:30,21.8,85
2023-10-07 07:00:00+05:30,24.1,73
2023-10-07 08:00:00+05:30,27.1,62
2023-10-07 09:00:00+05:30,29.9,49
2023-10-07 10:00:00+05:30,31.8,45
2023-10-07 11:00:00+05:30,33.2,42
2023-10-07 12:00:00+05:30,34.1,43
2023-10-07 13:00:00+05:30,34.7,43
2023-10-07 14:00:00+05:30,35.0,43
2023-10-07 15:00:00+05:30,35.0,44
2023-10-07 16:00:00+05:30,34.6,45
2023-10-07 17:00:00+05:30,32.0,50
2023-10-07 18:00:00+05:30,29.2,62
2023-10-07 19:00:00+05:30,28.2,67
2023-10-07 20:00:00+05:30,27.3,71
2023-10-07 21:00:00+05:30,26.7,74
2023-10-07 22:00:00+05:30,26.0,79
2023-10-07 23:00:00+05:30,26.9,73
2023-10-08 00:00:00+05:30,25.0,82
2023-10-08 01:00:00+05:30,25.6,79
2023-10-08 02:00:00+05:30,24.4,86
2023-10-08 03:00:00+05:30,24.6,85
2023-10-08 04:00:00+05:30,24.4,84
2023-10-08 05:00:00+05:30,24.5,88
2023-10-08 06:00:00+05:30,24.8,81
2023-10-08 07:00:00+05:30,26.0,66
2023-10-08 08:00:00+05:30,28.0,54
2023-10-08 09:00:00+05:30,30.3,48
2023-10-08 10:00:00+05:30,32.2,45
2023-10-08 11:00:00+05:30,33.7,43
2023-10-08 12:00:00+05:30,34.8,39
2023-10-08 13:00:00+05:30,35.3,38
2023-10-08 14:00:00+05:30,35.5,38
2023-10-08 15:00:00+05:30,35.3,39
2023-10-08 16:00:00+05:30,34.9,40
2023-10-08 17:00:00+05:30,33.1,50
2023-10-08 18:00:00+05:30,31.3,54
2023-10-08 19:00:00+05:30,29.3,63
2023-10-08 20:00:00+05:30,28.4,66
2023-10-08 21:00:00+05:30,27.8,71
2023-10-08 22:00:00+05:30,26.8,77
2023-10-08 23:00:00+05:30,27.4,74
2023-10-09 00:00:00+05:30,26.2,80
2023-10-09 01:00:00+05:30,26.0,81
2023-10-09 02:00:00+05:30,25.4,82
2023-10-09 03:00:00+05:30,25.0,77
2023-10-09 04:00:00+05:30,24.6,74
2023-10-09 05:00:00+05:30,24.8,83
2023-10-09 06:00:00+05:30,24.9,81
2023-10-09 07:00:00+05:30,26.0,73
2023-10-09 08:00:00+05:30,28.5,60
2023-10-09 09:00:00+05:30,31.0,51
2023-10-09 10:00:00+05:30,33.0,45
2023-10-09 11:00:00+05:30,34.3,41
2023-10-09 12:00:00+05:30,35.3,34
2023-10-09 13:00:00+05:30,35.5,33
2023-10-09 14:00:00+05:30,35.5,32
2023-10-09 15:00:00+05:30,35.3,32
2023-10-09 16:00:00+05:30,34.8,34
2023-10-09 17:00:00+05:30,33.9,36
2023-10-09 18:00:00+05:30,30.0,50
2023-10-09 19:00:00+05:30,28.5,54
2023-10-09 20:00:00+05:30,27.2,57
2023-10-09 21:00:00+05:30,26.3,56
2023-10-09 22:00:00+05:30,25.2,62
2023-10-09 23:00:00+05:30,25.2,61
2023-10-10 00:00:00+05:30,25.3,59
2023-10-10 01:00:00+05:30,24.8,61
2023-10-10 02:00:00+05:30,24.0,63
2023-10-10 03:00:00+05:30,24.2,62
2023-10-10 04:00:00+05:30,24.2,61
2023-10-10 05:00:00+05:30,24.5,63
2023-10-10 06:00:00+05:30,24.3,62
2023-10-10 07:00:00+05:30,25.3,60
2023-10-10 08:00:00+05:30,27.5,54
2023-10-10 09:00:00+05:30,29.9,47
2023-10-10 10:00:00+05:30,31.5,44
2023-10-10 11:00:00+05:30,32.8,41
2023-10-10 12:00:00+05:30,33.7,41
2023-10-10 13:00:00+05:30,34.4,38
2023-10-10 14:00:00+05:30,33.5,39
2023-10-10 15:00:00+05:30,32.7,42
2023-10-10 16:00:00+05:30,32.9,41
2023-10-10 17:00:00+05:30,32.2,45
2023-10-10 18:00:00+05:30,30.8,49
2023-10-10 19:00:00+05:30,29.1,57
2023-10-10 20:00:00+05:30,26.6,71
2023-10-10 21:00:00+05:30,25.4,78
2023-10-10 22:00:00+05:30,24.4,83
2023-10-10 23:00:00+05:30,24.1,82
2023-10-11 00:00:00+05:30,23.6,80
2023-10-11 01:00:00+05:30,23.1,76
2023-10-11 02:00:00+05:30,22.4,77
2023-10-11 03:00:00+05:30,21.8,80
2023-10-11 04:00:00+05:30,21.3,83
2023-10-11 05:00:00+05:30,21.5,88
2023-10-11 06:00:00+05:30,21.7,87
2023-10-11 07:00:00+05:30,23.2,81
2023-10-11 08:00:00+05:30,25.6,72
2023-10-11 09:00:00+05:30,28.3,61
2023-10-11 10:00:00+05:30,30.4,51
2023-10-11 11:00:00+05:30,31.9,44
2023-10-11 12:00:00+05:30,33.0,36
2023-10-11 13:00:00+05:30,33.6,31
2023-10-11 14:00:00+05:30,33.7,29
2023-10-11 15:00:00+05:30,33.3,28
2023-10-11 16:00:00+05:30,32.5,30
2023-10-11 17:00:00+05:30,29.5,34
2023-10-11 18:00:00+05:30,27.4,40
2023-10-11 19:00:00+05:30,26.1,43
2023-10-11 20:00:00+05:30,24.5,49
2023-10-11 21:00:00+05:30,22.9,56
2023-10-11 22:00:00+05:30,22.3,57
2023-10-11 23:00:00+05:30,21.1,62
2023-10-12 00:00:00+05:30,20.3,65
2023-10-12 01:00:00+05:30,19.8,67
2023-10-12 02:00:00+05:30,19.6,68
2023-10-12 03:00:00+05:30,19.1,71
2023-10-12 04:00:00+05:30,18.5,75
2023-10-12 05:00:00+05:30,19.0,79
2023-10-12 06:00:00+05:30,19.1,79
2023-10-12 07:00:00+05:30,21.1,72
2023-10-12 08:00:00+05:30,24.3,62
2023-10-12 09:00:00+05:30,27.5,51
2023-10-12 10:00:00+05:30,29.8,42
2023-10-12 11:00:00+05:30,31.4,36
2023-10-12 12:00:00+05:30,32.5,33
2023-10-12 13:00:00+05:30,33.1,32
2023-10-12 14:00:00+05:30,33.3,32
2023-10-12 15:00:00+05:30,33.0,32
2023-10-12 16:00:00+05:30,32.2,34
2023-10-12 17:00:00+05:30,29.9,44
2023-10-12 18:00:00+05:30,28.0,50
2023-10-12 19:00:00+05:30,26.6,53
2023-10-12 20:00:00+05:30,25.7,58
2023-10-12 21:00:00+05:30,24.9,61
2023-10-12 22:00:00+05:30,24.0,64
2023-10-12 23:00:00+05:30,22.8,69
2023-10-13 00:00:00+05:30,21.7,75
2023-10-13 01:00:00+05:30,21.1,78
2023-10-13 02:00:00+05:30,20.6,81
2023-10-13 03:00:00+05:30,19.9,84
2023-10-13 04:00:00+05:30,20.2,82
2023-10-13 05:00:00+05:30,20.0,86
2023-10-13 06:00:00+05:30,20.6,84
2023-10-13 07:00:00+05:30,22.8,75
2023-10-13 08:00:00+05:30,25.9,65
2023-10-13 09:00:00+05:30,28.9,53
2023-10-13 10:00:00+05:30,31.5,43
2023-10-13 11:00:00+05:30,33.3,35
2023-10-13 12:00:00+05:30,34.3,32
2023-10-13 13:00:00+05:30,34.6,31
2023-10-13 14:00:00+05:30,34.8,31
2023-10-13 15:00:00+05:30,34.5,32
2023-10-13 16:00:00+05:30,33.8,33
2023-10-13 17:00:00+05:30,31.3,42
2023-10-13 18:00:00+05:30,29.5,46
2023-10-13 19:00:00+05:30,28.2,51
2023-10-13 20:00:00+05:30,26.9,57
2023-10-13 21:00:00+05:30,25.2,64
2023-10-13 22:00:00+05:30,24.2,67
2023-10-13 23:00:00+05:30,23.9,69
2023-10-14 00:00:00+05:30,24.5,65
2023-10-14 01:00:00+05:30,22.9,74
2023-10-14 02:00:00+05:30,21.9,79
2023-10-14 03:00:00+05:30,21.5,81
2023-10-14 04:00:00+05:30,21.8,80
2023-10-14 05:00:00+05:30,22.0,85
2023-10-14 06:00:00+05:30,22.1,86
2023-10-14 07:00:00+05:30,23.9,79
2023-10-14 08:00:00+05:30,27.1,67
2023-10-14 09:00:00+05:30,30.2,53
2023-10-14 10:00:00+05:30,32.6,42
2023-10-14 11:00:00+05:30,34.2,35
2023-10-14 12:00:00+05:30,35.0,29
2023-10-14 13:00:00+05:30,35.1,26
2023-10-14 14:00:00+05:30,35.0,25
2023-10-14 15:00:00+05:30,34.5,26
2023-10-14 16:00:00+05:30,33.8,28
2023-10-14 17:00:00+05:30,30.3,48
2023-10-14 18:00:00+05:30,28.6,48
2023-10-14 19:00:00+05:30,27.4,53
2023-10-14 20:00:00+05:30,26.4,53
2023-10-14 21:00:00+05:30,27.0,51
2023-10-14 22:00:00+05:30,25.0,61
2023-10-14 23:00:00+05:30,23.8,68
2023-10-15 00:00:00+05:30,24.1,66
2023-10-15 01:00:00+05:30,24.0,66
2023-10-15 02:00:00+05:30,22.0,74
2023-10-15 03:00:00+05:30,22.9,67
2023-10-15 04:00:00+05:30,23.0,67
2023-10-15 05:00:00+05:30,21.4,81
2023-10-15 06:00:00+05:30,21.7,81
2023-10-15 07:00:00+05:30,23.5,74
2023-10-15 08:00:00+05:30,26.4,65
2023-10-15 09:00:00+05:30,29.3,55
2023-10-15 10:00:00+05:30,31.0,51
2023-10-15 11:00:00+05:30,31.9,45
2023-10-15 12:00:00+05:30,33.1,36
2023-10-15 13:00:00+05:30,33.9,32
2023-10-15 14:00:00+05:30,33.4,32
2023-10-15 15:00:00+05:30,33.4,32
2023-10-15 16:00:00+05:30,32.5,34
2023-10-15 17:00:00+05:30,30.3,47
2023-10-15 18:00:00+05:30,28.1,48
2023-10-15 19:00:00+05:30,26.2,56
2023-10-15 20:00:00+05:30,25.0,60
2023-10-15 21:00:00+05:30,23.8,66
2023-10-15 22:00:00+05:30,24.7,62
2023-10-15 23:00:00+05:30,23.2,68
2023-10-16 00:00:00+05:30,22.5,70
2023-10-16 01:00:00+05:30,21.5,77
2023-10-16 02:00:00+05:30,21.3,77
2023-10-16 03:00:00+05:30,21.0,79
2023-10-16 04:00:00+05:30,20.5,81
2023-10-16 05:00:00+05:30,22.3,78
2023-10-16 06:00:00+05:30,22.2,71
2023-10-16 07:00:00+05:30,23.2,66
2023-10-16 08:00:00+05:30,25.8,60
2023-10-16 09:00:00+05:30,28.8,53
2023-10-16 10:00:00+05:30,23.6,68
2023-10-16 11:00:00+05:30,25.5,63
2023-10-16 12:00:00+05:30,26.6,58
2023-10-16 13:00:00+05:30,27.4,57
2023-10-16 14:00:00+05:30,28.5,52
2023-10-16 15:00:00+05:30,28.8,50
2023-10-16 16:00:00+05:30,28.0,52
2023-10-16 17:00:00+05:30,25.7,54
2023-10-16 18:00:00+05:30,24.6,60
2023-10-16 19:00:00+05:30,24.0,64
2023-10-16 20:00:00+05:30,23.4,68
2023-10-16 21:00:00+05:30,23.1,69
2023-10-16 22:00:00+05:30,23.3,70
2023-10-16 23:00:00+05:30,20.2,83
2023-10-17 00:00:00+05:30,20.0,92
2023-10-17 01:00:00+05:30,20.3,82
2023-10-17 02:00:00+05:30,20.0,80
2023-10-17 03:00:00+05:30,19.5,82
2023-10-17 04:00:00+05:30,19.2,84
2023-10-17 05:00:00+05:30,18.5,90
2023-10-17 06:00:00+05:30,19.1,88
2023-10-17 07:00:00+05:30,20.0,86
2023-10-17 08:00:00+05:30,21.7,78
2023-10-17 09:00:00+05:30,23.3,70
2023-10-17 10:00:00+05:30,25.0,61
2023-10-17 11:00:00+05:30,26.4,56
2023-10-17 12:00:00+05:30,28.1,48
2023-10-17 13:00:00+05:30,28.6,46
2023-10-17 14:00:00+05:30,28.3,47
2023-10-17 15:00:00+05:30,27.3,49
2023-10-17 16:00:00+05:30,26.6,54
2023-10-17 17:00:00+05:30,23.2,74
2023-10-17 18:00:00+05:30,22.4,73
2023-10-17 19:00:00+05:30,21.4,77
2023-10-17 20:00:00+05:30,20.6,82
2023-10-17 21:00:00+05:30,19.7,86
2023-10-17 22:00:00+05:30,19.1,89
2023-10-17 23:00:00+05:30,18.7,89
2023-10-18 00:00:00+05:30,18.2,92
2023-10-18 01:00:00+05:30,17.8,92
2023-10-18 02:00:00+05:30,17.4,93
2023-10-18 03:00:00+05:30,17.2,90
2023-10-18 04:00:00+05:30,17.2,87
2023-10-18 05:00:00+05:30,18.3,86
2023-10-18 06:00:00+05:30,18.5,85
2023-10-18 07:00:00+05:30,19.6,82
2023-10-18 08:00:00+05:30,21.9,73
2023-10-18 09:00:00+05:30,24.3,63
2023-10-18 10:00:00+05:30,26.3,52
2023-10-18 11:00:00+05:30,27.8,44
2023-10-18 12:00:00+05:30,28.6,41
2023-10-18 13:00:00+05:30,29.1,40
2023-10-18 14:00:00+05:30,29.3,39
2023-10-18 15:00:00+05:30,29.0,38
2023-10-18 16:00:00+05:30,28.3,39
2023-10-18 17:00:00+05:30,26.2,44
2023-10-18 18:00:00+05:30,24.4,51
2023-10-18 19:00:00+05:30,23.2,56
2023-10-18 20:00:00+05:30,22.1,60
2023-10-18 21:00:00+05:30,21.3,63
2023-10-18 22:00:00+05:30,20.6,64
2023-10-18 23:00:00+05:30,19.8,68
2023-10-19 00:00:00+05:30,19.1,71
2023-10-19 01:00:00+05:30,18.4,74
2023-10-19 02:00:00+05:30,17.9,76
2023-10-19 03:00:00+05:30,17.4,78
2023-10-19 04:00:00+05:30,17.0,79
2023-10-19 05:00:00+05:30,17.2,83
2023-10-19 06:00:00+05:30,17.3,82
2023-10-19 07:00:00+05:30,18.5,79
2023-10-19 08:00:00+05:30,20.7,71
2023-10-19 09:00:00+05:30,23.2,62
2023-10-19 10:00:00+05:30,25.3,53
2023-10-19 11:00:00+05:30,26.6,47
2023-10-19 12:00:00+05:30,27.8,42
2023-10-19 13:00:00+05:30,28.5,39
2023-10-19 14:00:00+05:30,28.8,37
2023-10-19 15:00:00+05:30,28.6,36
2023-10-19 16:00:00+05:30,27.9,37
2023-10-19 17:00:00+05:30,25.2,47
2023-10-19 18:00:00+05:30,23.4,55
2023-10-19 19:00:00+05:30,21.9,61
2023-10-19 20:00:00+05:30,21.0,66
2023-10-19 21:00:00+05:30,20.3,70
2023-10-19 22:00:00+05:30,19.7,73
2023-10-19 23:00:00+05:30,19.3,75
2023-10-20 00:00:00+05:30,18.7,77
2023-10-20 01:00:00+05:30,17.9,82
2023-10-20 02:00:00+05:30,17.1,86
2023-10-20 03:00:00+05:30,16.6,89
2023-10-20 04:00:00+05:30,16.2,91
2023-10-20 05:00:00+05:30,16.8,90
2023-10-20 06:00:00+05:30,17.1,89
2023-10-20 07:00:00+05:30,19.0,81
2023-10-20 08:00:00+05:30,21.8,70
2023-10-20 09:00:00+05:30,24.4,59
2023-10-20 10:00:00+05:30,26.3,50
2023-10-20 11:00:00+05:30,27.5,44
2023-10-20 12:00:00+05:30,28.4,41
2023-10-20 13:00:00+05:30,29.0,38
2023-10-20 14:00:00+05:30,29.3,37
2023-10-20 15:00:00+05:30,29.2,36
2023-10-20 16:00:00+05:30,28.5,37
2023-10-20 17:00:00+05:30,26.0,48
2023-10-20 18:00:00+05:30,24.1,55
2023-10-20 19:00:00+05:30,22.8,61
2023-10-20 20:00:00+05:30,21.5,67
2023-10-20 21:00:00+05:30,20.8,71
2023-10-20 22:00:00+05:30,19.8,76
2023-10-20 23:00:00+05:30,19.1,79
2023-10-21 00:00:00+05:30,18.6,82
2023-10-21 01:00:00+05:30,17.9,86
2023-10-21 02:00:00+05:30,17.3,89
2023-10-21 03:00:00+05:30,16.6,92
2023-10-21 04:00:00+05:30,16.4,92
2023-10-21 05:00:00+05:30,17.2,91
2023-10-21 06:00:00+05:30,17.5,91
2023-10-21 07:00:00+05:30,19.2,84
2023-10-21 08:00:00+05:30,22.2,73
2023-10-21 09:00:00+05:30,24.8,62
2023-10-21 10:00:00+05:30,27.0,53
2023-10-21 11:00:00+05:30,28.3,45
2023-10-21 12:00:00+05:30,29.1,41
2023-10-21 13:00:00+05:30,29.6,38
2023-10-21 14:00:00+05:30,29.8,37
2023-10-21 15:00:00+05:30,29.7,37
2023-10-21 16:00:00+05:30,29.2,37
2023-10-21 17:00:00+05:30,26.4,45
2023-10-21 18:00:00+05:30,25.1,44
2023-10-21 19:00:00+05:30,24.1,45
2023-10-21 20:00:00+05:30,22.4,55
2023-10-21 21:00:00+05:30,20.8,66
2023-10-21 22:00:00+05:30,19.8,72
2023-10-21 23:00:00+05:30,19.5,74
2023-10-22 00:00:00+05:30,18.6,77
2023-10-22 01:00:00+05:30,18.0,79
2023-10-22 02:00:00+05:30,19.0,74
2023-10-22 03:00:00+05:30,16.8,86
2023-10-22 04:00:00+05:30,16.7,86
2023-10-22 05:00:00+05:30,16.8,90
2023-10-22 06:00:00+05:30,16.8,91
2023-10-22 07:00:00+05:30,18.7,84
2023-10-22 08:00:00+05:30,21.9,71
2023-10-22 09:00:00+05:30,24.9,59
2023-10-22 10:00:00+05:30,27.3,49
2023-10-22 11:00:00+05:30,28.7,42
2023-10-22 12:00:00+05:30,29.6,37
2023-10-22 13:00:00+05:30,30.2,36
2023-10-22 14:00:00+05:30,30.5,35
2023-10-22 15:00:00+05:30,30.2,36
2023-10-22 16:00:00+05:30,29.4,38
2023-10-22 17:00:00+05:30,27.4,41
2023-10-22 18:00:00+05:30,25.5,51
2023-10-22 19:00:00+05:30,24.3,58
2023-10-22 20:00:00+05:30,23.3,63
2023-10-22 21:00:00+05:30,22.4,68
2023-10-22 22:00:00+05:30,21.4,73
2023-10-22 23:00:00+05:30,20.7,78
2023-10-23 00:00:00+05:30,20.0,81
2023-10-23 01:00:00+05:30,19.4,84
2023-10-23 02:00:00+05:30,18.9,86
2023-10-23 03:00:00+05:30,18.4,88
2023-10-23 04:00:00+05:30,17.9,89
2023-10-23 05:00:00+05:30,17.9,92
2023-10-23 06:00:00+05:30,18.4,89
2023-10-23 07:00:00+05:30,19.9,82
2023-10-23 08:00:00+05:30,22.5,72
2023-10-23 09:00:00+05:30,25.2,61
2023-10-23 10:00:00+05:30,27.3,49
2023-10-23 11:00:00+05:30,28.5,43
2023-10-23 12:00:00+05:30,29.3,40
2023-10-23 13:00:00+05:30,29.9,38
2023-10-23 14:00:00+05:30,30.0,37
2023-10-23 15:00:00+05:30,29.8,37
2023-10-23 16:00:00+05:30,29.1,37
2023-10-23 17:00:00+05:30,26.4,44
2023-10-23 18:00:00+05:30,24.8,50
2023-10-23 19:00:00+05:30,23.7,53
2023-10-23 20:00:00+05:30,22.7,60
2023-10-23 21:00:00+05:30,22.0,65
2023-10-23 22:00:00+05:30,21.7,67
2023-10-23 23:00:00+05:30,21.1,70
2023-10-24 00:00:00+05:30,19.8,77
2023-10-24 01:00:00+05:30,18.9,81
2023-10-24 02:00:00+05:30,18.5,83
2023-10-24 03:00:00+05:30,17.9,85
2023-10-24 04:00:00+05:30,17.5,86
2023-10-24 05:00:00+05:30,17.3,91
2023-10-24 06:00:00+05:30,17.8,89
2023-10-24 07:00:00+05:30,19.2,82
2023-10-24 08:00:00+05:30,22.1,71
2023-10-24 09:00:00+05:30,25.0,60
2023-10-24 10:00:00+05:30,27.5,50
2023-10-24 11:00:00+05:30,29.1,42
2023-10-24 12:00:00+05:30,29.9,38
2023-10-24 13:00:00+05:30,30.6,35
2023-10-24 14:00:00+05:30,30.8,33
2023-10-24 15:00:00+05:30,30.5,32
2023-10-24 16:00:00+05:30,29.5,35
2023-10-24 17:00:00+05:30,27.3,43
2023-10-24 18:00:00+05:30,25.1,43
2023-10-24 19:00:00+05:30,24.1,48
2023-10-24 20:00:00+05:30,22.9,53
2023-10-24 21:00:00+05:30,21.5,60
2023-10-24 22:00:00+05:30,21.0,62
2023-10-24 23:00:00+05:30,20.6,63
2023-10-25 00:00:00+05:30,19.7,67
2023-10-25 01:00:00+05:30,19.1,72
2023-10-25 02:00:00+05:30,18.7,76
2023-10-25 03:00:00+05:30,18.1,79
2023-10-25 04:00:00+05:30,17.6,81
2023-10-25 05:00:00+05:30,17.2,82
2023-10-25 06:00:00+05:30,18.1,85
2023-10-25 07:00:00+05:30,19.5,79
2023-10-25 08:00:00+05:30,22.0,71
2023-10-25 09:00:00+05:30,24.8,62
2023-10-25 10:00:00+05:30,27.4,53
2023-10-25 11:00:00+05:30,29.3,41
2023-10-25 12:00:00+05:30,30.2,36
2023-10-25 13:00:00+05:30,30.8,32
2023-10-25 14:00:00+05:30,30.9,29
2023-10-25 15:00:00+05:30,30.4,29
2023-10-25 16:00:00+05:30,29.4,32
2023-10-25 17:00:00+05:30,26.7,40
2023-10-25 18:00:00+05:30,24.8,50
2023-10-25 19:00:00+05:30,23.5,55
2023-10-25 20:00:00+05:30,22.3,60
2023-10-25 21:00:00+05:30,21.0,65
2023-10-25 22:00:00+05:30,20.3,68
2023-10-25 23:00:00+05:30,19.9,69
2023-10-26 00:00:00+05:30,19.2,72
2023-10-26 01:00:00+05:30,18.4,77
2023-10-26 02:00:00+05:30,17.8,80
2023-10-26 03:00:00+05:30,17.3,82
2023-10-26 04:00:00+05:30,17.1,83
2023-10-26 05:00:00+05:30,16.8,84
2023-10-26 06:00:00+05:30,17.4,82
2023-10-26 07:00:00+05:30,18.8,77
2023-10-26 08:00:00+05:30,21.5,67
2023-10-26 09:00:00+05:30,24.4,59
2023-10-26 10:00:00+05:30,27.0,51
2023-10-26 11:00:00+05:30,28.8,42
2023-10-26 12:00:00+05:30,29.8,37
2023-10-26 13:00:00+05:30,30.5,32
2023-10-26 14:00:00+05:30,30.8,29
2023-10-26 15:00:00+05:30,30.6,27
2023-10-26 16:00:00+05:30,29.6,29
2023-10-26 17:00:00+05:30,26.3,38
2023-10-26 18:00:00+05:30,24.1,46
2023-10-26 19:00:00+05:30,22.5,54
2023-10-26 20:00:00+05:30,21.4,57
2023-10-26 21:00:00+05:30,20.6,58
2023-10-26 22:00:00+05:30,20.1,60
2023-10-26 23:00:00+05:30,19.3,62
2023-10-27 00:00:00+05:30,18.8,62
2023-10-27 01:00:00+05:30,18.1,64
2023-10-27 02:00:00+05:30,17.2,68
2023-10-27 03:00:00+05:30,16.7,71
2023-10-27 04:00:00+05:30,16.2,72
2023-10-27 05:00:00+05:30,16.1,72
2023-10-27 06:00:00+05:30,16.6,78
2023-10-27 07:00:00+05:30,18.0,72
2023-10-27 08:00:00+05:30,21.2,63
2023-10-27 09:00:00+05:30,24.5,52
2023-10-27 10:00:00+05:30,27.5,43
2023-10-27 11:00:00+05:30,29.5,32
2023-10-27 12:00:00+05:30,30.2,28
2023-10-27 13:00:00+05:30,30.6,27
2023-10-27 14:00:00+05:30,30.7,27
2023-10-27 15:00:00+05:30,30.4,27
2023-10-27 16:00:00+05:30,29.4,31
2023-10-27 17:00:00+05:30,25.0,48
2023-10-27 18:00:00+05:30,23.6,49
2023-10-27 19:00:00+05:30,22.7,50
2023-10-27 20:00:00+05:30,21.7,53
2023-10-27 21:00:00+05:30,20.5,58
2023-10-27 22:00:00+05:30,19.6,63
2023-10-27 23:00:00+05:30,19.5,64
2023-10-28 00:00:00+05:30,19.4,65
2023-10-28 01:00:00+05:30,18.5,70
2023-10-28 02:00:00+05:30,19.8,63
2023-10-28 03:00:00+05:30,19.2,65
2023-10-28 04:00:00+05:30,18.8,67
2023-10-28 05:00:00+05:30,18.5,68
2023-10-28 06:00:00+05:30,16.5,79
2023-10-28 07:00:00+05:30,18.4,73
2023-10-28 08:00:00+05:30,21.4,64
2023-10-28 09:00:00+05:30,24.5,54
2023-10-28 10:00:00+05:30,27.0,46
2023-10-28 11:00:00+05:30,28.7,38
2023-10-28 12:00:00+05:30,29.7,34
2023-10-28 13:00:00+05:30,30.1,32
2023-10-28 14:00:00+05:30,30.2,31
2023-10-28 15:00:00+05:30,30.0,32
2023-10-28 16:00:00+05:30,29.0,39
2023-10-28 17:00:00+05:30,25.9,52
2023-10-28 18:00:00+05:30,25.9,42
2023-10-28 19:00:00+05:30,25.2,45
2023-10-28 20:00:00+05:30,22.0,61
2023-10-28 21:00:00+05:30,22.8,59
2023-10-28 22:00:00+05:30,21.5,64
2023-10-28 23:00:00+05:30,19.6,71
2023-10-29 00:00:00+05:30,19.5,72
2023-10-29 01:00:00+05:30,19.9,69
2023-10-29 02:00:00+05:30,18.0,76
2023-10-29 03:00:00+05:30,18.1,74
2023-10-29 04:00:00+05:30,18.2,74
2023-10-29 05:00:00+05:30,17.9,78
2023-10-29 06:00:00+05:30,17.1,86
2023-10-29 07:00:00+05:30,18.4,82
2023-10-29 08:00:00+05:30,21.8,69
2023-10-29 09:00:00+05:30,25.5,55
2023-10-29 10:00:00+05:30,28.2,43
2023-10-29 11:00:00+05:30,29.8,38
2023-10-29 12:00:00+05:30,30.7,35
2023-10-29 13:00:00+05:30,31.3,34
2023-10-29 14:00:00+05:30,31.5,33
2023-10-29 15:00:00+05:30,31.4,32
2023-10-29 16:00:00+05:30,30.3,39
2023-10-29 17:00:00+05:30,26.4,54
2023-10-29 18:00:00+05:30,24.9,54
2023-10-29 19:00:00+05:30,26.1,49
2023-10-29 20:00:00+05:30,23.1,63
2023-10-29 21:00:00+05:30,21.6,72
2023-10-29 22:00:00+05:30,20.7,78
2023-10-29 23:00:00+05:30,19.7,83
2023-10-30 00:00:00+05:30,19.1,87
2023-10-30 01:00:00+05:30,18.6,89
2023-10-30 02:00:00+05:30,18.1,91
2023-10-30 03:00:00+05:30,17.7,93
2023-10-30 04:00:00+05:30,17.6,92
2023-10-30 05:00:00+05:30,17.4,93
2023-10-30 06:00:00+05:30,18.1,95
2023-10-30 07:00:00+05:30,19.8,88
2023-10-30 08:00:00+05:30,22.8,76
2023-10-30 09:00:00+05:30,25.9,64
2023-10-30 10:00:00+05:30,28.4,53
2023-10-30 11:00:00+05:30,30.0,47
2023-10-30 12:00:00+05:30,30.9,43
2023-10-30 13:00:00+05:30,31.6,39
2023-10-30 14:00:00+05:30,31.9,36
2023-10-30 15:00:00+05:30,31.6,36
2023-10-30 16:00:00+05:30,30.5,41
2023-10-30 17:00:00+05:30,27.7,51
2023-10-30 18:00:00+05:30,25.3,53
2023-10-30 19:00:00+05:30,24.1,56
2023-10-30 20:00:00+05:30,23.2,62
2023-10-30 21:00:00+05:30,22.0,74
2023-10-30 22:00:00+05:30,21.0,81
2023-10-30 23:00:00+05:30,20.2,84
2023-10-31 00:00:00+05:30,19.8,87
2023-10-31 01:00:00+05:30,19.6,88
2023-10-31 02:00:00+05:30,19.2,90
2023-10-31 03:00:00+05:30,18.9,91
2023-10-31 04:00:00+05:30,19.6,88
2023-10-31 05:00:00+05:30,18.8,90
2023-10-31 06:00:00+05:30,18.3,95
2023-10-31 07:00:00+05:30,20.0,88
2023-10-31 08:00:00+05:30,23.0,77
2023-10-31 09:00:00+05:30,25.8,66
2023-10-31 10:00:00+05:30,28.1,57
2023-10-31 11:00:00+05:30,29.6,48
2023-10-31 12:00:00+05:30,30.4,44
2023-10-31 13:00:00+05:30,31.1,40
2023-10-31 14:00:00+05:30,31.2,38
2023-10-31 15:00:00+05:30,31.1,37
2023-10-31 16:00:00+05:30,30.1,42
2023-10-31 17:00:00+05:30,27.2,52
2023-10-31 18:00:00+05:30,25.6,63
2023-10-31 19:00:00+05:30,24.6,67
2023-10-31 20:00:00+05:30,23.6,71
2023-10-31 21:00:00+05:30,22.6,74
2023-10-31 22:00:00+05:30,21.5,78
2023-10-31 23:00:00+05:30,21.0,81
2023-11-01 00:00:00+05:30,20.6,82
2023-11-01 01:00:00+05:30,20.2,83
2023-11-01 02:00:00+05:30,19.8,84
2023-11-01 03:00:00+05:30,18.9,88
2023-11-01 04:00:00+05:30,20.0,82
2023-11-01 05:00:00+05:30,19.6,84
2023-11-01 06:00:00+05:30,18.9,88
2023-11-01 07:00:00+05:30,19.2,87
2023-11-01 08:00:00+05:30,22.1,74
2023-11-01 09:00:00+05:30,25.2,62
2023-11-01 10:00:00+05:30,27.5,53
2023-11-01 11:00:00+05:30,29.0,48
2023-11-01 12:00:00+05:30,30.0,44
2023-11-01 13:00:00+05:30,30.5,41
2023-11-01 14:00:00+05:30,30.7,39
2023-11-01 15:00:00+05:30,30.4,39
2023-11-01 16:00:00+05:30,29.6,41
2023-11-01 17:00:00+05:30,27.0,50
2023-11-01 18:00:00+05:30,26.1,55
2023-11-01 19:00:00+05:30,24.6,61
2023-11-01 20:00:00+05:30,23.2,67
2023-11-01 21:00:00+05:30,21.9,74
2023-11-01 22:00:00+05:30,20.9,80
2023-11-01 23:00:00+05:30,20.3,84
2023-11-02 00:00:00+05:30,19.9,86
2023-11-02 01:00:00+05:30,20.4,83
2023-11-02 02:00:00+05:30,20.8,81
2023-11-02 03:00:00+05:30,20.5,82
2023-11-02 04:00:00+05:30,20.1,84
2023-11-02 05:00:00+05:30,18.2,92
2023-11-02 06:00:00+05:30,18.1,94
2023-11-02 07:00:00+05:30,19.4,88
2023-11-02 08:00:00+05:30,22.5,76
2023-11-02 09:00:00+05:30,25.4,63
2023-11-02 10:00:00+05:30,27.6,53
2023-11-02 11:00:00+05:30,29.1,47
2023-11-02 12:00:00+05:30,30.0,44
2023-11-02 13:00:00+05:30,30.3,42
2023-11-02 14:00:00+05:30,30.5,40
2023-11-02 15:00:00+05:30,30.4,38
2023-11-02 16:00:00+05:30,29.5,40
2023-11-02 17:00:00+05:30,26.9,50
2023-11-02 18:00:00+05:30,25.4,60
2023-11-02 19:00:00+05:30,23.4,69
2023-11-02 20:00:00+05:30,22.9,71
2023-11-02 21:00:00+05:30,22.1,74
2023-11-02 22:00:00+05:30,21.2,79
2023-11-02 23:00:00+05:30,21.1,78
2023-11-03 00:00:00+05:30,19.7,86
2023-11-03 01:00:00+05:30,19.4,88
2023-11-03 02:00:00+05:30,18.6,92
2023-11-03 03:00:00+05:30,18.3,92
2023-11-03 04:00:00+05:30,18.0,92
2023-11-03 05:00:00+05:30,17.7,93
2023-11-03 06:00:00+05:30,17.9,97
2023-11-03 07:00:00+05:30,18.9,92
2023-11-03 08:00:00+05:30,21.6,80
2023-11-03 09:00:00+05:30,24.4,67
2023-11-03 10:00:00+05:30,27.0,56
2023-11-03 11:00:00+05:30,28.6,47
2023-11-03 12:00:00+05:30,27.9,47
2023-11-03 13:00:00+05:30,28.0,41
2023-11-03 14:00:00+05:30,28.8,40
2023-11-03 15:00:00+05:30,28.6,41
2023-11-03 16:00:00+05:30,28.0,45
2023-11-03 17:00:00+05:30,25.0,59
2023-11-03 18:00:00+05:30,22.7,66
2023-11-03 19:00:00+05:30,22.3,67
2023-11-03 20:00:00+05:30,21.6,69
2023-11-03 21:00:00+05:30,21.0,69
2023-11-03 22:00:00+05:30,19.9,71
2023-11-03 23:00:00+05:30,18.3,79
2023-11-04 00:00:00+05:30,17.3,83
2023-11-04 01:00:00+05:30,16.9,84
2023-11-04 02:00:00+05:30,16.6,84
2023-11-04 03:00:00+05:30,15.8,87
2023-11-04 04:00:00+05:30,15.8,87
2023-11-04 05:00:00+05:30,15.7,87
2023-11-04 06:00:00+05:30,17.6,91
2023-11-04 07:00:00+05:30,18.7,87
2023-11-04 08:00:00+05:30,21.2,77
2023-11-04 09:00:00+05:30,23.7,66
2023-11-04 10:00:00+05:30,25.9,58
2023-11-04 11:00:00+05:30,27.7,52
2023-11-04 12:00:00+05:30,28.9,46
2023-11-04 13:00:00+05:30,29.6,41
2023-11-04 14:00:00+05:30,30.0,38
2023-11-04 15:00:00+05:30,29.6,36
2023-11-04 16:00:00+05:30,28.9,35
2023-11-04 17:00:00+05:30,25.6,45
2023-11-04 18:00:00+05:30,23.9,65
2023-11-04 19:00:00+05:30,22.9,68
2023-11-04 20:00:00+05:30,21.9,73
2023-11-04 21:00:00+05:30,21.4,75
2023-11-04 22:00:00+05:30,20.3,77
2023-11-04 23:00:00+05:30,19.4,79
2023-11-05 00:00:00+05:30,18.4,82
2023-11-05 01:00:00+05:30,17.9,84
2023-11-05 02:00:00+05:30,17.1,88
2023-11-05 03:00:00+05:30,16.6,89
2023-11-05 04:00:00+05:30,16.7,89
2023-11-05 05:00:00+05:30,16.7,89
2023-11-05 06:00:00+05:30,17.2,97
2023-11-05 07:00:00+05:30,18.4,93
2023-11-05 08:00:00+05:30,21.3,81
2023-11-05 09:00:00+05:30,24.8,67
2023-11-05 10:00:00+05:30,27.3,49
2023-11-05 11:00:00+05:30,28.7,38
2023-11-05 12:00:00+05:30,29.4,35
2023-11-05 13:00:00+05:30,29.8,32
2023-11-05 14:00:00+05:30,29.8,32
2023-11-05 15:00:00+05:30,29.5,32
2023-11-05 16:00:00+05:30,28.1,39
2023-11-05 17:00:00+05:30,24.0,54
2023-11-05 18:00:00+05:30,22.8,51
2023-11-05 19:00:00+05:30,21.7,55
2023-11-05 20:00:00+05:30,20.9,59
2023-11-05 21:00:00+05:30,20.9,57
2023-11-05 22:00:00+05:30,20.5,56
2023-11-05 23:00:00+05:30,21.5,51
2023-11-06 00:00:00+05:30,20.9,53
2023-11-06 01:00:00+05:30,16.8,71
2023-11-06 02:00:00+05:30,17.5,69
2023-11-06 03:00:00+05:30,17.2,71
2023-11-06 04:00:00+05:30,15.3,81
2023-11-06 05:00:00+05:30,15.0,83
2023-11-06 06:00:00+05:30,15.2,93
2023-11-06 07:00:00+05:30,17.1,86
2023-11-06 08:00:00+05:30,20.7,73
2023-11-06 09:00:00+05:30,24.2,61
2023-11-06 10:00:00+05:30,26.8,49
2023-11-06 11:00:00+05:30,28.2,40
2023-11-06 12:00:00+05:30,29.0,36
2023-11-06 13:00:00+05:30,29.4,33
2023-11-06 14:00:00+05:30,29.6,30
2023-11-06 15:00:00+05:30,29.3,29
2023-11-06 16:00:00+05:30,27.5,46
2023-11-06 17:00:00+05:30,23.4,55
2023-11-06 18:00:00+05:30,22.4,64
2023-11-06 19:00:00+05:30,20.9,69
2023-11-06 20:00:00+05:30,19.9,73
2023-11-06 21:00:00+05:30,19.3,76
2023-11-06 22:00:00+05:30,18.6,78
2023-11-06 23:00:00+05:30,18.3,78
2023-11-07 00:00:00+05:30,17.8,81
2023-11-07 01:00:00+05:30,18.7,76
2023-11-07 02:00:00+05:30,18.7,76
2023-11-07 03:00:00+05:30,15.9,89
2023-11-07 04:00:00+05:30,15.1,92
2023-11-07 05:00:00+05:30,15.7,88
2023-11-07 06:00:00+05:30,15.3,94
2023-11-07 07:00:00+05:30,17.3,88
2023-11-07 08:00:00+05:30,20.5,78
2023-11-07 09:00:00+05:30,24.2,64
2023-11-07 10:00:00+05:30,26.8,53
2023-11-07 11:00:00+05:30,28.5,43
2023-11-07 12:00:00+05:30,29.5,37
2023-11-07 13:00:00+05:30,30.1,33
2023-11-07 14:00:00+05:30,30.0,33
2023-11-07 15:00:00+05:30,29.7,35
2023-11-07 16:00:00+05:30,28.0,48
2023-11-07 17:00:00+05:30,24.3,59
2023-11-07 18:00:00+05:30,23.4,60
2023-11-07 19:00:00+05:30,22.5,62
2023-11-07 20:00:00+05:30,21.0,69
2023-11-07 21:00:00+05:30,20.5,71
2023-11-07 22:00:00+05:30,20.0,73
2023-11-07 23:00:00+05:30,18.9,77
2023-11-08 00:00:00+05:30,18.3,80
2023-11-08 01:00:00+05:30,19.3,76
2023-11-08 02:00:00+05:30,19.4,75
2023-11-08 03:00:00+05:30,17.1,87
2023-11-08 04:00:00+05:30,16.8,88
2023-11-08 05:00:00+05:30,16.0,91
2023-11-08 06:00:00+05:30,16.5,91
2023-11-08 07:00:00+05:30,17.5,88
2023-11-08 08:00:00+05:30,20.3,78
2023-11-08 09:00:00+05:30,23.5,68
2023-11-08 10:00:00+05:30,25.9,58
2023-11-08 11:00:00+05:30,27.5,51
2023-11-08 12:00:00+05:30,28.7,44
2023-11-08 13:00:00+05:30,29.5,39
2023-11-08 14:00:00+05:30,29.8,35
2023-11-08 15:00:00+05:30,29.5,34
2023-11-08 16:00:00+05:30,27.8,45
2023-11-08 17:00:00+05:30,24.1,56
2023-11-08 18:00:00+05:30,23.4,64
2023-11-08 19:00:00+05:30,22.5,68
2023-11-08 20:00:00+05:30,22.2,67
2023-11-08 21:00:00+05:30,21.3,71
2023-11-08 22:00:00+05:30,20.2,75
2023-11-08 23:00:00+05:30,18.9,81
2023-11-09 00:00:00+05:30,18.7,80
2023-11-09 01:00:00+05:30,17.5,87
2023-11-09 02:00:00+05:30,17.1,88
2023-11-09 03:00:00+05:30,16.8,90
2023-11-09 04:00:00+05:30,16.5,91
2023-11-09 05:00:00+05:30,16.5,91
2023-11-09 06:00:00+05:30,16.4,92
2023-11-09 07:00:00+05:30,17.5,87
2023-11-09 08:00:00+05:30,20.5,76
2023-11-09 09:00:00+05:30,23.7,67
2023-11-09 10:00:00+05:30,26.2,57
2023-11-09 11:00:00+05:30,27.9,49
2023-11-09 12:00:00+05:30,28.8,45
2023-11-09 13:00:00+05:30,29.3,42
2023-11-09 14:00:00+05:30,29.5,39
2023-11-09 15:00:00+05:30,29.3,37
2023-11-09 16:00:00+05:30,27.6,48
2023-11-09 17:00:00+05:30,23.9,60
2023-11-09 18:00:00+05:30,24.3,59
2023-11-09 19:00:00+05:30,22.4,64
2023-11-09 20:00:00+05:30,24.7,52
2023-11-09 21:00:00+05:30,21.8,64
2023-11-09 22:00:00+05:30,20.3,71
2023-11-09 23:00:00+05:30,19.1,76
2023-11-10 00:00:00+05:30,18.7,76
2023-11-10 01:00:00+05:30,20.1,68
2023-11-10 02:00:00+05:30,18.7,78
2023-11-10 03:00:00+05:30,18.5,77
2023-11-10 04:00:00+05:30,17.3,83
2023-11-10 05:00:00+05:30,18.6,75
2023-11-10 06:00:00+05:30,18.4,86
2023-11-10 07:00:00+05:30,19.4,80
2023-11-10 08:00:00+05:30,20.8,77
2023-11-10 09:00:00+05:30,22.7,70
2023-11-10 10:00:00+05:30,24.6,60
2023-11-10 11:00:00+05:30,26.7,48
2023-11-10 12:00:00+05:30,23.3,66
2023-11-10 13:00:00+05:30,23.6,66
2023-11-10 14:00:00+05:30,24.6,61
2023-11-10 15:00:00+05:30,24.5,60
2023-11-10 16:00:00+05:30,23.6,65
2023-11-10 17:00:00+05:30,22.0,74
2023-11-10 18:00:00+05:30,19.2,88
2023-11-10 19:00:00+05:30,18.8,86
2023-11-10 20:00:00+05:30,18.0,86
2023-11-10 21:00:00+05:30,17.9,89
2023-11-10 22:00:00+05:30,16.9,93
2023-11-10 23:00:00+05:30,16.3,94
2023-11-11 00:00:00+05:30,15.3,96
2023-11-11 01:00:00+05:30,16.7,92
2023-11-11 02:00:00+05:30,15.2,97
2023-11-11 03:00:00+05:30,15.1,97
2023-11-11 04:00:00+05:30,14.8,97
2023-11-11 05:00:00+05:30,14.8,97
2023-11-11 06:00:00+05:30,15.8,93
2023-11-11 07:00:00+05:30,16.3,92
2023-11-11 08:00:00+05:30,17.9,87
2023-11-11 09:00:00+05:30,19.9,78
2023-11-11 10:00:00+05:30,22.0,69
2023-11-11 11:00:00+05:30,23.6,59
2023-11-11 12:00:00+05:30,24.7,52
2023-11-11 13:00:00+05:30,25.2,48
2023-11-11 14:00:00+05:30,25.4,46
2023-11-11 15:00:00+05:30,25.1,47
2023-11-11 16:00:00+05:30,24.2,53
2023-11-11 17:00:00+05:30,20.8,68
2023-11-11 18:00:00+05:30,20.4,71
2023-11-11 19:00:00+05:30,19.4,74
2023-11-11 20:00:00+05:30,18.4,75
2023-11-11 21:00:00+05:30,17.6,77
2023-11-11 22:00:00+05:30,17.0,79
2023-11-11 23:00:00+05:30,16.4,82
2023-11-12 00:00:00+05:30,15.7,86
2023-11-12 01:00:00+05:30,15.1,89
2023-11-12 02:00:00+05:30,14.7,91
2023-11-12 03:00:00+05:30,14.4,92
2023-11-12 04:00:00+05:30,14.1,92
2023-11-12 05:00:00+05:30,13.8,93
2023-11-12 06:00:00+05:30,14.1,94
2023-11-12 07:00:00+05:30,14.8,90
2023-11-12 08:00:00+05:30,17.0,82
2023-11-12 09:00:00+05:30,19.5,73
2023-11-12 10:00:00+05:30,21.8,65
2023-11-12 11:00:00+05:30,23.6,56
2023-11-12 12:00:00+05:30,24.5,51
2023-11-12 13:00:00+05:30,25.1,49
2023-11-12 14:00:00+05:30,25.3,48
2023-11-12 15:00:00+05:30,25.2,48
2023-11-12 16:00:00+05:30,24.2,53
2023-11-12 17:00:00+05:30,20.8,67
2023-11-12 18:00:00+05:30,20.3,70
2023-11-12 19:00:00+05:30,18.9,76
2023-11-12 20:00:00+05:30,17.7,82
2023-11-12 21:00:00+05:30,17.0,84
2023-11-12 22:00:00+05:30,16.6,85
2023-11-12 23:00:00+05:30,16.2,85
2023-11-13 00:00:00+05:30,15.7,86
2023-11-13 01:00:00+05:30,15.1,88
2023-11-13 02:00:00+05:30,14.3,91
2023-11-13 03:00:00+05:30,13.6,93
2023-11-13 04:00:00+05:30,13.1,94
2023-11-13 05:00:00+05:30,13.0,94
2023-11-13 06:00:00+05:30,13.3,95
2023-11-13 07:00:00+05:30,14.4,92
2023-11-13 08:00:00+05:30,17.0,82
2023-11-13 09:00:00+05:30,19.9,72
2023-11-13 10:00:00+05:30,22.5,63
2023-11-13 11:00:00+05:30,24.3,51
2023-11-13 12:00:00+05:30,25.2,46
2023-11-13 13:00:00+05:30,25.6,44
2023-11-13 14:00:00+05:30,25.7,44
2023-11-13 15:00:00+05:30,25.4,44
2023-11-13 16:00:00+05:30,24.2,53
2023-11-13 17:00:00+05:30,21.6,61
2023-11-13 18:00:00+05:30,20.4,69
2023-11-13 19:00:00+05:30,19.4,73
2023-11-13 20:00:00+05:30,18.7,76
2023-11-13 21:00:00+05:30,17.8,81
2023-11-13 22:00:00+05:30,16.6,86
2023-11-13 23:00:00+05:30,15.9,88
2023-11-14 00:00:00+05:30,15.9,86
2023-11-14 01:00:00+05:30,16.0,83
2023-11-14 02:00:00+05:30,15.7,83
2023-11-14 03:00:00+05:30,15.3,84
2023-11-14 04:00:00+05:30,15.3,83
2023-11-14 05:00:00+05:30,14.0,89
2023-11-14 06:00:00+05:30,14.3,92
2023-11-14 07:00:00+05:30,15.5,86
2023-11-14 08:00:00+05:30,17.6,78
2023-11-14 09:00:00+05:30,20.0,71
2023-11-14 10:00:00+05:30,22.3,64
2023-11-14 11:00:00+05:30,24.0,55
2023-11-14 12:00:00+05:30,24.9,48
2023-11-14 13:00:00+05:30,25.2,46
2023-11-14 14:00:00+05:30,25.4,44
2023-11-14 15:00:00+05:30,25.1,45
2023-11-14 16:00:00+05:30,24.0,52
2023-11-14 17:00:00+05:30,20.1,68
2023-11-14 18:00:00+05:30,19.0,72
2023-11-14 19:00:00+05:30,18.0,76
2023-11-14 20:00:00+05:30,17.8,75
2023-11-14 21:00:00+05:30,16.5,80
2023-11-14 22:00:00+05:30,15.8,82
2023-11-14 23:00:00+05:30,15.5,82
2023-11-15 00:00:00+05:30,14.8,84
2023-11-15 01:00:00+05:30,14.0,88
2023-11-15 02:00:00+05:30,13.6,90
2023-11-15 03:00:00+05:30,13.4,90
2023-11-15 04:00:00+05:30,13.2,91
2023-11-15 05:00:00+05:30,12.9,92
2023-11-15 06:00:00+05:30,13.0,92
2023-11-15 07:00:00+05:30,13.8,89
2023-11-15 08:00:00+05:30,16.4,79
2023-11-15 09:00:00+05:30,19.3,70
2023-11-15 10:00:00+05:30,22.0,62
2023-11-15 11:00:00+05:30,24.0,54
2023-11-15 12:00:00+05:30,25.1,47
2023-11-15 13:00:00+05:30,25.7,43
2023-11-15 14:00:00+05:30,25.9,41
2023-11-15 15:00:00+05:30,25.7,41
2023-11-15 16:00:00+05:30,24.3,51
2023-11-15 17:00:00+05:30,20.2,67
2023-11-15 18:00:00+05:30,19.4,72
2023-11-15 19:00:00+05:30,18.4,78
2023-11-15 20:00:00+05:30,17.6,81
2023-11-15 21:00:00+05:30,16.6,84
2023-11-15 22:00:00+05:30,15.7,86
2023-11-15 23:00:00+05:30,15.1,88
2023-11-16 00:00:00+05:30,14.7,88
2023-11-16 01:00:00+05:30,14.2,90
2023-11-16 02:00:00+05:30,13.9,90
2023-11-16 03:00:00+05:30,13.7,91
2023-11-16 04:00:00+05:30,13.4,92
2023-11-16 05:00:00+05:30,13.0,93
2023-11-16 06:00:00+05:30,12.7,94
2023-11-16 07:00:00+05:30,14.1,89
2023-11-16 08:00:00+05:30,17.0,78
2023-11-16 09:00:00+05:30,20.2,67
2023-11-16 10:00:00+05:30,22.9,59
2023-11-16 11:00:00+05:30,24.6,53
2023-11-16 12:00:00+05:30,25.6,48
2023-11-16 13:00:00+05:30,26.1,45
2023-11-16 14:00:00+05:30,26.3,43
2023-11-16 15:00:00+05:30,26.1,44
2023-11-16 16:00:00+05:30,24.8,62
2023-11-16 17:00:00+05:30,24.3,53
2023-11-16 18:00:00+05:30,20.6,74
2023-11-16 19:00:00+05:30,21.7,67
2023-11-16 20:00:00+05:30,21.6,66
2023-11-16 21:00:00+05:30,21.3,66
2023-11-16 22:00:00+05:30,20.0,71
2023-11-16 23:00:00+05:30,16.3,89
2023-11-17 00:00:00+05:30,16.1,89
2023-11-17 01:00:00+05:30,17.4,83
2023-11-17 02:00:00+05:30,15.6,90
2023-11-17 03:00:00+05:30,14.8,94
2023-11-17 04:00:00+05:30,14.4,95
2023-11-17 05:00:00+05:30,14.2,96
2023-11-17 06:00:00+05:30,13.8,97
2023-11-17 07:00:00+05:30,15.2,95
2023-11-17 08:00:00+05:30,17.9,86
2023-11-17 09:00:00+05:30,21.5,74
2023-11-17 10:00:00+05:30,24.0,64
2023-11-17 11:00:00+05:30,25.5,55
2023-11-17 12:00:00+05:30,26.4,48
2023-11-17 13:00:00+05:30,26.9,45
2023-11-17 14:00:00+05:30,26.9,45
2023-11-17 15:00:00+05:30,26.6,44
2023-11-17 16:00:00+05:30,25.5,60
2023-11-17 17:00:00+05:30,25.1,51
2023-11-17 18:00:00+05:30,22.9,62
2023-11-17 19:00:00+05:30,21.3,68
2023-11-17 20:00:00+05:30,21.5,65
2023-11-17 21:00:00+05:30,18.6,78
2023-11-17 22:00:00+05:30,17.5,84
2023-11-17 23:00:00+05:30,18.1,81
2023-11-18 00:00:00+05:30,16.4,89
2023-11-18 01:00:00+05:30,15.8,90
2023-11-18 02:00:00+05:30,15.7,90
2023-11-18 03:00:00+05:30,15.3,91
2023-11-18 04:00:00+05:30,15.1,92
2023-11-18 05:00:00+05:30,14.5,95
2023-11-18 06:00:00+05:30,14.4,95
2023-11-18 07:00:00+05:30,15.1,93
2023-11-18 08:00:00+05:30,17.8,83
2023-11-18 09:00:00+05:30,21.0,72
2023-11-18 10:00:00+05:30,23.6,61
2023-11-18 11:00:00+05:30,25.1,52
2023-11-18 12:00:00+05:30,25.8,47
2023-11-18 13:00:00+05:30,26.2,45
2023-11-18 14:00:00+05:30,26.2,45
2023-11-18 15:00:00+05:30,25.8,45
2023-11-18 16:00:00+05:30,24.8,52
2023-11-18 17:00:00+05:30,21.7,61
2023-11-18 18:00:00+05:30,21.8,63
2023-11-18 19:00:00+05:30,21.7,61
2023-11-18 20:00:00+05:30,20.5,65
2023-11-18 21:00:00+05:30,18.2,76
2023-11-18 22:00:00+05:30,17.1,82
2023-11-18 23:00:00+05:30,16.9,81
2023-11-19 00:00:00+05:30,16.9,81
2023-11-19 01:00:00+05:30,15.4,88
2023-11-19 02:00:00+05:30,15.0,89
2023-11-19 03:00:00+05:30,14.3,91
2023-11-19 04:00:00+05:30,14.6,89
2023-11-19 05:00:00+05:30,14.8,88
2023-11-19 06:00:00+05:30,14.2,92
2023-11-19 07:00:00+05:30,14.9,92
2023-11-19 08:00:00+05:30,17.9,81
2023-11-19 09:00:00+05:30,21.2,68
2023-11-19 10:00:00+05:30,23.5,58
2023-11-19 11:00:00+05:30,25.0,50
2023-11-19 12:00:00+05:30,25.4,47
2023-11-19 13:00:00+05:30,25.6,46
2023-11-19 14:00:00+05:30,25.7,45
2023-11-19 15:00:00+05:30,25.4,45
2023-11-19 16:00:00+05:30,24.4,60
2023-11-19 17:00:00+05:30,24.1,50
2023-11-19 18:00:00+05:30,21.2,54
2023-11-19 19:00:00+05:30,20.7,54
2023-11-19 20:00:00+05:30,18.8,65
2023-11-19 21:00:00+05:30,19.1,68
2023-11-19 22:00:00+05:30,18.3,72
2023-11-19 23:00:00+05:30,17.9,74
2023-11-20 00:00:00+05:30,17.8,72
2023-11-20 01:00:00+05:30,18.0,70
2023-11-20 02:00:00+05:30,17.6,71
2023-11-20 03:00:00+05:30,14.1,88
2023-11-20 04:00:00+05:30,13.9,89
2023-11-20 05:00:00+05:30,13.4,91
2023-11-20 06:00:00+05:30,13.2,93
2023-11-20 07:00:00+05:30,14.2,89
2023-11-20 08:00:00+05:30,16.9,78
2023-11-20 09:00:00+05:30,20.3,65
2023-11-20 10:00:00+05:30,22.8,55
2023-11-20 11:00:00+05:30,24.4,49
2023-11-20 12:00:00+05:30,25.2,44
2023-11-20 13:00:00+05:30,25.5,42
2023-11-20 14:00:00+05:30,25.5,43
2023-11-20 15:00:00+05:30,25.2,44
2023-11-20 16:00:00+05:30,24.2,49
2023-11-20 17:00:00+05:30,20.6,64
2023-11-20 18:00:00+05:30,19.2,71
2023-11-20 19:00:00+05:30,18.2,76
2023-11-20 20:00:00+05:30,17.3,81
2023-11-20 21:00:00+05:30,16.7,82
2023-11-20 22:00:00+05:30,16.4,84
2023-11-20 23:00:00+05:30,15.7,86
2023-11-21 00:00:00+05:30,15.3,88
2023-11-21 01:00:00+05:30,14.6,91
2023-11-21 02:00:00+05:30,14.0,92
2023-11-21 03:00:00+05:30,13.5,92
2023-11-21 04:00:00+05:30,13.6,92
2023-11-21 05:00:00+05:30,13.4,93
2023-11-21 06:00:00+05:30,13.2,93
2023-11-21 07:00:00+05:30,14.0,90
2023-11-21 08:00:00+05:30,16.5,80
2023-11-21 09:00:00+05:30,19.3,69
2023-11-21 10:00:00+05:30,22.0,60
2023-11-21 11:00:00+05:30,24.1,52
2023-11-21 12:00:00+05:30,25.1,44
2023-11-21 13:00:00+05:30,25.5,43
2023-11-21 14:00:00+05:30,25.5,42
2023-11-21 15:00:00+05:30,25.1,43
2023-11-21 16:00:00+05:30,24.0,48
2023-11-21 17:00:00+05:30,21.3,58
2023-11-21 18:00:00+05:30,20.6,66
2023-11-21 19:00:00+05:30,19.7,68
2023-11-21 20:00:00+05:30,18.9,68
2023-11-21 21:00:00+05:30,18.2,68
2023-11-21 22:00:00+05:30,17.4,69
2023-11-21 23:00:00+05:30,16.7,71
2023-11-22 00:00:00+05:30,16.1,73
2023-11-22 01:00:00+05:30,15.5,73
2023-11-22 02:00:00+05:30,15.0,74
2023-11-22 03:00:00+05:30,14.4,75
2023-11-22 04:00:00+05:30,14.0,76
2023-11-22 05:00:00+05:30,13.5,78
2023-11-22 06:00:00+05:30,13.2,80
2023-11-22 07:00:00+05:30,13.5,79
2023-11-22 08:00:00+05:30,15.6,72
2023-11-22 09:00:00+05:30,18.3,63
2023-11-22 10:00:00+05:30,20.8,56
2023-11-22 11:00:00+05:30,22.9,49
2023-11-22 12:00:00+05:30,24.3,45
2023-11-22 13:00:00+05:30,25.0,42
2023-11-22 14:00:00+05:30,25.2,42
2023-11-22 15:00:00+05:30,24.9,42
2023-11-22 16:00:00+05:30,23.6,47
2023-11-22 17:00:00+05:30,20.6,58
2023-11-22 18:00:00+05:30,19.0,67
2023-11-22 19:00:00+05:30,17.4,76
2023-11-22 20:00:00+05:30,16.3,81
2023-11-22 21:00:00+05:30,15.6,83
2023-11-22 22:00:00+05:30,15.1,83
2023-11-22 23:00:00+05:30,14.5,85
2023-11-23 00:00:00+05:30,14.0,86
2023-11-23 01:00:00+05:30,13.6,86
2023-11-23 02:00:00+05:30,12.9,89
2023-11-23 03:00:00+05:30,12.5,90
2023-11-23 04:00:00+05:30,11.9,92
2023-11-23 05:00:00+05:30,11.4,93
2023-11-23 06:00:00+05:30,10.6,96
2023-11-23 07:00:00+05:30,11.7,95
2023-11-23 08:00:00+05:30,14.6,83
2023-11-23 09:00:00+05:30,18.1,70
2023-11-23 10:00:00+05:30,20.9,60
2023-11-23 11:00:00+05:30,22.8,52
2023-11-23 12:00:00+05:30,23.9,46
2023-11-23 13:00:00+05:30,24.5,44
2023-11-23 14:00:00+05:30,24.8,42
2023-11-23 15:00:00+05:30,24.7,41
2023-11-23 16:00:00+05:30,23.2,59
2023-11-23 17:00:00+05:30,19.2,65
2023-11-23 18:00:00+05:30,18.7,68
2023-11-23 19:00:00+05:30,17.3,73
2023-11-23 20:00:00+05:30,17.0,71
2023-11-23 21:00:00+05:30,15.9,77
2023-11-23 22:00:00+05:30,15.3,82
2023-11-23 23:00:00+05:30,14.4,86
2023-11-24 00:00:00+05:30,14.5,84
2023-11-24 01:00:00+05:30,13.7,88
2023-11-24 02:00:00+05:30,13.2,90
2023-11-24 03:00:00+05:30,13.7,87
2023-11-24 04:00:00+05:30,14.0,85
2023-11-24 05:00:00+05:30,14.2,84
2023-11-24 06:00:00+05:30,13.7,87
2023-11-24 07:00:00+05:30,13.2,90
2023-11-24 08:00:00+05:30,15.2,84
2023-11-24 09:00:00+05:30,19.0,70
2023-11-24 10:00:00+05:30,21.9,59
2023-11-24 11:00:00+05:30,23.6,51
2023-11-24 12:00:00+05:30,24.6,47
2023-11-24 13:00:00+05:30,25.1,44
2023-11-24 14:00:00+05:30,25.2,43
2023-11-24 15:00:00+05:30,24.9,44
2023-11-24 16:00:00+05:30,23.5,53
2023-11-24 17:00:00+05:30,19.7,69
2023-11-24 18:00:00+05:30,19.0,69
2023-11-24 19:00:00+05:30,17.7,75
2023-11-24 20:00:00+05:30,16.7,82
2023-11-24 21:00:00+05:30,15.4,87
2023-11-24 22:00:00+05:30,14.9,87
2023-11-24 23:00:00+05:30,14.5,87
2023-11-25 00:00:00+05:30,14.1,87
2023-11-25 01:00:00+05:30,13.2,89
2023-11-25 02:00:00+05:30,13.1,90
2023-11-25 03:00:00+05:30,12.9,91
2023-11-25 04:00:00+05:30,12.6,93
2023-11-25 05:00:00+05:30,12.2,94
2023-11-25 06:00:00+05:30,11.6,96
2023-11-25 07:00:00+05:30,12.2,96
2023-11-25 08:00:00+05:30,14.8,85
2023-11-25 09:00:00+05:30,18.2,73
2023-11-25 10:00:00+05:30,21.2,61
2023-11-25 11:00:00+05:30,23.4,52
2023-11-25 12:00:00+05:30,24.7,44
2023-11-25 13:00:00+05:30,25.2,41
2023-11-25 14:00:00+05:30,25.4,40
2023-11-25 15:00:00+05:30,25.0,41
2023-11-25 16:00:00+05:30,23.3,58
2023-11-25 17:00:00+05:30,21.5,58
2023-11-25 18:00:00+05:30,21.5,60
2023-11-25 19:00:00+05:30,20.4,65
2023-11-25 20:00:00+05:30,19.5,68
2023-11-25 21:00:00+05:30,18.8,71
2023-11-25 22:00:00+05:30,18.4,72
2023-11-25 23:00:00+05:30,15.7,85
2023-11-26 00:00:00+05:30,14.6,90
2023-11-26 01:00:00+05:30,16.3,82
2023-11-26 02:00:00+05:30,16.3,82
2023-11-26 03:00:00+05:30,16.0,83
2023-11-26 04:00:00+05:30,14.2,90
2023-11-26 05:00:00+05:30,13.8,93
2023-11-26 06:00:00+05:30,13.5,94
2023-11-26 07:00:00+05:30,14.1,91
2023-11-26 08:00:00+05:30,16.4,80
2023-11-26 09:00:00+05:30,19.5,68
2023-11-26 10:00:00+05:30,21.9,59
2023-11-26 11:00:00+05:30,23.6,52
2023-11-26 12:00:00+05:30,24.8,45
2023-11-26 13:00:00+05:30,25.3,40
2023-11-26 14:00:00+05:30,25.5,38
2023-11-26 15:00:00+05:30,25.2,40
2023-11-26 16:00:00+05:30,23.7,49
2023-11-26 17:00:00+05:30,21.0,60
2023-11-26 18:00:00+05:30,20.2,68
2023-11-26 19:00:00+05:30,19.2,72
2023-11-26 20:00:00+05:30,18.8,72
2023-11-26 21:00:00+05:30,18.6,72
2023-11-26 22:00:00+05:30,18.1,73
2023-11-26 23:00:00+05:30,17.3,77
2023-11-27 00:00:00+05:30,17.0,78
2023-11-27 01:00:00+05:30,15.6,86
2023-11-27 02:00:00+05:30,15.4,87
2023-11-27 03:00:00+05:30,15.3,88
2023-11-27 04:00:00+05:30,15.4,87
2023-11-27 05:00:00+05:30,16.6,81
2023-11-27 06:00:00+05:30,16.0,86
2023-11-27 07:00:00+05:30,16.3,84
2023-11-27 08:00:00+05:30,17.4,79
2023-11-27 09:00:00+05:30,18.8,74
2023-11-27 10:00:00+05:30,19.9,70
2023-11-27 11:00:00+05:30,20.5,71
2023-11-27 12:00:00+05:30,22.6,62
2023-11-27 13:00:00+05:30,24.1,47
2023-11-27 14:00:00+05:30,24.2,44
2023-11-27 15:00:00+05:30,23.6,47
2023-11-27 16:00:00+05:30,22.7,50
2023-11-27 17:00:00+05:30,20.4,59
2023-11-27 18:00:00+05:30,19.4,75
2023-11-27 19:00:00+05:30,17.8,89
2023-11-27 20:00:00+05:30,17.4,92
2023-11-27 21:00:00+05:30,17.1,91
2023-11-27 22:00:00+05:30,16.7,89
2023-11-27 23:00:00+05:30,16.2,94
2023-11-28 00:00:00+05:30,16.1,93
2023-11-28 01:00:00+05:30,16.1,93
2023-11-28 02:00:00+05:30,15.2,96
2023-11-28 03:00:00+05:30,15.4,96
2023-11-28 04:00:00+05:30,15.6,97
2023-11-28 05:00:00+05:30,15.9,97
2023-11-28 06:00:00+05:30,15.5,94
2023-11-28 07:00:00+05:30,15.7,93
2023-11-28 08:00:00+05:30,17.3,87
2023-11-28 09:00:00+05:30,18.4,85
2023-11-28 10:00:00+05:30,20.5,70
2023-11-28 11:00:00+05:30,20.0,69
2023-11-28 12:00:00+05:30,19.0,83
2023-11-28 13:00:00+05:30,19.3,83
2023-11-28 14:00:00+05:30,19.3,83
2023-11-28 15:00:00+05:30,20.3,78
2023-11-28 16:00:00+05:30,20.0,80
2023-11-28 17:00:00+05:30,17.5,93
2023-11-28 18:00:00+05:30,18.5,90
2023-11-28 19:00:00+05:30,18.0,93
2023-11-28 20:00:00+05:30,17.6,95
2023-11-28 21:00:00+05:30,17.1,96
2023-11-28 22:00:00+05:30,16.7,96
2023-11-28 23:00:00+05:30,16.2,96
2023-11-29 00:00:00+05:30,15.6,97
2023-11-29 01:00:00+05:30,15.0,97
2023-11-29 02:00:00+05:30,14.5,97
2023-11-29 03:00:00+05:30,14.1,98
2023-11-29 04:00:00+05:30,14.0,97
2023-11-29 05:00:00+05:30,13.6,97
2023-11-29 06:00:00+05:30,13.4,98
2023-11-29 07:00:00+05:30,14.2,97
2023-11-29 08:00:00+05:30,16.3,91
2023-11-29 09:00:00+05:30,18.9,80
2023-11-29 10:00:00+05:30,21.5,69
2023-11-29 11:00:00+05:30,23.5,58
2023-11-29 12:00:00+05:30,24.4,51
2023-11-29 13:00:00+05:30,24.8,50
2023-11-29 14:00:00+05:30,24.8,50
2023-11-29 15:00:00+05:30,24.2,51
2023-11-29 16:00:00+05:30,23.4,64
2023-11-29 17:00:00+05:30,22.9,57
2023-11-29 18:00:00+05:30,19.1,83
2023-11-29 19:00:00+05:30,19.2,82
2023-11-29 20:00:00+05:30,17.3,92
2023-11-29 21:00:00+05:30,16.7,94
2023-11-29 22:00:00+05:30,17.7,89
2023-11-29 23:00:00+05:30,17.5,89
2023-11-30 00:00:00+05:30,16.4,94
2023-11-30 01:00:00+05:30,15.5,96
2023-11-30 02:00:00+05:30,14.9,97
2023-11-30 03:00:00+05:30,14.4,98
2023-11-30 04:00:00+05:30,14.0,98
2023-11-30 05:00:00+05:30,13.4,99
2023-11-30 06:00:00+05:30,14.9,97
2023-11-30 07:00:00+05:30,15.4,96
2023-11-30 08:00:00+05:30,16.8,91
2023-11-30 09:00:00+05:30,18.6,83
2023-11-30 10:00:00+05:30,19.3,76
2023-11-30 11:00:00+05:30,21.1,68
2023-11-30 12:00:00+05:30,21.4,68
2023-11-30 13:00:00+05:30,21.0,69
2023-11-30 14:00:00+05:30,21.5,66
2023-11-30 15:00:00+05:30,21.7,65
2023-11-30 16:00:00+05:30,21.1,68
2023-11-30 17:00:00+05:30,19.0,78
2023-11-30 18:00:00+05:30,18.5,86
2023-11-30 19:00:00+05:30,17.3,93
2023-11-30 20:00:00+05:30,16.7,95
2023-11-30 21:00:00+05:30,16.5,95
2023-11-30 22:00:00+05:30,16.1,95
2023-11-30 23:00:00+05:30,15.5,96
2023-12-01 00:00:00+05:30,15.3,97
2023-12-01 01:00:00+05:30,15.1,97
2023-12-01 02:00:00+05:30,14.9,96
2023-12-01 03:00:00+05:30,14.6,96
2023-12-01 04:00:00+05:30,14.2,96
2023-12-01 05:00:00+05:30,14.1,96
2023-12-01 06:00:00+05:30,15.8,97
2023-12-01 07:00:00+05:30,15.7,96
2023-12-01 08:00:00+05:30,17.0,91
2023-12-01 09:00:00+05:30,18.3,85
2023-12-01 10:00:00+05:30,20.5,74
2023-12-01 11:00:00+05:30,22.1,67
2023-12-01 12:00:00+05:30,23.3,63
2023-12-01 13:00:00+05:30,24.1,58
2023-12-01 14:00:00+05:30,24.4,55
2023-12-01 15:00:00+05:30,24.1,53
2023-12-01 16:00:00+05:30,23.3,58
2023-12-01 17:00:00+05:30,20.5,70
2023-12-01 18:00:00+05:30,19.4,80
2023-12-01 19:00:00+05:30,18.5,84
2023-12-01 20:00:00+05:30,18.2,84
2023-12-01 21:00:00+05:30,17.7,84
2023-12-01 22:00:00+05:30,17.0,86
2023-12-01 23:00:00+05:30,16.4,90
2023-12-02 00:00:00+05:30,15.8,93
2023-12-02 01:00:00+05:30,15.3,93
2023-12-02 02:00:00+05:30,14.8,95
2023-12-02 03:00:00+05:30,14.4,96
2023-12-02 04:00:00+05:30,14.1,96
2023-12-02 05:00:00+05:30,13.7,96
2023-12-02 06:00:00+05:30,14.2,98
2023-12-02 07:00:00+05:30,14.5,98
2023-12-02 08:00:00+05:30,16.4,91
2023-12-02 09:00:00+05:30,18.9,80
2023-12-02 10:00:00+05:30,21.5,68
2023-12-02 11:00:00+05:30,23.1,60
2023-12-02 12:00:00+05:30,24.0,54
2023-12-02 13:00:00+05:30,24.3,51
2023-12-02 14:00:00+05:30,24.4,49
2023-12-02 15:00:00+05:30,24.2,49
2023-12-02 16:00:00+05:30,23.1,57
2023-12-02 17:00:00+05:30,20.0,69
2023-12-02 18:00:00+05:30,19.1,73
2023-12-02 19:00:00+05:30,18.4,75
2023-12-02 20:00:00+05:30,17.5,78
2023-12-02 21:00:00+05:30,16.7,82
2023-12-02 22:00:00+05:30,15.9,86
2023-12-02 23:00:00+05:30,15.1,89
2023-12-03 00:00:00+05:30,14.5,91
2023-12-03 01:00:00+05:30,13.7,93
2023-12-03 02:00:00+05:30,13.0,95
2023-12-03 03:00:00+05:30,12.8,95
2023-12-03 04:00:00+05:30,12.2,96
2023-12-03 05:00:00+05:30,11.5,97
2023-12-03 06:00:00+05:30,11.9,99
2023-12-03 07:00:00+05:30,12.7,98
2023-12-03 08:00:00+05:30,15.0,90
2023-12-03 09:00:00+05:30,18.0,80
2023-12-03 10:00:00+05:30,20.8,69
2023-12-03 11:00:00+05:30,22.8,57
2023-12-03 12:00:00+05:30,23.9,49
2023-12-03 13:00:00+05:30,24.5,44
2023-12-03 14:00:00+05:30,24.6,42
2023-12-03 15:00:00+05:30,24.3,42
2023-12-03 16:00:00+05:30,22.9,51
2023-12-03 17:00:00+05:30,19.3,66
2023-12-03 18:00:00+05:30,20.4,63
2023-12-03 19:00:00+05:30,19.4,72
2023-12-03 20:00:00+05:30,18.9,73
2023-12-03 21:00:00+05:30,17.8,81
2023-12-03 22:00:00+05:30,17.8,82
2023-12-03 23:00:00+05:30,17.0,85
2023-12-04 00:00:00+05:30,16.8,85
2023-12-04 01:00:00+05:30,15.8,87
2023-12-04 02:00:00+05:30,15.7,85
2023-12-04 03:00:00+05:30,14.3,90
2023-12-04 04:00:00+05:30,13.8,90
2023-12-04 05:00:00+05:30,14.2,87
2023-12-04 06:00:00+05:30,14.2,96
2023-12-04 07:00:00+05:30,14.6,94
2023-12-04 08:00:00+05:30,16.1,87
2023-12-04 09:00:00+05:30,18.2,76
2023-12-04 10:00:00+05:30,20.0,65
2023-12-04 11:00:00+05:30,21.5,54
2023-12-04 12:00:00+05:30,22.6,47
2023-12-04 13:00:00+05:30,23.1,44
2023-12-04 14:00:00+05:30,23.1,43
2023-12-04 15:00:00+05:30,22.7,44
2023-12-04 16:00:00+05:30,21.8,49
2023-12-04 17:00:00+05:30,19.6,58
2023-12-04 18:00:00+05:30,18.1,77
2023-12-04 19:00:00+05:30,17.1,77
2023-12-04 20:00:00+05:30,16.3,80
2023-12-04 21:00:00+05:30,15.5,83
2023-12-04 22:00:00+05:30,14.6,88
2023-12-04 23:00:00+05:30,13.9,90
2023-12-05 00:00:00+05:30,13.0,92
2023-12-05 01:00:00+05:30,12.7,92
2023-12-05 02:00:00+05:30,12.5,91
2023-12-05 03:00:00+05:30,12.4,91
2023-12-05 04:00:00+05:30,11.4,94
2023-12-05 05:00:00+05:30,11.6,91
2023-12-05 06:00:00+05:30,12.0,95
2023-12-05 07:00:00+05:30,12.5,95
2023-12-05 08:00:00+05:30,14.6,86
2023-12-05 09:00:00+05:30,16.9,78
2023-12-05 10:00:00+05:30,19.5,67
2023-12-05 11:00:00+05:30,21.5,55
2023-12-05 12:00:00+05:30,22.8,46
2023-12-05 13:00:00+05:30,23.3,43
2023-12-05 14:00:00+05:30,23.4,42
2023-12-05 15:00:00+05:30,23.0,42
2023-12-05 16:00:00+05:30,21.6,49
2023-12-05 17:00:00+05:30,18.9,58
2023-12-05 18:00:00+05:30,18.5,60
2023-12-05 19:00:00+05:30,17.3,66
2023-12-05 20:00:00+05:30,16.1,72
2023-12-05 21:00:00+05:30,15.2,77
2023-12-05 22:00:00+05:30,14.4,81
2023-12-05 23:00:00+05:30,14.0,83
2023-12-06 00:00:00+05:30,13.7,84
2023-12-06 01:00:00+05:30,13.3,86
2023-12-06 02:00:00+05:30,12.7,89
2023-12-06 03:00:00+05:30,12.2,91
2023-12-06 04:00:00+05:30,11.9,92
2023-12-06 05:00:00+05:30,11.8,93
2023-12-06 06:00:00+05:30,11.8,95
2023-12-06 07:00:00+05:30,11.7,96
2023-12-06 08:00:00+05:30,13.8,89
2023-12-06 09:00:00+05:30,16.3,81
2023-12-06 10:00:00+05:30,18.8,73
2023-12-06 11:00:00+05:30,21.0,64
2023-12-06 12:00:00+05:30,22.6,55
2023-12-06 13:00:00+05:30,23.6,47
2023-12-06 14:00:00+05:30,23.9,44
2023-12-06 15:00:00+05:30,23.6,44
2023-12-06 16:00:00+05:30,21.9,62
2023-12-06 17:00:00+05:30,18.6,67
2023-12-06 18:00:00+05:30,17.4,73
2023-12-06 19:00:00+05:30,16.5,77
2023-12-06 20:00:00+05:30,15.8,80
2023-12-06 21:00:00+05:30,15.0,83
2023-12-06 22:00:00+05:30,14.3,86
2023-12-06 23:00:00+05:30,13.6,89
2023-12-07 00:00:00+05:30,12.9,91
2023-12-07 01:00:00+05:30,12.4,92
2023-12-07 02:00:00+05:30,12.3,93
2023-12-07 03:00:00+05:30,11.9,94
2023-12-07 04:00:00+05:30,11.6,95
2023-12-07 05:00:00+05:30,11.5,96
2023-12-07 06:00:00+05:30,11.3,99
2023-12-07 07:00:00+05:30,11.7,99
2023-12-07 08:00:00+05:30,14.1,91
2023-12-07 09:00:00+05:30,17.3,81
2023-12-07 10:00:00+05:30,20.1,69
2023-12-07 11:00:00+05:30,22.1,59
2023-12-07 12:00:00+05:30,23.5,52
2023-12-07 13:00:00+05:30,24.3,47
2023-12-07 14:00:00+05:30,24.5,44
2023-12-07 15:00:00+05:30,24.2,44
2023-12-07 16:00:00+05:30,22.6,51
2023-12-07 17:00:00+05:30,19.5,62
2023-12-07 18:00:00+05:30,19.0,66
2023-12-07 19:00:00+05:30,17.6,71
2023-12-07 20:00:00+05:30,16.1,78
2023-12-07 21:00:00+05:30,14.8,85
2023-12-07 22:00:00+05:30,14.0,89
2023-12-07 23:00:00+05:30,13.5,90
2023-12-08 00:00:00+05:30,12.9,91
2023-12-08 01:00:00+05:30,12.4,91
2023-12-08 02:00:00+05:30,11.9,92
2023-12-08 03:00:00+05:30,11.7,93
2023-12-08 04:00:00+05:30,11.5,93
2023-12-08 05:00:00+05:30,11.4,93
2023-12-08 06:00:00+05:30,11.5,95
2023-12-08 07:00:00+05:30,11.7,95
2023-12-08 08:00:00+05:30,13.9,86
2023-12-08 09:00:00+05:30,16.7,77
2023-12-08 10:00:00+05:30,19.4,69
2023-12-08 11:00:00+05:30,21.6,60
2023-12-08 12:00:00+05:30,23.0,52
2023-12-08 13:00:00+05:30,23.8,45
2023-12-08 14:00:00+05:30,24.0,42
2023-12-08 15:00:00+05:30,23.7,42
2023-12-08 16:00:00+05:30,22.3,48
2023-12-08 17:00:00+05:30,19.1,60
2023-12-08 18:00:00+05:30,18.1,66
2023-12-08 19:00:00+05:30,16.6,72
2023-12-08 20:00:00+05:30,15.0,80
2023-12-08 21:00:00+05:30,14.2,84
2023-12-08 22:00:00+05:30,13.3,87
2023-12-08 23:00:00+05:30,12.4,89
2023-12-09 00:00:00+05:30,11.9,90
2023-12-09 01:00:00+05:30,10.9,92
2023-12-09 02:00:00+05:30,10.9,90
2023-12-09 03:00:00+05:30,10.8,90
2023-12-09 04:00:00+05:30,10.6,90
2023-12-09 05:00:00+05:30,10.4,91
2023-12-09 06:00:00+05:30,10.5,91
2023-12-09 07:00:00+05:30,10.6,91
2023-12-09 08:00:00+05:30,13.0,81
2023-12-09 09:00:00+05:30,16.0,71
2023-12-09 10:00:00+05:30,18.9,61
2023-12-09 11:00:00+05:30,21.1,52
2023-12-09 12:00:00+05:30,22.5,47
2023-12-09 13:00:00+05:30,23.4,42
2023-12-09 14:00:00+05:30,23.7,39
2023-12-09 15:00:00+05:30,23.3,38
2023-12-09 16:00:00+05:30,21.8,45
2023-12-09 17:00:00+05:30,18.3,58
2023-12-09 18:00:00+05:30,17.3,64
2023-12-09 19:00:00+05:30,16.2,68
2023-12-09 20:00:00+05:30,15.1,73
2023-12-09 21:00:00+05:30,14.2,77
2023-12-09 22:00:00+05:30,13.4,80
2023-12-09 23:00:00+05:30,12.8,83
2023-12-10 00:00:00+05:30,12.4,84
2023-12-10 01:00:00+05:30,12.1,84
2023-12-10 02:00:00+05:30,11.7,84
2023-12-10 03:00:00+05:30,11.4,84
2023-12-10 04:00:00+05:30,11.2,83
2023-12-10 05:00:00+05:30,11.0,83
2023-12-10 06:00:00+05:30,10.9,85
2023-12-10 07:00:00+05:30,10.9,85
2023-12-10 08:00:00+05:30,12.8,77
2023-12-10 09:00:00+05:30,15.6,67
2023-12-10 10:00:00+05:30,18.3,59
2023-12-10 11:00:00+05:30,20.4,51
2023-12-10 12:00:00+05:30,21.8,43
2023-12-10 13:00:00+05:30,22.6,38
2023-12-10 14:00:00+05:30,22.8,36
2023-12-10 15:00:00+05:30,22.4,37
2023-12-10 16:00:00+05:30,21.0,44
2023-12-10 17:00:00+05:30,18.1,54
2023-12-10 18:00:00+05:30,17.0,60
2023-12-10 19:00:00+05:30,15.9,65
2023-12-10 20:00:00+05:30,15.1,68
2023-12-10 21:00:00+05:30,14.0,74
2023-12-10 22:00:00+05:30,13.0,79
2023-12-10 23:00:00+05:30,11.8,85
2023-12-11 00:00:00+05:30,10.9,89
2023-12-11 01:00:00+05:30,10.0,91
2023-12-11 02:00:00+05:30,9.8,91
2023-12-11 03:00:00+05:30,9.2,93
2023-12-11 04:00:00+05:30,9.3,93
2023-12-11 05:00:00+05:30,9.2,93
2023-12-11 06:00:00+05:30,8.4,95
2023-12-11 07:00:00+05:30,8.6,96
2023-12-11 08:00:00+05:30,11.6,87
2023-12-11 09:00:00+05:30,15.2,74
2023-12-11 10:00:00+05:30,18.2,63
2023-12-11 11:00:00+05:30,20.2,54
2023-12-11 12:00:00+05:30,21.4,46
2023-12-11 13:00:00+05:30,22.1,42
2023-12-11 14:00:00+05:30,22.3,39
2023-12-11 15:00:00+05:30,22.0,39
2023-12-11 16:00:00+05:30,20.4,56
2023-12-11 17:00:00+05:30,19.8,50
2023-12-11 18:00:00+05:30,18.5,54
2023-12-11 19:00:00+05:30,15.6,67
2023-12-11 20:00:00+05:30,15.9,63
2023-12-11 21:00:00+05:30,14.6,67
2023-12-11 22:00:00+05:30,11.6,80
2023-12-11 23:00:00+05:30,10.7,85
2023-12-12 00:00:00+05:30,10.4,86
2023-12-12 01:00:00+05:30,10.1,89
2023-12-12 02:00:00+05:30,9.7,90
2023-12-12 03:00:00+05:30,9.2,92
2023-12-12 04:00:00+05:30,8.7,93
2023-12-12 05:00:00+05:30,8.5,93
2023-12-12 06:00:00+05:30,8.5,95
2023-12-12 07:00:00+05:30,8.8,96
2023-12-12 08:00:00+05:30,11.6,86
2023-12-12 09:00:00+05:30,14.9,74
2023-12-12 10:00:00+05:30,17.9,63
2023-12-12 11:00:00+05:30,20.2,55
2023-12-12 12:00:00+05:30,21.6,50
2023-12-12 13:00:00+05:30,22.3,48
2023-12-12 14:00:00+05:30,22.7,45
2023-12-12 15:00:00+05:30,22.7,43
2023-12-12 16:00:00+05:30,21.5,63
2023-12-12 17:00:00+05:30,17.6,64
2023-12-12 18:00:00+05:30,19.4,53
2023-12-12 19:00:00+05:30,18.1,58
2023-12-12 20:00:00+05:30,16.2,66
2023-12-12 21:00:00+05:30,13.2,80
2023-12-12 22:00:00+05:30,12.3,84
2023-12-12 23:00:00+05:30,11.9,85
2023-12-13 00:00:00+05:30,12.2,82
2023-12-13 01:00:00+05:30,12.0,82
2023-12-13 02:00:00+05:30,11.0,86
2023-12-13 03:00:00+05:30,10.1,89
2023-12-13 04:00:00+05:30,9.8,89
2023-12-13 05:00:00+05:30,10.1,87
2023-12-13 06:00:00+05:30,9.0,95
2023-12-13 07:00:00+05:30,9.0,96
2023-12-13 08:00:00+05:30,12.1,87
2023-12-13 09:00:00+05:30,15.5,76
2023-12-13 10:00:00+05:30,18.4,65
2023-12-13 11:00:00+05:30,20.5,56
2023-12-13 12:00:00+05:30,21.9,48
2023-12-13 13:00:00+05:30,22.7,43
2023-12-13 14:00:00+05:30,22.9,39
2023-12-13 15:00:00+05:30,22.6,40
2023-12-13 16:00:00+05:30,21.3,45
2023-12-13 17:00:00+05:30,17.0,62
2023-12-13 18:00:00+05:30,16.7,57
2023-12-13 19:00:00+05:30,15.4,62
2023-12-13 20:00:00+05:30,14.1,68
2023-12-13 21:00:00+05:30,13.6,71
2023-12-13 22:00:00+05:30,12.9,74
2023-12-13 23:00:00+05:30,12.3,77
2023-12-14 00:00:00+05:30,11.7,80
2023-12-14 01:00:00+05:30,10.8,85
2023-12-14 02:00:00+05:30,10.2,88
2023-12-14 03:00:00+05:30,9.8,89
2023-12-14 04:00:00+05:30,9.7,90
2023-12-14 05:00:00+05:30,9.5,90
2023-12-14 06:00:00+05:30,9.8,90
2023-12-14 07:00:00+05:30,9.8,91
2023-12-14 08:00:00+05:30,11.8,82
2023-12-14 09:00:00+05:30,14.7,72
2023-12-14 10:00:00+05:30,17.4,62
2023-12-14 11:00:00+05:30,19.6,54
2023-12-14 12:00:00+05:30,21.2,46
2023-12-14 13:00:00+05:30,22.1,40
2023-12-14 14:00:00+05:30,22.4,39
2023-12-14 15:00:00+05:30,22.0,41
2023-12-14 16:00:00+05:30,20.8,46
2023-12-14 17:00:00+05:30,17.6,58
2023-12-14 18:00:00+05:30,16.2,63
2023-12-14 19:00:00+05:30,14.8,69
2023-12-14 20:00:00+05:30,13.8,74
2023-12-14 21:00:00+05:30,13.2,76
2023-12-14 22:00:00+05:30,12.5,80
2023-12-14 23:00:00+05:30,11.1,87
2023-12-15 00:00:00+05:30,10.4,90
2023-12-15 01:00:00+05:30,9.7,91
2023-12-15 02:00:00+05:30,9.2,92
2023-12-15 03:00:00+05:30,8.7,93
2023-12-15 04:00:00+05:30,8.4,94
2023-12-15 05:00:00+05:30,7.9,95
2023-12-15 06:00:00+05:30,6.9,95
2023-12-15 07:00:00+05:30,6.8,96
2023-12-15 08:00:00+05:30,9.9,87
2023-12-15 09:00:00+05:30,13.5,73
2023-12-15 10:00:00+05:30,16.8,61
2023-12-15 11:00:00+05:30,19.2,50
2023-12-15 12:00:00+05:30,20.8,41
2023-12-15 13:00:00+05:30,21.8,38
2023-12-15 14:00:00+05:30,22.0,37
2023-12-15 15:00:00+05:30,21.8,38
2023-12-15 16:00:00+05:30,20.0,51
2023-12-15 17:00:00+05:30,17.8,55
2023-12-15 18:00:00+05:30,18.6,53
2023-12-15 19:00:00+05:30,16.7,60
2023-12-15 20:00:00+05:30,13.2,77
2023-12-15 21:00:00+05:30,12.2,82
2023-12-15 22:00:00+05:30,11.6,81
2023-12-15 23:00:00+05:30,10.6,83
2023-12-16 00:00:00+05:30,9.8,85
2023-12-16 01:00:00+05:30,9.1,88
2023-12-16 02:00:00+05:30,8.7,90
2023-12-16 03:00:00+05:30,8.3,91
2023-12-16 04:00:00+05:30,8.1,92
2023-12-16 05:00:00+05:30,7.6,93
2023-12-16 06:00:00+05:30,7.5,94
2023-12-16 07:00:00+05:30,7.7,94
2023-12-16 08:00:00+05:30,10.5,85
2023-12-16 09:00:00+05:30,14.3,73
2023-12-16 10:00:00+05:30,17.6,61
2023-12-16 11:00:00+05:30,20.1,48
2023-12-16 12:00:00+05:30,21.6,41
2023-12-16 13:00:00+05:30,22.4,36
2023-12-16 14:00:00+05:30,22.5,35
2023-12-16 15:00:00+05:30,22.1,35
2023-12-16 16:00:00+05:30,20.6,42
2023-12-16 17:00:00+05:30,17.7,52
2023-12-16 18:00:00+05:30,15.3,62
2023-12-16 19:00:00+05:30,13.6,69
2023-12-16 20:00:00+05:30,12.6,75
2023-12-16 21:00:00+05:30,11.9,77
2023-12-16 22:00:00+05:30,11.2,79
2023-12-16 23:00:00+05:30,10.7,79
2023-12-17 00:00:00+05:30,10.1,81
2023-12-17 01:00:00+05:30,10.0,82
2023-12-17 02:00:00+05:30,10.0,82
2023-12-17 03:00:00+05:30,10.1,82
2023-12-17 04:00:00+05:30,10.4,80
2023-12-17 05:00:00+05:30,9.0,87
2023-12-17 06:00:00+05:30,8.5,90
2023-12-17 07:00:00+05:30,8.7,91
2023-12-17 08:00:00+05:30,11.7,79
2023-12-17 09:00:00+05:30,15.5,67
2023-12-17 10:00:00+05:30,18.6,57
2023-12-17 11:00:00+05:30,20.8,49
2023-12-17 12:00:00+05:30,22.1,42
2023-12-17 13:00:00+05:30,22.6,40
2023-12-17 14:00:00+05:30,22.6,40
2023-12-17 15:00:00+05:30,22.3,40
2023-12-17 16:00:00+05:30,21.0,46
2023-12-17 17:00:00+05:30,17.7,58
2023-12-17 18:00:00+05:30,16.8,58
2023-12-17 19:00:00+05:30,15.5,62
2023-12-17 20:00:00+05:30,14.5,65
2023-12-17 21:00:00+05:30,13.9,67
2023-12-17 22:00:00+05:30,13.0,71
2023-12-17 23:00:00+05:30,12.1,76
2023-12-18 00:00:00+05:30,10.8,84
2023-12-18 01:00:00+05:30,10.5,87
2023-12-18 02:00:00+05:30,10.2,88
2023-12-18 03:00:00+05:30,9.9,89
2023-12-18 04:00:00+05:30,9.4,91
2023-12-18 05:00:00+05:30,9.2,91
2023-12-18 06:00:00+05:30,9.1,93
2023-12-18 07:00:00+05:30,9.1,93
2023-12-18 08:00:00+05:30,10.9,85
2023-12-18 09:00:00+05:30,13.7,74
2023-12-18 10:00:00+05:30,16.6,63
2023-12-18 11:00:00+05:30,19.0,54
2023-12-18 12:00:00+05:30,20.7,45
2023-12-18 13:00:00+05:30,21.5,38
2023-12-18 14:00:00+05:30,21.8,35
2023-12-18 15:00:00+05:30,21.5,34
2023-12-18 16:00:00+05:30,20.3,38
2023-12-18 17:00:00+05:30,17.6,47
2023-12-18 18:00:00+05:30,16.0,56
2023-12-18 19:00:00+05:30,14.8,60
2023-12-18 20:00:00+05:30,14.0,62
2023-12-18 21:00:00+05:30,13.2,64
2023-12-18 22:00:00+05:30,12.5,66
2023-12-18 23:00:00+05:30,12.0,68
2023-12-19 00:00:00+05:30,11.5,69
2023-12-19 01:00:00+05:30,11.1,71
2023-12-19 02:00:00+05:30,10.7,73
2023-12-19 03:00:00+05:30,10.3,74
2023-12-19 04:00:00+05:30,9.8,76
2023-12-19 05:00:00+05:30,9.4,78
2023-12-19 06:00:00+05:30,8.7,87
2023-12-19 07:00:00+05:30,8.5,88
2023-12-19 08:00:00+05:30,10.4,79
2023-12-19 09:00:00+05:30,13.2,68
2023-12-19 10:00:00+05:30,16.1,59
2023-12-19 11:00:00+05:30,18.5,52
2023-12-19 12:00:00+05:30,20.3,46
2023-12-19 13:00:00+05:30,21.4,42
2023-12-19 14:00:00+05:30,21.9,38
2023-12-19 15:00:00+05:30,21.6,38
2023-12-19 16:00:00+05:30,20.4,43
2023-12-19 17:00:00+05:30,17.3,54
2023-12-19 18:00:00+05:30,15.8,60
2023-12-19 19:00:00+05:30,14.7,65
2023-12-19 20:00:00+05:30,13.9,68
2023-12-19 21:00:00+05:30,13.2,69
2023-12-19 22:00:00+05:30,12.5,71
2023-12-19 23:00:00+05:30,11.7,74
2023-12-20 00:00:00+05:30,11.1,76
2023-12-20 01:00:00+05:30,10.5,78
2023-12-20 02:00:00+05:30,10.0,81
2023-12-20 03:00:00+05:30,9.8,81
2023-12-20 04:00:00+05:30,9.4,83
2023-12-20 05:00:00+05:30,8.7,87
2023-12-20 06:00:00+05:30,7.6,91
2023-12-20 07:00:00+05:30,7.6,92
2023-12-20 08:00:00+05:30,9.8,82
2023-12-20 09:00:00+05:30,12.7,71
2023-12-20 10:00:00+05:30,15.6,61
2023-12-20 11:00:00+05:30,17.9,55
2023-12-20 12:00:00+05:30,19.4,49
2023-12-20 13:00:00+05:30,20.4,45
2023-12-20 14:00:00+05:30,20.7,43
2023-12-20 15:00:00+05:30,20.6,43
2023-12-20 16:00:00+05:30,19.5,48
2023-12-20 17:00:00+05:30,16.0,63
2023-12-20 18:00:00+05:30,15.4,68
2023-12-20 19:00:00+05:30,14.1,75
2023-12-20 20:00:00+05:30,13.0,80
2023-12-20 21:00:00+05:30,12.5,83
2023-12-20 22:00:00+05:30,11.8,86
2023-12-20 23:00:00+05:30,11.4,88
2023-12-21 00:00:00+05:30,10.3,92
2023-12-21 01:00:00+05:30,9.7,93
2023-12-21 02:00:00+05:30,9.0,94
2023-12-21 03:00:00+05:30,8.8,94
2023-12-21 04:00:00+05:30,8.8,94
2023-12-21 05:00:00+05:30,8.8,94
2023-12-21 06:00:00+05:30,7.9,96
2023-12-21 07:00:00+05:30,8.2,96
2023-12-21 08:00:00+05:30,10.5,88
2023-12-21 09:00:00+05:30,13.0,79
2023-12-21 10:00:00+05:30,15.7,69
2023-12-21 11:00:00+05:30,18.4,58
2023-12-21 12:00:00+05:30,20.2,50
2023-12-21 13:00:00+05:30,21.3,45
2023-12-21 14:00:00+05:30,21.8,43
2023-12-21 15:00:00+05:30,21.6,42
2023-12-21 16:00:00+05:30,20.4,48
2023-12-21 17:00:00+05:30,16.6,63
2023-12-21 18:00:00+05:30,15.9,68
2023-12-21 19:00:00+05:30,14.7,73
2023-12-21 20:00:00+05:30,13.6,79
2023-12-21 21:00:00+05:30,12.4,85
2023-12-21 22:00:00+05:30,11.6,88
2023-12-21 23:00:00+05:30,11.0,90
2023-12-22 00:00:00+05:30,10.2,92
2023-12-22 01:00:00+05:30,9.6,93
2023-12-22 02:00:00+05:30,8.9,95
2023-12-22 03:00:00+05:30,8.8,95
2023-12-22 04:00:00+05:30,8.1,96
2023-12-22 05:00:00+05:30,8.0,96
2023-12-22 06:00:00+05:30,7.5,98
2023-12-22 07:00:00+05:30,7.0,99
2023-12-22 08:00:00+05:30,9.7,92
2023-12-22 09:00:00+05:30,12.8,81
2023-12-22 10:00:00+05:30,15.8,70
2023-12-22 11:00:00+05:30,18.4,59
2023-12-22 12:00:00+05:30,20.0,51
2023-12-22 13:00:00+05:30,21.1,46
2023-12-22 14:00:00+05:30,21.5,45
2023-12-22 15:00:00+05:30,21.6,45
2023-12-22 16:00:00+05:30,20.5,54
2023-12-22 17:00:00+05:30,16.3,68
2023-12-22 18:00:00+05:30,16.1,74
2023-12-22 19:00:00+05:30,14.9,80
2023-12-22 20:00:00+05:30,13.4,87
2023-12-22 21:00:00+05:30,12.9,86
2023-12-22 22:00:00+05:30,12.7,85
2023-12-22 23:00:00+05:30,11.2,91
2023-12-23 00:00:00+05:30,10.4,94
2023-12-23 01:00:00+05:30,10.6,94
2023-12-23 02:00:00+05:30,10.7,94
2023-12-23 03:00:00+05:30,10.8,94
2023-12-23 04:00:00+05:30,12.0,88
2023-12-23 05:00:00+05:30,11.5,91
2023-12-23 06:00:00+05:30,11.8,91
2023-12-23 07:00:00+05:30,11.1,91
2023-12-23 08:00:00+05:30,13.0,86
2023-12-23 09:00:00+05:30,15.6,78
2023-12-23 10:00:00+05:30,17.9,69
2023-12-23 11:00:00+05:30,19.8,60
2023-12-23 12:00:00+05:30,21.1,53
2023-12-23 13:00:00+05:30,21.8,48
2023-12-23 14:00:00+05:30,22.2,45
2023-12-23 15:00:00+05:30,22.1,46
2023-12-23 16:00:00+05:30,21.2,51
2023-12-23 17:00:00+05:30,20.2,54
2023-12-23 18:00:00+05:30,19.5,60
2023-12-23 19:00:00+05:30,18.4,65
2023-12-23 20:00:00+05:30,16.0,76
2023-12-23 21:00:00+05:30,16.1,76
2023-12-23 22:00:00+05:30,15.4,79
2023-12-23 23:00:00+05:30,14.8,82
2023-12-24 00:00:00+05:30,11.4,94
2023-12-24 01:00:00+05:30,10.9,96
2023-12-24 02:00:00+05:30,10.0,96
2023-12-24 03:00:00+05:30,9.9,96
2023-12-24 04:00:00+05:30,9.5,96
2023-12-24 05:00:00+05:30,9.1,97
2023-12-24 06:00:00+05:30,9.7,95
2023-12-24 07:00:00+05:30,8.9,97
2023-12-24 08:00:00+05:30,11.4,91
2023-12-24 09:00:00+05:30,15.1,79
2023-12-24 10:00:00+05:30,18.4,67
2023-12-24 11:00:00+05:30,20.8,57
2023-12-24 12:00:00+05:30,22.0,50
2023-12-24 13:00:00+05:30,22.8,47
2023-12-24 14:00:00+05:30,23.1,45
2023-12-24 15:00:00+05:30,22.9,45
2023-12-24 16:00:00+05:30,21.9,50
2023-12-24 17:00:00+05:30,17.8,66
2023-12-24 18:00:00+05:30,17.5,72
2023-12-24 19:00:00+05:30,16.6,75
2023-12-24 20:00:00+05:30,15.5,80
2023-12-24 21:00:00+05:30,14.7,84
2023-12-24 22:00:00+05:30,13.5,89
2023-12-24 23:00:00+05:30,12.2,92
2023-12-25 00:00:00+05:30,12.0,93
2023-12-25 01:00:00+05:30,11.7,94
2023-12-25 02:00:00+05:30,11.4,94
2023-12-25 03:00:00+05:30,11.1,95
2023-12-25 04:00:00+05:30,10.9,95
2023-12-25 05:00:00+05:30,10.8,95
2023-12-25 06:00:00+05:30,10.8,95
2023-12-25 07:00:00+05:30,10.6,96
2023-12-25 08:00:00+05:30,12.2,92
2023-12-25 09:00:00+05:30,14.8,81
2023-12-25 10:00:00+05:30,17.7,70
2023-12-25 11:00:00+05:30,19.9,61
2023-12-25 12:00:00+05:30,21.5,54
2023-12-25 13:00:00+05:30,22.6,50
2023-12-25 14:00:00+05:30,23.1,47
2023-12-25 15:00:00+05:30,23.0,47
2023-12-25 16:00:00+05:30,22.0,51
2023-12-25 17:00:00+05:30,17.9,68
2023-12-25 18:00:00+05:30,16.3,77
2023-12-25 19:00:00+05:30,15.4,82
2023-12-25 20:00:00+05:30,14.5,86
2023-12-25 21:00:00+05:30,13.6,89
2023-12-25 22:00:00+05:30,12.8,91
2023-12-25 23:00:00+05:30,12.0,93
2023-12-26 00:00:00+05:30,11.3,95
2023-12-26 01:00:00+05:30,10.8,94
2023-12-26 02:00:00+05:30,10.4,95
2023-12-26 03:00:00+05:30,10.1,95
2023-12-26 04:00:00+05:30,9.7,95
2023-12-26 05:00:00+05:30,9.3,95
2023-12-26 06:00:00+05:30,9.5,96
2023-12-26 07:00:00+05:30,9.3,96
2023-12-26 08:00:00+05:30,11.8,89
2023-12-26 09:00:00+05:30,14.7,78
2023-12-26 10:00:00+05:30,17.4,68
2023-12-26 11:00:00+05:30,19.7,59
2023-12-26 12:00:00+05:30,21.3,53
2023-12-26 13:00:00+05:30,22.2,48
2023-12-26 14:00:00+05:30,22.6,46
2023-12-26 15:00:00+05:30,22.5,46
2023-12-26 16:00:00+05:30,21.4,52
2023-12-26 17:00:00+05:30,18.0,66
2023-12-26 18:00:00+05:30,15.6,78
2023-12-26 19:00:00+05:30,15.0,80
2023-12-26 20:00:00+05:30,14.1,83
2023-12-26 21:00:00+05:30,13.0,86
2023-12-26 22:00:00+05:30,12.1,88
2023-12-26 23:00:00+05:30,11.3,90
2023-12-27 00:00:00+05:30,10.9,92
2023-12-27 01:00:00+05:30,10.3,92
2023-12-27 02:00:00+05:30,10.5,90
2023-12-27 03:00:00+05:30,9.2,94
2023-12-27 04:00:00+05:30,8.6,96
2023-12-27 05:00:00+05:30,8.2,96
2023-12-27 06:00:00+05:30,7.8,97
2023-12-27 07:00:00+05:30,8.0,98
2023-12-27 08:00:00+05:30,10.4,92
2023-12-27 09:00:00+05:30,13.9,80
2023-12-27 10:00:00+05:30,16.8,69
2023-12-27 11:00:00+05:30,18.9,61
2023-12-27 12:00:00+05:30,20.3,56
2023-12-27 13:00:00+05:30,21.2,53
2023-12-27 14:00:00+05:30,21.7,52
2023-12-27 15:00:00+05:30,21.7,52
2023-12-27 16:00:00+05:30,20.8,56
2023-12-27 17:00:00+05:30,16.7,74
2023-12-27 18:00:00+05:30,15.1,85
2023-12-27 19:00:00+05:30,14.3,87
2023-12-27 20:00:00+05:30,13.8,88
2023-12-27 21:00:00+05:30,13.2,90
2023-12-27 22:00:00+05:30,12.7,91
2023-12-27 23:00:00+05:30,12.4,93
2023-12-28 00:00:00+05:30,12.1,94
2023-12-28 01:00:00+05:30,11.7,95
2023-12-28 02:00:00+05:30,11.3,95
2023-12-28 03:00:00+05:30,10.9,96
2023-12-28 04:00:00+05:30,10.2,98
2023-12-28 05:00:00+05:30,9.6,99
2023-12-28 06:00:00+05:30,9.8,100
2023-12-28 07:00:00+05:30,9.6,100
2023-12-28 08:00:00+05:30,10.7,99
2023-12-28 09:00:00+05:30,12.2,94
2023-12-28 10:00:00+05:30,14.9,83
2023-12-28 11:00:00+05:30,17.4,73
2023-12-28 12:00:00+05:30,19.3,63
2023-12-28 13:00:00+05:30,20.4,58
2023-12-28 14:00:00+05:30,21.0,55
2023-12-28 15:00:00+05:30,21.1,56
2023-12-28 16:00:00+05:30,20.3,61
2023-12-28 17:00:00+05:30,17.2,77
2023-12-28 18:00:00+05:30,13.8,88
2023-12-28 19:00:00+05:30,12.5,91
2023-12-28 20:00:00+05:30,12.0,91
2023-12-28 21:00:00+05:30,11.2,94
2023-12-28 22:00:00+05:30,10.0,97
2023-12-28 23:00:00+05:30,9.6,98
2023-12-29 00:00:00+05:30,10.0,97
2023-12-29 01:00:00+05:30,10.0,98
2023-12-29 02:00:00+05:30,8.7,100
2023-12-29 03:00:00+05:30,7.7,100
2023-12-29 04:00:00+05:30,7.5,100
2023-12-29 05:00:00+05:30,7.7,100
2023-12-29 06:00:00+05:30,8.6,100
2023-12-29 07:00:00+05:30,8.6,99
2023-12-29 08:00:00+05:30,9.6,98
2023-12-29 09:00:00+05:30,11.3,99
2023-12-29 10:00:00+05:30,13.0,94
2023-12-29 11:00:00+05:30,16.1,82
2023-12-29 12:00:00+05:30,18.4,73
2023-12-29 13:00:00+05:30,19.5,67
2023-12-29 14:00:00+05:30,20.2,62
2023-12-29 15:00:00+05:30,20.3,61
2023-12-29 16:00:00+05:30,19.8,63
2023-12-29 17:00:00+05:30,16.8,79
2023-12-29 18:00:00+05:30,15.5,79
2023-12-29 19:00:00+05:30,15.2,81
2023-12-29 20:00:00+05:30,12.7,91
2023-12-29 21:00:00+05:30,10.5,98
2023-12-29 22:00:00+05:30,9.8,99
2023-12-29 23:00:00+05:30,9.2,100
2023-12-30 00:00:00+05:30,9.2,100
2023-12-30 01:00:00+05:30,9.0,100
2023-12-30 02:00:00+05:30,8.8,100
2023-12-30 03:00:00+05:30,8.7,100
2023-12-30 04:00:00+05:30,8.3,100
2023-12-30 05:00:00+05:30,8.3,100
2023-12-30 06:00:00+05:30,9.0,100
2023-12-30 07:00:00+05:30,9.3,100
2023-12-30 08:00:00+05:30,10.2,98
2023-12-30 09:00:00+05:30,11.6,97
2023-12-30 10:00:00+05:30,12.8,95
2023-12-30 11:00:00+05:30,16.3,79
2023-12-30 12:00:00+05:30,17.7,74
2023-12-30 13:00:00+05:30,18.6,69
2023-12-30 14:00:00+05:30,19.0,67
2023-12-30 15:00:00+05:30,18.9,67
2023-12-30 16:00:00+05:30,18.3,69
2023-12-30 17:00:00+05:30,15.8,83
2023-12-30 18:00:00+05:30,12.9,92
2023-12-30 19:00:00+05:30,11.7,95
2023-12-30 20:00:00+05:30,11.1,96
2023-12-30 21:00:00+05:30,11.1,96
2023-12-30 22:00:00+05:30,10.5,97
2023-12-30 23:00:00+05:30,10.5,97
2023-12-31 00:00:00+05:30,9.7,99
2023-12-31 01:00:00+05:30,8.8,99
2023-12-31 02:00:00+05:30,9.1,100
2023-12-31 03:00:00+05:30,10.0,99
2023-12-31 04:00:00+05:30,9.8,100
2023-12-31 05:00:00+05:30,8.9,100
2023-12-31 06:00:00+05:30,11.9,90
2023-12-31 07:00:00+05:30,11.9,91
2023-12-31 08:00:00+05:30,12.7,89
2023-12-31 09:00:00+05:30,13.8,85
2023-12-31 10:00:00+05:30,15.3,74
2023-12-31 11:00:00+05:30,16.5,69
2023-12-31 12:00:00+05:30,17.6,64
2023-12-31 13:00:00+05:30,18.4,61
2023-12-31 14:00:00+05:30,18.8,59
2023-12-31 15:00:00+05:30,18.8,57
2023-12-31 16:00:00+05:30,18.2,60
2023-12-31 17:00:00+05:30,15.9,73
2023-12-31 18:00:00+05:30,12.0,86
2023-12-31 19:00:00+05:30,10.7,90
2023-12-31 20:00:00+05:30,10.2,90
2023-12-31 21:00:00+05:30,9.0,94
2023-12-31 22:00:00+05:30,8.3,95
2023-12-31 23:00:00+05:30,7.3,98
2024-01-01 00:00:00+05:30,6.9,99
2024-01-01 01:00:00+05:30,6.4,100
2024-01-01 02:00:00+05:30,6.1,100
2024-01-01 03:00:00+05:30,5.8,100
2024-01-01 04:00:00+05:30,6.1,100
2024-01-01 05:00:00+05:30,6.2,100
2024-01-01 06:00:00+05:30,9.7,91
2024-01-01 07:00:00+05:30,9.9,90
2024-01-01 08:00:00+05:30,10.8,87
2024-01-01 09:00:00+05:30,11.9,80
2024-01-01 10:00:00+05:30,13.0,72
2024-01-01 11:00:00+05:30,14.0,69
2024-01-01 12:00:00+05:30,15.1,66
2024-01-01 13:00:00+05:30,15.9,64
2024-01-01 14:00:00+05:30,16.4,62
2024-01-01 15:00:00+05:30,16.5,62
2024-01-01 16:00:00+05:30,15.9,65
2024-01-01 17:00:00+05:30,13.2,79
2024-01-01 18:00:00+05:30,10.8,88
2024-01-01 19:00:00+05:30,9.8,92
2024-01-01 20:00:00+05:30,9.0,93
2024-01-01 21:00:00+05:30,8.2,95
2024-01-01 22:00:00+05:30,7.4,96
2024-01-01 23:00:00+05:30,6.8,97
2024-01-02 00:00:00+05:30,6.1,98
2024-01-02 01:00:00+05:30,5.6,99
2024-01-02 02:00:00+05:30,5.3,99
2024-01-02 03:00:00+05:30,4.9,100
2024-01-02 04:00:00+05:30,4.7,100
2024-01-02 05:00:00+05:30,4.4,100
2024-01-02 06:00:00+05:30,7.9,92
2024-01-02 07:00:00+05:30,8.4,91
2024-01-02 08:00:00+05:30,9.2,88
2024-01-02 09:00:00+05:30,9.9,83
2024-01-02 10:00:00+05:30,11.1,76
2024-01-02 11:00:00+05:30,12.2,70
2024-01-02 12:00:00+05:30,13.4,67
2024-01-02 13:00:00+05:30,14.4,65
2024-01-02 14:00:00+05:30,15.1,63
2024-01-02 15:00:00+05:30,15.2,63
2024-01-02 16:00:00+05:30,14.5,65
2024-01-02 17:00:00+05:30,11.7,79
2024-01-02 18:00:00+05:30,9.6,89
2024-01-02 19:00:00+05:30,8.8,92
2024-01-02 20:00:00+05:30,8.0,93
2024-01-02 21:00:00+05:30,6.8,95
2024-01-02 22:00:00+05:30,6.6,95
2024-01-02 23:00:00+05:30,6.2,96
2024-01-03 00:00:00+05:30,5.9,97
2024-01-03 01:00:00+05:30,5.2,99
2024-01-03 02:00:00+05:30,4.4,100
2024-01-03 03:00:00+05:30,4.9,100
2024-01-03 04:00:00+05:30,4.8,100
2024-01-03 05:00:00+05:30,4.7,100
2024-01-03 06:00:00+05:30,6.0,99
2024-01-03 07:00:00+05:30,6.5,99
2024-01-03 08:00:00+05:30,7.4,98
2024-01-03 09:00:00+05:30,8.7,97
2024-01-03 10:00:00+05:30,10.0,95
2024-01-03 11:00:00+05:30,12.4,82
2024-01-03 12:00:00+05:30,14.6,70
2024-01-03 13:00:00+05:30,15.5,67
2024-01-03 14:00:00+05:30,15.9,66
2024-01-03 15:00:00+05:30,15.8,66
2024-01-03 16:00:00+05:30,15.2,68
2024-01-03 17:00:00+05:30,12.5,82
2024-01-03 18:00:00+05:30,11.5,80
2024-01-03 19:00:00+05:30,10.2,87
2024-01-03 20:00:00+05:30,9.2,92
2024-01-03 21:00:00+05:30,8.7,93
2024-01-03 22:00:00+05:30,8.1,95
2024-01-03 23:00:00+05:30,7.7,96
2024-01-04 00:00:00+05:30,7.6,96
2024-01-04 01:00:00+05:30,6.9,97
2024-01-04 02:00:00+05:30,6.5,97
2024-01-04 03:00:00+05:30,6.0,98
2024-01-04 04:00:00+05:30,5.5,98
2024-01-04 05:00:00+05:30,5.1,99
2024-01-04 06:00:00+05:30,8.8,90
2024-01-04 07:00:00+05:30,9.0,90
2024-01-04 08:00:00+05:30,9.8,87
2024-01-04 09:00:00+05:30,11.7,80
2024-01-04 10:00:00+05:30,14.0,72
2024-01-04 11:00:00+05:30,15.8,67
2024-01-04 12:00:00+05:30,17.0,64
2024-01-04 13:00:00+05:30,17.8,61
2024-01-04 14:00:00+05:30,18.0,59
2024-01-04 15:00:00+05:30,18.1,58
2024-01-04 16:00:00+05:30,17.7,59
2024-01-04 17:00:00+05:30,16.0,68
2024-01-04 18:00:00+05:30,13.5,80
2024-01-04 19:00:00+05:30,13.1,81
2024-01-04 20:00:00+05:30,12.3,84
2024-01-04 21:00:00+05:30,10.5,93
2024-01-04 22:00:00+05:30,9.8,95
2024-01-04 23:00:00+05:30,9.0,96
2024-01-05 00:00:00+05:30,8.3,97
2024-01-05 01:00:00+05:30,7.9,98
2024-01-05 02:00:00+05:30,8.2,98
2024-01-05 03:00:00+05:30,9.0,97
2024-01-05 04:00:00+05:30,9.6,96
2024-01-05 05:00:00+05:30,9.9,95
2024-01-05 06:00:00+05:30,10.4,94
2024-01-05 07:00:00+05:30,10.4,94
2024-01-05 08:00:00+05:30,11.0,91
2024-01-05 09:00:00+05:30,11.8,88
2024-01-05 10:00:00+05:30,12.8,84
2024-01-05 11:00:00+05:30,15.1,74
2024-01-05 12:00:00+05:30,16.7,68
2024-01-05 13:00:00+05:30,16.9,65
2024-01-05 14:00:00+05:30,17.1,63
2024-01-05 15:00:00+05:30,17.4,61
2024-01-05 16:00:00+05:30,17.2,60
2024-01-05 17:00:00+05:30,16.1,67
2024-01-05 18:00:00+05:30,11.1,90
2024-01-05 19:00:00+05:30,10.4,92
2024-01-05 20:00:00+05:30,9.6,94
2024-01-05 21:00:00+05:30,8.9,95
2024-01-05 22:00:00+05:30,8.6,96
2024-01-05 23:00:00+05:30,8.0,97
2024-01-06 00:00:00+05:30,7.3,98
2024-01-06 01:00:00+05:30,7.2,99
2024-01-06 02:00:00+05:30,6.5,100
2024-01-06 03:00:00+05:30,7.0,100
2024-01-06 04:00:00+05:30,6.6,100
2024-01-06 05:00:00+05:30,7.4,100
2024-01-06 06:00:00+05:30,9.2,97
2024-01-06 07:00:00+05:30,9.5,97
2024-01-06 08:00:00+05:30,10.7,92
2024-01-06 09:00:00+05:30,11.7,88
2024-01-06 10:00:00+05:30,13.1,81
2024-01-06 11:00:00+05:30,14.6,71
2024-01-06 12:00:00+05:30,15.7,65
2024-01-06 13:00:00+05:30,16.4,61
2024-01-06 14:00:00+05:30,17.2,58
2024-01-06 15:00:00+05:30,17.3,58
2024-01-06 16:00:00+05:30,17.1,60
2024-01-06 17:00:00+05:30,14.8,71
2024-01-06 18:00:00+05:30,12.3,82
2024-01-06 19:00:00+05:30,12.8,81
2024-01-06 20:00:00+05:30,12.7,81
2024-01-06 21:00:00+05:30,12.4,82
2024-01-06 22:00:00+05:30,11.9,84
2024-01-06 23:00:00+05:30,11.8,82
2024-01-07 00:00:00+05:30,11.2,84
2024-01-07 01:00:00+05:30,11.0,84
2024-01-07 02:00:00+05:30,11.0,84
2024-01-07 03:00:00+05:30,10.4,88
2024-01-07 04:00:00+05:30,10.7,87
2024-01-07 05:00:00+05:30,11.1,83
2024-01-07 06:00:00+05:30,6.6,97
2024-01-07 07:00:00+05:30,6.3,98
2024-01-07 08:00:00+05:30,8.6,92
2024-01-07 09:00:00+05:30,11.3,82
2024-01-07 10:00:00+05:30,13.7,74
2024-01-07 11:00:00+05:30,15.3,67
2024-01-07 12:00:00+05:30,16.3,63
2024-01-07 13:00:00+05:30,17.1,61
2024-01-07 14:00:00+05:30,17.6,59
2024-01-07 15:00:00+05:30,17.7,59
2024-01-07 16:00:00+05:30,17.3,60
2024-01-07 17:00:00+05:30,14.1,75
2024-01-07 18:00:00+05:30,11.2,83
2024-01-07 19:00:00+05:30,10.5,87
2024-01-07 20:00:00+05:30,9.4,92
2024-01-07 21:00:00+05:30,8.6,93
2024-01-07 22:00:00+05:30,8.0,94
2024-01-07 23:00:00+05:30,7.5,95
2024-01-08 00:00:00+05:30,6.6,97
2024-01-08 01:00:00+05:30,6.4,97
2024-01-08 02:00:00+05:30,7.2,95
2024-01-08 03:00:00+05:30,6.7,96
2024-01-08 04:00:00+05:30,6.2,98
2024-01-08 05:00:00+05:30,5.6,99
2024-01-08 06:00:00+05:30,6.2,99
2024-01-08 07:00:00+05:30,6.3,100
2024-01-08 08:00:00+05:30,8.3,99
2024-01-08 09:00:00+05:30,10.6,99
2024-01-08 10:00:00+05:30,13.6,85
2024-01-08 11:00:00+05:30,15.8,73
2024-01-08 12:00:00+05:30,17.1,64
2024-01-08 13:00:00+05:30,18.0,61
2024-01-08 14:00:00+05:30,18.4,60
2024-01-08 15:00:00+05:30,18.5,61
2024-01-08 16:00:00+05:30,18.0,63
2024-01-08 17:00:00+05:30,17.0,67
2024-01-08 18:00:00+05:30,11.3,90
2024-01-08 19:00:00+05:30,10.3,94
2024-01-08 20:00:00+05:30,9.4,95
2024-01-08 21:00:00+05:30,8.5,96
2024-01-08 22:00:00+05:30,8.1,97
2024-01-08 23:00:00+05:30,7.9,98
2024-01-09 00:00:00+05:30,7.6,99
2024-01-09 01:00:00+05:30,7.2,99
2024-01-09 02:00:00+05:30,7.1,99
2024-01-09 03:00:00+05:30,7.2,97
2024-01-09 04:00:00+05:30,6.7,97
2024-01-09 05:00:00+05:30,6.0,98
2024-01-09 06:00:00+05:30,7.3,98
2024-01-09 07:00:00+05:30,6.5,99
2024-01-09 08:00:00+05:30,8.7,93
2024-01-09 09:00:00+05:30,11.1,85
2024-01-09 10:00:00+05:30,13.9,75
2024-01-09 11:00:00+05:30,15.9,70
2024-01-09 12:00:00+05:30,17.2,67
2024-01-09 13:00:00+05:30,18.0,65
2024-01-09 14:00:00+05:30,18.4,62
2024-01-09 15:00:00+05:30,18.4,62
2024-01-09 16:00:00+05:30,17.8,65
2024-01-09 17:00:00+05:30,15.5,77
2024-01-09 18:00:00+05:30,10.8,88
2024-01-09 19:00:00+05:30,9.6,92
2024-01-09 20:00:00+05:30,8.8,93
2024-01-09 21:00:00+05:30,8.0,94
2024-01-09 22:00:00+05:30,7.3,95
2024-01-09 23:00:00+05:30,6.7,95
2024-01-10 00:00:00+05:30,6.1,96
2024-01-10 01:00:00+05:30,5.7,96
2024-01-10 02:00:00+05:30,5.2,95
2024-01-10 03:00:00+05:30,4.8,96
2024-01-10 04:00:00+05:30,4.5,96
2024-01-10 05:00:00+05:30,4.5,96
2024-01-10 06:00:00+05:30,5.2,96
2024-01-10 07:00:00+05:30,5.2,96
2024-01-10 08:00:00+05:30,6.4,90
2024-01-10 09:00:00+05:30,8.4,83
2024-01-10 10:00:00+05:30,10.5,76
2024-01-10 11:00:00+05:30,12.5,71
2024-01-10 12:00:00+05:30,14.1,67
2024-01-10 13:00:00+05:30,15.4,64
2024-01-10 14:00:00+05:30,16.1,62
2024-01-10 15:00:00+05:30,16.3,62
2024-01-10 16:00:00+05:30,15.6,65
2024-01-10 17:00:00+05:30,13.6,75
2024-01-10 18:00:00+05:30,10.3,88
2024-01-10 19:00:00+05:30,9.7,90
2024-01-10 20:00:00+05:30,9.1,92
2024-01-10 21:00:00+05:30,8.5,92
2024-01-10 22:00:00+05:30,7.8,93
2024-01-10 23:00:00+05:30,7.0,94
2024-01-11 00:00:00+05:30,6.5,96
2024-01-11 01:00:00+05:30,6.3,96
2024-01-11 02:00:00+05:30,6.0,96
2024-01-11 03:00:00+05:30,5.8,96
2024-01-11 04:00:00+05:30,5.5,97
2024-01-11 05:00:00+05:30,5.3,97
2024-01-11 06:00:00+05:30,6.2,100
2024-01-11 07:00:00+05:30,6.4,99
2024-01-11 08:00:00+05:30,6.7,99
2024-01-11 09:00:00+05:30,7.4,98
2024-01-11 10:00:00+05:30,9.2,87
2024-01-11 11:00:00+05:30,11.3,79
2024-01-11 12:00:00+05:30,13.3,73
2024-01-11 13:00:00+05:30,14.6,70
2024-01-11 14:00:00+05:30,15.4,69
2024-01-11 15:00:00+05:30,15.6,68
2024-01-11 16:00:00+05:30,15.0,71
2024-01-11 17:00:00+05:30,12.7,83
2024-01-11 18:00:00+05:30,10.8,87
2024-01-11 19:00:00+05:30,9.7,91
2024-01-11 20:00:00+05:30,8.8,93
2024-01-11 21:00:00+05:30,8.0,94
2024-01-11 22:00:00+05:30,7.6,95
2024-01-11 23:00:00+05:30,7.2,96
2024-01-12 00:00:00+05:30,7.2,95
2024-01-12 01:00:00+05:30,6.8,96
2024-01-12 02:00:00+05:30,6.4,97
2024-01-12 03:00:00+05:30,6.2,97
2024-01-12 04:00:00+05:30,6.0,97
2024-01-12 05:00:00+05:30,5.9,97
2024-01-12 06:00:00+05:30,5.9,100
2024-01-12 07:00:00+05:30,5.6,100
2024-01-12 08:00:00+05:30,6.6,99
2024-01-12 09:00:00+05:30,7.8,98
2024-01-12 10:00:00+05:30,10.4,87
2024-01-12 11:00:00+05:30,12.9,79
2024-01-12 12:00:00+05:30,15.0,69
2024-01-12 13:00:00+05:30,16.5,63
2024-01-12 14:00:00+05:30,17.4,60
2024-01-12 15:00:00+05:30,17.6,58
2024-01-12 16:00:00+05:30,17.1,62
2024-01-12 17:00:00+05:30,13.6,79
2024-01-12 18:00:00+05:30,11.2,87
2024-01-12 19:00:00+05:30,10.1,90
2024-01-12 20:00:00+05:30,9.1,92
2024-01-12 21:00:00+05:30,7.9,94
2024-01-12 22:00:00+05:30,7.5,95
2024-01-12 23:00:00+05:30,8.5,95
2024-01-13 00:00:00+05:30,6.7,99
2024-01-13 01:00:00+05:30,5.4,100
2024-01-13 02:00:00+05:30,5.2,100
2024-01-13 03:00:00+05:30,5.8,99
2024-01-13 04:00:00+05:30,5.7,100
2024-01-13 05:00:00+05:30,5.9,99
2024-01-13 06:00:00+05:30,5.6,100
2024-01-13 07:00:00+05:30,5.8,98
2024-01-13 08:00:00+05:30,6.4,96
2024-01-13 09:00:00+05:30,7.5,95
2024-01-13 10:00:00+05:30,9.3,95
2024-01-13 11:00:00+05:30,12.3,81
2024-01-13 12:00:00+05:30,14.9,65
2024-01-13 13:00:00+05:30,16.7,55
2024-01-13 14:00:00+05:30,17.7,49
2024-01-13 15:00:00+05:30,18.0,48
2024-01-13 16:00:00+05:30,17.3,59
2024-01-13 17:00:00+05:30,14.2,71
2024-01-13 18:00:00+05:30,11.1,85
2024-01-13 19:00:00+05:30,9.8,87
2024-01-13 20:00:00+05:30,8.2,90
2024-01-13 21:00:00+05:30,7.6,91
2024-01-13 22:00:00+05:30,7.9,91
2024-01-13 23:00:00+05:30,8.2,93
2024-01-14 00:00:00+05:30,6.2,99
2024-01-14 01:00:00+05:30,4.8,100
2024-01-14 02:00:00+05:30,4.2,100
2024-01-14 03:00:00+05:30,4.6,100
2024-01-14 04:00:00+05:30,5.1,100
2024-01-14 05:00:00+05:30,4.2,99
2024-01-14 06:00:00+05:30,4.6,99
2024-01-14 07:00:00+05:30,4.6,97
2024-01-14 08:00:00+05:30,4.2,97
2024-01-14 09:00:00+05:30,6.0,97
2024-01-14 10:00:00+05:30,8.4,94
2024-01-14 11:00:00+05:30,11.9,80
2024-01-14 12:00:00+05:30,14.8,68
2024-01-14 13:00:00+05:30,16.6,59
2024-01-14 14:00:00+05:30,17.7,54
2024-01-14 15:00:00+05:30,18.0,51
2024-01-14 16:00:00+05:30,17.2,56
2024-01-14 17:00:00+05:30,13.3,76
2024-01-14 18:00:00+05:30,10.8,87
2024-01-14 19:00:00+05:30,9.5,91
2024-01-14 20:00:00+05:30,8.5,93
2024-01-14 21:00:00+05:30,8.2,93
2024-01-14 22:00:00+05:30,7.9,93
2024-01-14 23:00:00+05:30,7.4,94
2024-01-15 00:00:00+05:30,6.9,96
2024-01-15 01:00:00+05:30,6.0,98
2024-01-15 02:00:00+05:30,5.1,99
2024-01-15 03:00:00+05:30,4.9,100
2024-01-15 04:00:00+05:30,5.0,100
2024-01-15 05:00:00+05:30,5.1,100
2024-01-15 06:00:00+05:30,5.4,100
2024-01-15 07:00:00+05:30,5.5,99
2024-01-15 08:00:00+05:30,5.8,99
2024-01-15 09:00:00+05:30,6.7,97
2024-01-15 10:00:00+05:30,8.4,88
2024-01-15 11:00:00+05:30,11.0,80
2024-01-15 12:00:00+05:30,13.1,71
2024-01-15 13:00:00+05:30,14.7,64
2024-01-15 14:00:00+05:30,15.8,58
2024-01-15 15:00:00+05:30,16.1,56
2024-01-15 16:00:00+05:30,15.5,59
2024-01-15 17:00:00+05:30,12.1,78
2024-01-15 18:00:00+05:30,10.8,78
2024-01-15 19:00:00+05:30,8.2,89
2024-01-15 20:00:00+05:30,7.3,92
2024-01-15 21:00:00+05:30,6.5,93
2024-01-15 22:00:00+05:30,6.1,93
2024-01-15 23:00:00+05:30,5.1,97
2024-01-16 00:00:00+05:30,4.2,99
2024-01-16 01:00:00+05:30,4.0,100
2024-01-16 02:00:00+05:30,4.4,100
2024-01-16 03:00:00+05:30,3.6,100
2024-01-16 04:00:00+05:30,3.1,100
2024-01-16 05:00:00+05:30,3.6,100
2024-01-16 06:00:00+05:30,3.5,99
2024-01-16 07:00:00+05:30,4.0,97
2024-01-16 08:00:00+05:30,4.5,91
2024-01-16 09:00:00+05:30,5.4,95
2024-01-16 10:00:00+05:30,7.5,94
2024-01-16 11:00:00+05:30,10.3,88
2024-01-16 12:00:00+05:30,13.8,70
2024-01-16 13:00:00+05:30,15.8,61
2024-01-16 14:00:00+05:30,16.9,56
2024-01-16 15:00:00+05:30,17.1,53
2024-01-16 16:00:00+05:30,16.7,54
2024-01-16 17:00:00+05:30,14.5,64
2024-01-16 18:00:00+05:30,9.7,85
2024-01-16 19:00:00+05:30,8.8,86
2024-01-16 20:00:00+05:30,7.9,87
2024-01-16 21:00:00+05:30,6.9,91
2024-01-16 22:00:00+05:30,6.0,93
2024-01-16 23:00:00+05:30,5.3,94
2024-01-17 00:00:00+05:30,4.8,95
2024-01-17 01:00:00+05:30,4.4,96
2024-01-17 02:00:00+05:30,4.0,97
2024-01-17 03:00:00+05:30,3.6,98
2024-01-17 04:00:00+05:30,3.4,98
2024-01-17 05:00:00+05:30,3.5,98
2024-01-17 06:00:00+05:30,5.4,96
2024-01-17 07:00:00+05:30,4.2,98
2024-01-17 08:00:00+05:30,6.3,96
2024-01-17 09:00:00+05:30,10.0,86
2024-01-17 10:00:00+05:30,12.8,76
2024-01-17 11:00:00+05:30,14.9,68
2024-01-17 12:00:00+05:30,16.3,62
2024-01-17 13:00:00+05:30,17.1,59
2024-01-17 14:00:00+05:30,17.6,57
2024-01-17 15:00:00+05:30,17.7,57
2024-01-17 16:00:00+05:30,17.0,61
2024-01-17 17:00:00+05:30,13.3,81
2024-01-17 18:00:00+05:30,10.4,87
2024-01-17 19:00:00+05:30,9.5,90
2024-01-17 20:00:00+05:30,8.4,93
2024-01-17 21:00:00+05:30,7.6,95
2024-01-17 22:00:00+05:30,7.5,95
2024-01-17 23:00:00+05:30,6.9,97
2024-01-18 00:00:00+05:30,6.1,99
2024-01-18 01:00:00+05:30,5.8,100
2024-01-18 02:00:00+05:30,5.4,100
2024-01-18 03:00:00+05:30,5.7,100
2024-01-18 04:00:00+05:30,6.3,99
2024-01-18 05:00:00+05:30,5.8,99
2024-01-18 06:00:00+05:30,5.2,100
2024-01-18 07:00:00+05:30,5.2,100
2024-01-18 08:00:00+05:30,5.9,96
2024-01-18 09:00:00+05:30,7.4,96
2024-01-18 10:00:00+05:30,9.2,95
2024-01-18 11:00:00+05:30,12.2,86
2024-01-18 12:00:00+05:30,14.6,79
2024-01-18 13:00:00+05:30,17.1,66
2024-01-18 14:00:00+05:30,17.7,64
2024-01-18 15:00:00+05:30,17.7,63
2024-01-18 16:00:00+05:30,17.3,65
2024-01-18 17:00:00+05:30,14.2,82
2024-01-18 18:00:00+05:30,13.8,75
2024-01-18 19:00:00+05:30,13.0,79
2024-01-18 20:00:00+05:30,12.1,83
2024-01-18 21:00:00+05:30,10.9,88
2024-01-18 22:00:00+05:30,10.4,91
2024-01-18 23:00:00+05:30,9.8,94
2024-01-19 00:00:00+05:30,9.2,97
2024-01-19 01:00:00+05:30,8.6,99
2024-01-19 02:00:00+05:30,6.8,100
2024-01-19 03:00:00+05:30,5.8,100
2024-01-19 04:00:00+05:30,6.5,100
2024-01-19 05:00:00+05:30,6.5,99
2024-01-19 06:00:00+05:30,6.1,100
2024-01-19 07:00:00+05:30,6.5,95
2024-01-19 08:00:00+05:30,6.9,98
2024-01-19 09:00:00+05:30,8.7,96
2024-01-19 10:00:00+05:30,10.3,95
2024-01-19 11:00:00+05:30,11.8,90
2024-01-19 12:00:00+05:30,14.1,78
2024-01-19 13:00:00+05:30,15.6,71
2024-01-19 14:00:00+05:30,16.4,67
2024-01-19 15:00:00+05:30,16.5,66
2024-01-19 16:00:00+05:30,16.3,66
2024-01-19 17:00:00+05:30,15.1,72
2024-01-19 18:00:00+05:30,10.0,89
2024-01-19 19:00:00+05:30,8.5,92
2024-01-19 20:00:00+05:30,7.8,94
2024-01-19 21:00:00+05:30,7.1,96
2024-01-19 22:00:00+05:30,6.8,97
2024-01-19 23:00:00+05:30,6.3,99
2024-01-20 00:00:00+05:30,5.9,100
2024-01-20 01:00:00+05:30,6.2,99
2024-01-20 02:00:00+05:30,5.0,100
2024-01-20 03:00:00+05:30,5.3,98
2024-01-20 04:00:00+05:30,4.6,99
2024-01-20 05:00:00+05:30,5.1,98
2024-01-20 06:00:00+05:30,5.4,98
2024-01-20 07:00:00+05:30,5.3,99
2024-01-20 08:00:00+05:30,6.4,99
2024-01-20 09:00:00+05:30,7.9,98
2024-01-20 10:00:00+05:30,10.2,88
2024-01-20 11:00:00+05:30,12.6,78
2024-01-20 12:00:00+05:30,14.3,70
2024-01-20 13:00:00+05:30,15.1,68
2024-01-20 14:00:00+05:30,15.7,67
2024-01-20 15:00:00+05:30,15.9,66
2024-01-20 16:00:00+05:30,15.5,67
2024-01-20 17:00:00+05:30,12.8,83
2024-01-20 18:00:00+05:30,10.8,90
2024-01-20 19:00:00+05:30,10.1,91
2024-01-20 20:00:00+05:30,9.3,92
2024-01-20 21:00:00+05:30,8.8,93
2024-01-20 22:00:00+05:30,8.3,95
2024-01-20 23:00:00+05:30,7.0,98
2024-01-21 00:00:00+05:30,6.2,99
2024-01-21 01:00:00+05:30,5.8,99
2024-01-21 02:00:00+05:30,5.8,100
2024-01-21 03:00:00+05:30,5.8,100
2024-01-21 04:00:00+05:30,5.8,100
2024-01-21 05:00:00+05:30,5.4,100
2024-01-21 06:00:00+05:30,5.4,100
2024-01-21 07:00:00+05:30,5.5,100
2024-01-21 08:00:00+05:30,5.9,99
2024-01-21 09:00:00+05:30,7.4,97
2024-01-21 10:00:00+05:30,8.6,96
2024-01-21 11:00:00+05:30,11.4,81
2024-01-21 12:00:00+05:30,13.6,73
2024-01-21 13:00:00+05:30,15.0,70
2024-01-21 14:00:00+05:30,16.0,65
2024-01-21 15:00:00+05:30,16.2,63
2024-01-21 16:00:00+05:30,15.8,64
2024-01-21 17:00:00+05:30,13.7,75
2024-01-21 18:00:00+05:30,10.4,90
2024-01-21 19:00:00+05:30,9.6,93
2024-01-21 20:00:00+05:30,8.4,95
2024-01-21 21:00:00+05:30,7.2,97
2024-01-21 22:00:00+05:30,6.4,98
2024-01-21 23:00:00+05:30,5.6,100
2024-01-22 00:00:00+05:30,5.0,100
2024-01-22 01:00:00+05:30,4.5,100
2024-01-22 02:00:00+05:30,4.7,100
2024-01-22 03:00:00+05:30,4.8,99
2024-01-22 04:00:00+05:30,5.0,100
2024-01-22 05:00:00+05:30,5.0,98
2024-01-22 06:00:00+05:30,5.2,100
2024-01-22 07:00:00+05:30,5.6,100
2024-01-22 08:00:00+05:30,6.1,98
2024-01-22 09:00:00+05:30,7.2,97
2024-01-22 10:00:00+05:30,8.5,96
2024-01-22 11:00:00+05:30,11.2,82
2024-01-22 12:00:00+05:30,13.4,74
2024-01-22 13:00:00+05:30,15.0,64
2024-01-22 14:00:00+05:30,16.1,58
2024-01-22 15:00:00+05:30,16.5,57
2024-01-22 16:00:00+05:30,16.3,59
2024-01-22 17:00:00+05:30,15.5,62
2024-01-22 18:00:00+05:30,10.1,86
2024-01-22 19:00:00+05:30,9.1,89
2024-01-22 20:00:00+05:30,7.8,93
2024-01-22 21:00:00+05:30,7.1,94
2024-01-22 22:00:00+05:30,6.6,95
2024-01-22 23:00:00+05:30,5.9,97
2024-01-23 00:00:00+05:30,5.2,98
2024-01-23 01:00:00+05:30,5.2,98
2024-01-23 02:00:00+05:30,5.1,99
2024-01-23 03:00:00+05:30,5.4,100
2024-01-23 04:00:00+05:30,6.3,99
2024-01-23 05:00:00+05:30,5.6,99
2024-01-23 06:00:00+05:30,5.2,100
2024-01-23 07:00:00+05:30,4.8,100
2024-01-23 08:00:00+05:30,5.7,99
2024-01-23 09:00:00+05:30,7.9,97
2024-01-23 10:00:00+05:30,9.5,97
2024-01-23 11:00:00+05:30,12.7,84
2024-01-23 12:00:00+05:30,14.9,76
2024-01-23 13:00:00+05:30,16.3,70
2024-01-23 14:00:00+05:30,17.1,64
2024-01-23 15:00:00+05:30,17.4,62
2024-01-23 16:00:00+05:30,17.1,64
2024-01-23 17:00:00+05:30,16.2,69
2024-01-23 18:00:00+05:30,11.9,88
2024-01-23 19:00:00+05:30,13.0,81
2024-01-23 20:00:00+05:30,11.9,87
2024-01-23 21:00:00+05:30,11.1,90
2024-01-23 22:00:00+05:30,10.1,92
2024-01-23 23:00:00+05:30,8.9,94
2024-01-24 00:00:00+05:30,8.8,95
2024-01-24 01:00:00+05:30,9.3,95
2024-01-24 02:00:00+05:30,9.0,95
2024-01-24 03:00:00+05:30,8.2,96
2024-01-24 04:00:00+05:30,6.9,98
2024-01-24 05:00:00+05:30,6.2,100
2024-01-24 06:00:00+05:30,6.9,98
2024-01-24 07:00:00+05:30,6.7,99
2024-01-24 08:00:00+05:30,8.5,96
2024-01-24 09:00:00+05:30,10.3,93
2024-01-24 10:00:00+05:30,12.8,84
2024-01-24 11:00:00+05:30,14.9,72
2024-01-24 12:00:00+05:30,16.6,60
2024-01-24 13:00:00+05:30,17.8,53
2024-01-24 14:00:00+05:30,18.4,50
2024-01-24 15:00:00+05:30,18.5,51
2024-01-24 16:00:00+05:30,17.9,55
2024-01-24 17:00:00+05:30,15.1,73
2024-01-24 18:00:00+05:30,11.4,86
2024-01-24 19:00:00+05:30,10.8,88
2024-01-24 20:00:00+05:30,10.1,90
2024-01-24 21:00:00+05:30,9.4,93
2024-01-24 22:00:00+05:30,8.6,95
2024-01-24 23:00:00+05:30,7.7,97
2024-01-25 00:00:00+05:30,7.0,98
2024-01-25 01:00:00+05:30,6.2,99
2024-01-25 02:00:00+05:30,5.5,100
2024-01-25 03:00:00+05:30,5.6,100
2024-01-25 04:00:00+05:30,5.8,100
2024-01-25 05:00:00+05:30,5.5,100
2024-01-25 06:00:00+05:30,5.6,97
2024-01-25 07:00:00+05:30,5.7,95
2024-01-25 08:00:00+05:30,6.4,95
2024-01-25 09:00:00+05:30,7.0,97
2024-01-25 10:00:00+05:30,10.0,87
2024-01-25 11:00:00+05:30,13.1,79
2024-01-25 12:00:00+05:30,15.4,70
2024-01-25 13:00:00+05:30,16.4,65
2024-01-25 14:00:00+05:30,17.2,62
2024-01-25 15:00:00+05:30,17.6,60
2024-01-25 16:00:00+05:30,17.1,63
2024-01-25 17:00:00+05:30,15.6,73
2024-01-25 18:00:00+05:30,11.8,89
2024-01-25 19:00:00+05:30,10.8,91
2024-01-25 20:00:00+05:30,10.4,91
2024-01-25 21:00:00+05:30,9.6,92
2024-01-25 22:00:00+05:30,8.1,95
2024-01-25 23:00:00+05:30,9.4,91
2024-01-26 00:00:00+05:30,9.1,93
2024-01-26 01:00:00+05:30,8.0,96
2024-01-26 02:00:00+05:30,7.1,97
2024-01-26 03:00:00+05:30,7.6,95
2024-01-26 04:00:00+05:30,7.4,95
2024-01-26 05:00:00+05:30,5.9,100
2024-01-26 06:00:00+05:30,5.6,98
2024-01-26 07:00:00+05:30,5.7,99
2024-01-26 08:00:00+05:30,7.3,98
2024-01-26 09:00:00+05:30,9.4,95
2024-01-26 10:00:00+05:30,12.0,88
2024-01-26 11:00:00+05:30,14.6,80
2024-01-26 12:00:00+05:30,16.3,72
2024-01-26 13:00:00+05:30,17.5,64
2024-01-26 14:00:00+05:30,18.3,56
2024-01-26 15:00:00+05:30,18.5,53
2024-01-26 16:00:00+05:30,18.1,54
2024-01-26 17:00:00+05:30,16.6,63
2024-01-26 18:00:00+05:30,13.3,80
2024-01-26 19:00:00+05:30,11.3,89
2024-01-26 20:00:00+05:30,10.6,91
2024-01-26 21:00:00+05:30,10.2,92
2024-01-26 22:00:00+05:30,9.2,93
2024-01-26 23:00:00+05:30,8.3,93
2024-01-27 00:00:00+05:30,8.0,93
2024-01-27 01:00:00+05:30,7.0,95
2024-01-27 02:00:00+05:30,7.3,95
2024-01-27 03:00:00+05:30,7.1,96
2024-01-27 04:00:00+05:30,7.1,96
2024-01-27 05:00:00+05:30,7.0,95
2024-01-27 06:00:00+05:30,7.2,94
2024-01-27 07:00:00+05:30,7.2,93
2024-01-27 08:00:00+05:30,8.9,89
2024-01-27 09:00:00+05:30,11.7,82
2024-01-27 10:00:00+05:30,14.8,73
2024-01-27 11:00:00+05:30,17.4,64
2024-01-27 12:00:00+05:30,19.2,57
2024-01-27 13:00:00+05:30,20.3,51
2024-01-27 14:00:00+05:30,20.7,47
2024-01-27 15:00:00+05:30,20.5,47
2024-01-27 16:00:00+05:30,19.7,54
2024-01-27 17:00:00+05:30,17.3,63
2024-01-27 18:00:00+05:30,13.7,76
2024-01-27 19:00:00+05:30,12.5,82
2024-01-27 20:00:00+05:30,11.7,85
2024-01-27 21:00:00+05:30,11.1,87
2024-01-27 22:00:00+05:30,10.4,87
2024-01-27 23:00:00+05:30,9.2,89
2024-01-28 00:00:00+05:30,9.5,87
2024-01-28 01:00:00+05:30,9.1,89
2024-01-28 02:00:00+05:30,8.2,92
2024-01-28 03:00:00+05:30,8.4,92
2024-01-28 04:00:00+05:30,7.7,94
2024-01-28 05:00:00+05:30,6.2,97
2024-01-28 06:00:00+05:30,8.9,94
2024-01-28 07:00:00+05:30,7.6,96
2024-01-28 08:00:00+05:30,9.8,91
2024-01-28 09:00:00+05:30,13.1,84
2024-01-28 10:00:00+05:30,15.7,77
2024-01-28 11:00:00+05:30,17.6,68
2024-01-28 12:00:00+05:30,19.0,62
2024-01-28 13:00:00+05:30,19.9,58
2024-01-28 14:00:00+05:30,20.1,57
2024-01-28 15:00:00+05:30,20.0,58
2024-01-28 16:00:00+05:30,19.3,63
2024-01-28 17:00:00+05:30,17.4,73
2024-01-28 18:00:00+05:30,14.6,85
2024-01-28 19:00:00+05:30,13.8,87
2024-01-28 20:00:00+05:30,13.2,90
2024-01-28 21:00:00+05:30,12.8,92
2024-01-28 22:00:00+05:30,12.4,93
2024-01-28 23:00:00+05:30,12.1,94
2024-01-29 00:00:00+05:30,11.7,95
2024-01-29 01:00:00+05:30,11.3,95
2024-01-29 02:00:00+05:30,11.0,96
2024-01-29 03:00:00+05:30,10.7,96
2024-01-29 04:00:00+05:30,10.5,97
2024-01-29 05:00:00+05:30,10.3,97
2024-01-29 06:00:00+05:30,9.3,97
2024-01-29 07:00:00+05:30,9.1,97
2024-01-29 08:00:00+05:30,10.7,94
2024-01-29 09:00:00+05:30,13.1,87
2024-01-29 10:00:00+05:30,15.6,80
2024-01-29 11:00:00+05:30,17.8,74
2024-01-29 12:00:00+05:30,19.4,70
2024-01-29 13:00:00+05:30,20.4,66
2024-01-29 14:00:00+05:30,21.0,64
2024-01-29 15:00:00+05:30,21.1,63
2024-01-29 16:00:00+05:30,20.8,64
2024-01-29 17:00:00+05:30,19.4,74
2024-01-29 18:00:00+05:30,18.2,75
2024-01-29 19:00:00+05:30,14.4,90
2024-01-29 20:00:00+05:30,13.4,93
2024-01-29 21:00:00+05:30,12.6,95
2024-01-29 22:00:00+05:30,11.9,96
2024-01-29 23:00:00+05:30,11.5,97
2024-01-30 00:00:00+05:30,11.1,98
2024-01-30 01:00:00+05:30,10.3,99
2024-01-30 02:00:00+05:30,9.9,100
2024-01-30 03:00:00+05:30,9.7,100
2024-01-30 04:00:00+05:30,9.7,100
2024-01-30 05:00:00+05:30,10.3,100
2024-01-30 06:00:00+05:30,9.6,100
2024-01-30 07:00:00+05:30,9.6,100
2024-01-30 08:00:00+05:30,10.4,99
2024-01-30 09:00:00+05:30,11.9,96
2024-01-30 10:00:00+05:30,13.6,96
2024-01-30 11:00:00+05:30,17.1,81
2024-01-30 12:00:00+05:30,18.6,76
2024-01-30 13:00:00+05:30,19.7,70
2024-01-30 14:00:00+05:30,20.4,63
2024-01-30 15:00:00+05:30,20.6,59
2024-01-30 16:00:00+05:30,20.3,59
2024-01-30 17:00:00+05:30,18.3,74
2024-01-30 18:00:00+05:30,16.2,81
2024-01-30 19:00:00+05:30,13.8,91
2024-01-30 20:00:00+05:30,12.8,95
2024-01-30 21:00:00+05:30,12.5,96
2024-01-30 22:00:00+05:30,13.4,95
2024-01-30 23:00:00+05:30,11.5,97
2024-01-31 00:00:00+05:30,10.2,99
2024-01-31 01:00:00+05:30,9.5,100
2024-01-31 02:00:00+05:30,9.1,100
2024-01-31 03:00:00+05:30,9.1,100
2024-01-31 04:00:00+05:30,9.1,100
2024-01-31 05:00:00+05:30,9.7,100
2024-01-31 06:00:00+05:30,9.5,100
2024-01-31 07:00:00+05:30,9.7,100
2024-01-31 08:00:00+05:30,10.7,98
2024-01-31 09:00:00+05:30,12.5,99
2024-01-31 10:00:00+05:30,14.6,90
2024-01-31 11:00:00+05:30,17.4,80
2024-01-31 12:00:00+05:30,18.6,77
2024-01-31 13:00:00+05:30,19.5,75
2024-01-31 14:00:00+05:30,20.2,69
2024-01-31 15:00:00+05:30,18.5,77
2024-01-31 16:00:00+05:30,17.3,82
2024-01-31 17:00:00+05:30,16.4,88
2024-01-31 18:00:00+05:30,14.6,97
2024-01-31 19:00:00+05:30,14.4,97
2024-01-31 20:00:00+05:30,13.7,98
2024-01-31 21:00:00+05:30,14.1,97
2024-01-31 22:00:00+05:30,14.1,95
2024-01-31 23:00:00+05:30,13.3,95
2024-02-01 00:00:00+05:30,13.2,94
2024-02-01 01:00:00+05:30,13.1,93
2024-02-01 02:00:00+05:30,12.5,94
2024-02-01 03:00:00+05:30,12.3,94
2024-02-01 04:00:00+05:30,12.3,95
2024-02-01 05:00:00+05:30,12.6,94
2024-02-01 06:00:00+05:30,13.8,92
2024-02-01 07:00:00+05:30,13.8,92
2024-02-01 08:00:00+05:30,14.4,91
2024-02-01 09:00:00+05:30,15.3,90
2024-02-01 10:00:00+05:30,16.3,86
2024-02-01 11:00:00+05:30,17.9,78
2024-02-01 12:00:00+05:30,18.9,74
2024-02-01 13:00:00+05:30,19.6,72
2024-02-01 14:00:00+05:30,20.4,68
2024-02-01 15:00:00+05:30,20.7,67
2024-02-01 16:00:00+05:30,19.9,70
2024-02-01 17:00:00+05:30,18.4,78
2024-02-01 18:00:00+05:30,14.9,91
2024-02-01 19:00:00+05:30,14.0,94
2024-02-01 20:00:00+05:30,13.6,94
2024-02-01 21:00:00+05:30,13.1,96
2024-02-01 22:00:00+05:30,12.6,96
2024-02-01 23:00:00+05:30,11.8,97
2024-02-02 00:00:00+05:30,10.6,98
2024-02-02 01:00:00+05:30,9.5,99
2024-02-02 02:00:00+05:30,9.0,100
2024-02-02 03:00:00+05:30,8.3,100
2024-02-02 04:00:00+05:30,7.8,100
2024-02-02 05:00:00+05:30,8.3,100
2024-02-02 06:00:00+05:30,8.9,100
2024-02-02 07:00:00+05:30,8.8,100
2024-02-02 08:00:00+05:30,9.9,99
2024-02-02 09:00:00+05:30,11.7,97
2024-02-02 10:00:00+05:30,13.7,92
2024-02-02 11:00:00+05:30,16.5,81
2024-02-02 12:00:00+05:30,18.2,67
2024-02-02 13:00:00+05:30,19.2,57
2024-02-02 14:00:00+05:30,19.5,53
2024-02-02 15:00:00+05:30,19.3,52
2024-02-02 16:00:00+05:30,18.5,54
2024-02-02 17:00:00+05:30,16.5,64
2024-02-02 18:00:00+05:30,13.7,81
2024-02-02 19:00:00+05:30,12.5,85
2024-02-02 20:00:00+05:30,12.0,86
2024-02-02 21:00:00+05:30,11.4,88
2024-02-02 22:00:00+05:30,10.7,88
2024-02-02 23:00:00+05:30,10.1,87
2024-02-03 00:00:00+05:30,9.5,86
2024-02-03 01:00:00+05:30,9.1,81
2024-02-03 02:00:00+05:30,8.5,80
2024-02-03 03:00:00+05:30,8.2,78
2024-02-03 04:00:00+05:30,7.9,77
2024-02-03 05:00:00+05:30,7.8,75
2024-02-03 06:00:00+05:30,8.6,86
2024-02-03 07:00:00+05:30,8.7,83
2024-02-03 08:00:00+05:30,10.8,76
2024-02-03 09:00:00+05:30,13.2,70
2024-02-03 10:00:00+05:30,15.2,63
2024-02-03 11:00:00+05:30,17.4,57
2024-02-03 12:00:00+05:30,19.1,52
2024-02-03 13:00:00+05:30,20.3,47
2024-02-03 14:00:00+05:30,20.6,46
2024-02-03 15:00:00+05:30,20.3,47
2024-02-03 16:00:00+05:30,20.0,49
2024-02-03 17:00:00+05:30,19.4,52
2024-02-03 18:00:00+05:30,15.6,75
2024-02-03 19:00:00+05:30,14.6,79
2024-02-03 20:00:00+05:30,13.9,83
2024-02-03 21:00:00+05:30,14.6,80
2024-02-03 22:00:00+05:30,14.0,84
2024-02-03 23:00:00+05:30,13.5,84
2024-02-04 00:00:00+05:30,14.3,80
2024-02-04 01:00:00+05:30,13.5,84
2024-02-04 02:00:00+05:30,13.0,86
2024-02-04 03:00:00+05:30,12.5,89
2024-02-04 04:00:00+05:30,12.2,93
2024-02-04 05:00:00+05:30,12.3,92
2024-02-04 06:00:00+05:30,13.7,91
2024-02-04 07:00:00+05:30,12.8,94
2024-02-04 08:00:00+05:30,14.4,91
2024-02-04 09:00:00+05:30,15.6,88
2024-02-04 10:00:00+05:30,16.9,81
2024-02-04 11:00:00+05:30,18.8,76
2024-02-04 12:00:00+05:30,20.3,71
2024-02-04 13:00:00+05:30,21.2,68
2024-02-04 14:00:00+05:30,19.9,76
2024-02-04 15:00:00+05:30,19.6,78
2024-02-04 16:00:00+05:30,17.6,88
2024-02-04 17:00:00+05:30,17.2,90
2024-02-04 18:00:00+05:30,16.4,91
2024-02-04 19:00:00+05:30,15.9,93
2024-02-04 20:00:00+05:30,15.6,95
2024-02-04 21:00:00+05:30,15.0,96
2024-02-04 22:00:00+05:30,14.4,96
2024-02-04 23:00:00+05:30,13.8,97
2024-02-05 00:00:00+05:30,13.3,98
2024-02-05 01:00:00+05:30,13.2,99
2024-02-05 02:00:00+05:30,13.8,98
2024-02-05 03:00:00+05:30,13.9,99
2024-02-05 04:00:00+05:30,13.4,99
2024-02-05 05:00:00+05:30,13.2,95
2024-02-05 06:00:00+05:30,14.1,99
2024-02-05 07:00:00+05:30,14.4,97
2024-02-05 08:00:00+05:30,14.9,94
2024-02-05 09:00:00+05:30,15.7,89
2024-02-05 10:00:00+05:30,17.2,78
2024-02-05 11:00:00+05:30,18.5,70
2024-02-05 12:00:00+05:30,19.3,64
2024-02-05 13:00:00+05:30,19.8,62
2024-02-05 14:00:00+05:30,20.1,57
2024-02-05 15:00:00+05:30,20.1,53
2024-02-05 16:00:00+05:30,19.4,54
2024-02-05 17:00:00+05:30,17.3,68
2024-02-05 18:00:00+05:30,14.5,77
2024-02-05 19:00:00+05:30,13.5,81
2024-02-05 20:00:00+05:30,12.7,82
2024-02-05 21:00:00+05:30,11.8,86
2024-02-05 22:00:00+05:30,11.0,90
2024-02-05 23:00:00+05:30,10.5,91
2024-02-06 00:00:00+05:30,9.9,93
2024-02-06 01:00:00+05:30,9.4,94
2024-02-06 02:00:00+05:30,8.9,95
2024-02-06 03:00:00+05:30,8.6,94
2024-02-06 04:00:00+05:30,8.2,94
2024-02-06 05:00:00+05:30,7.6,94
2024-02-06 06:00:00+05:30,8.0,96
2024-02-06 07:00:00+05:30,8.0,96
2024-02-06 08:00:00+05:30,9.7,91
2024-02-06 09:00:00+05:30,12.1,83
2024-02-06 10:00:00+05:30,14.6,73
2024-02-06 11:00:00+05:30,16.7,60
2024-02-06 12:00:00+05:30,18.0,46
2024-02-06 13:00:00+05:30,18.7,41
2024-02-06 14:00:00+05:30,18.9,40
2024-02-06 15:00:00+05:30,18.6,42
2024-02-06 16:00:00+05:30,17.9,46
2024-02-06 17:00:00+05:30,16.0,58
2024-02-06 18:00:00+05:30,12.4,74
2024-02-06 19:00:00+05:30,11.3,79
2024-02-06 20:00:00+05:30,10.7,81
2024-02-06 21:00:00+05:30,10.4,79
2024-02-06 22:00:00+05:30,9.7,81
2024-02-06 23:00:00+05:30,9.0,85
2024-02-07 00:00:00+05:30,8.8,85
2024-02-07 01:00:00+05:30,9.1,80
2024-02-07 02:00:00+05:30,9.2,77
2024-02-07 03:00:00+05:30,8.9,78
2024-02-07 04:00:00+05:30,8.3,80
2024-02-07 05:00:00+05:30,7.5,83
2024-02-07 06:00:00+05:30,8.1,85
2024-02-07 07:00:00+05:30,7.8,86
2024-02-07 08:00:00+05:30,10.1,78
2024-02-07 09:00:00+05:30,12.7,70
2024-02-07 10:00:00+05:30,15.1,62
2024-02-07 11:00:00+05:30,17.0,54
2024-02-07 12:00:00+05:30,18.1,47
2024-02-07 13:00:00+05:30,18.7,43
2024-02-07 14:00:00+05:30,18.4,45
2024-02-07 15:00:00+05:30,17.8,46
2024-02-07 16:00:00+05:30,17.0,46
2024-02-07 17:00:00+05:30,15.6,57
2024-02-07 18:00:00+05:30,13.7,57
2024-02-07 19:00:00+05:30,12.6,65
2024-02-07 20:00:00+05:30,11.7,70
2024-02-07 21:00:00+05:30,11.2,71
2024-02-07 22:00:00+05:30,10.8,69
2024-02-07 23:00:00+05:30,10.4,70
2024-02-08 00:00:00+05:30,9.8,73
2024-02-08 01:00:00+05:30,9.4,75
2024-02-08 02:00:00+05:30,9.0,76
2024-02-08 03:00:00+05:30,8.7,76
2024-02-08 04:00:00+05:30,8.5,74
2024-02-08 05:00:00+05:30,8.2,74
2024-02-08 06:00:00+05:30,9.0,81
2024-02-08 07:00:00+05:30,9.0,80
2024-02-08 08:00:00+05:30,10.5,78
2024-02-08 09:00:00+05:30,12.8,70
2024-02-08 10:00:00+05:30,14.9,64
2024-02-08 11:00:00+05:30,16.8,57
2024-02-08 12:00:00+05:30,18.1,51
2024-02-08 13:00:00+05:30,18.9,47
2024-02-08 14:00:00+05:30,19.1,45
2024-02-08 15:00:00+05:30,19.0,46
2024-02-08 16:00:00+05:30,18.3,49
2024-02-08 17:00:00+05:30,16.7,53
2024-02-08 18:00:00+05:30,14.9,53
2024-02-08 19:00:00+05:30,13.3,61
2024-02-08 20:00:00+05:30,12.6,64
2024-02-08 21:00:00+05:30,12.0,66
2024-02-08 22:00:00+05:30,11.4,69
2024-02-08 23:00:00+05:30,10.9,71
2024-02-09 00:00:00+05:30,10.5,72
2024-02-09 01:00:00+05:30,10.2,72
2024-02-09 02:00:00+05:30,9.9,72
2024-02-09 03:00:00+05:30,9.5,73
2024-02-09 04:00:00+05:30,9.0,74
2024-02-09 05:00:00+05:30,8.5,77
2024-02-09 06:00:00+05:30,8.4,80
2024-02-09 07:00:00+05:30,8.1,82
2024-02-09 08:00:00+05:30,10.1,78
2024-02-09 09:00:00+05:30,12.9,71
2024-02-09 10:00:00+05:30,15.5,64
2024-02-09 11:00:00+05:30,17.6,59
2024-02-09 12:00:00+05:30,19.1,54
2024-02-09 13:00:00+05:30,20.1,49
2024-02-09 14:00:00+05:30,20.5,46
2024-02-09 15:00:00+05:30,20.4,45
2024-02-09 16:00:00+05:30,19.9,46
2024-02-09 17:00:00+05:30,17.1,72
2024-02-09 18:00:00+05:30,14.0,68
2024-02-09 19:00:00+05:30,12.7,73
2024-02-09 20:00:00+05:30,11.6,77
2024-02-09 21:00:00+05:30,10.8,81
2024-02-09 22:00:00+05:30,10.2,81
2024-02-09 23:00:00+05:30,9.8,81
2024-02-10 00:00:00+05:30,8.4,86
2024-02-10 01:00:00+05:30,7.9,87
2024-02-10 02:00:00+05:30,9.8,78
2024-02-10 03:00:00+05:30,9.6,79
2024-02-10 04:00:00+05:30,9.0,81
2024-02-10 05:00:00+05:30,6.2,91
2024-02-10 06:00:00+05:30,6.8,100
2024-02-10 07:00:00+05:30,8.3,100
2024-02-10 08:00:00+05:30,8.9,100
2024-02-10 09:00:00+05:30,10.2,97
2024-02-10 10:00:00+05:30,12.0,95
2024-02-10 11:00:00+05:30,15.1,88
2024-02-10 12:00:00+05:30,17.9,72
2024-02-10 13:00:00+05:30,19.1,57
2024-02-10 14:00:00+05:30,19.5,56
2024-02-10 15:00:00+05:30,19.7,55
2024-02-10 16:00:00+05:30,19.3,57
2024-02-10 17:00:00+05:30,17.4,72
2024-02-10 18:00:00+05:30,15.2,76
2024-02-10 19:00:00+05:30,14.1,78
2024-02-10 20:00:00+05:30,13.3,82
2024-02-10 21:00:00+05:30,12.7,87
2024-02-10 22:00:00+05:30,12.2,90
2024-02-10 23:00:00+05:30,11.5,92
2024-02-11 00:00:00+05:30,10.8,93
2024-02-11 01:00:00+05:30,10.3,94
2024-02-11 02:00:00+05:30,9.9,93
2024-02-11 03:00:00+05:30,9.1,95
2024-02-11 04:00:00+05:30,8.8,96
2024-02-11 05:00:00+05:30,8.4,97
2024-02-11 06:00:00+05:30,8.8,98
2024-02-11 07:00:00+05:30,9.0,97
2024-02-11 08:00:00+05:30,11.2,90
2024-02-11 09:00:00+05:30,14.1,80
2024-02-11 10:00:00+05:30,16.9,70
2024-02-11 11:00:00+05:30,19.1,61
2024-02-11 12:00:00+05:30,20.4,53
2024-02-11 13:00:00+05:30,21.1,50
2024-02-11 14:00:00+05:30,21.5,47
2024-02-11 15:00:00+05:30,21.5,47
2024-02-11 16:00:00+05:30,21.1,48
2024-02-11 17:00:00+05:30,18.6,69
2024-02-11 18:00:00+05:30,16.1,64
2024-02-11 19:00:00+05:30,15.0,69
2024-02-11 20:00:00+05:30,13.9,73
2024-02-11 21:00:00+05:30,12.9,77
2024-02-11 22:00:00+05:30,11.8,82
2024-02-11 23:00:00+05:30,11.0,86
2024-02-12 00:00:00+05:30,10.4,88
2024-02-12 01:00:00+05:30,10.0,89
2024-02-12 02:00:00+05:30,9.4,90
2024-02-12 03:00:00+05:30,8.8,92
2024-02-12 04:00:00+05:30,8.2,93
2024-02-12 05:00:00+05:30,7.7,95
2024-02-12 06:00:00+05:30,7.6,99
2024-02-12 07:00:00+05:30,8.3,99
2024-02-12 08:00:00+05:30,11.2,91
2024-02-12 09:00:00+05:30,14.2,84
2024-02-12 10:00:00+05:30,16.6,77
2024-02-12 11:00:00+05:30,19.3,65
2024-02-12 12:00:00+05:30,20.8,55
2024-02-12 13:00:00+05:30,21.4,50
2024-02-12 14:00:00+05:30,21.6,48
2024-02-12 15:00:00+05:30,21.5,47
2024-02-12 16:00:00+05:30,21.0,49
2024-02-12 17:00:00+05:30,19.0,65
2024-02-12 18:00:00+05:30,17.0,69
2024-02-12 19:00:00+05:30,16.2,72
2024-02-12 20:00:00+05:30,15.7,71
2024-02-12 21:00:00+05:30,14.8,73
2024-02-12 22:00:00+05:30,13.3,82
2024-02-12 23:00:00+05:30,11.9,89
2024-02-13 00:00:00+05:30,10.7,91
2024-02-13 01:00:00+05:30,10.8,91
2024-02-13 02:00:00+05:30,9.9,94
2024-02-13 03:00:00+05:30,9.5,95
2024-02-13 04:00:00+05:30,8.5,96
2024-02-13 05:00:00+05:30,8.1,97
2024-02-13 06:00:00+05:30,8.8,99
2024-02-13 07:00:00+05:30,9.2,99
2024-02-13 08:00:00+05:30,12.0,92
2024-02-13 09:00:00+05:30,15.3,83
2024-02-13 10:00:00+05:30,18.3,70
2024-02-13 11:00:00+05:30,20.0,57
2024-02-13 12:00:00+05:30,20.7,53
2024-02-13 13:00:00+05:30,21.0,51
2024-02-13 14:00:00+05:30,21.1,49
2024-02-13 15:00:00+05:30,21.0,50
2024-02-13 16:00:00+05:30,20.8,51
2024-02-13 17:00:00+05:30,19.0,71
2024-02-13 18:00:00+05:30,16.0,61
2024-02-13 19:00:00+05:30,15.1,62
2024-02-13 20:00:00+05:30,14.9,63
2024-02-13 21:00:00+05:30,14.0,67
2024-02-13 22:00:00+05:30,14.0,70
2024-02-13 23:00:00+05:30,12.9,77
2024-02-14 00:00:00+05:30,12.4,84
2024-02-14 01:00:00+05:30,11.6,90
2024-02-14 02:00:00+05:30,11.5,91
2024-02-14 03:00:00+05:30,11.1,91
2024-02-14 04:00:00+05:30,10.4,92
2024-02-14 05:00:00+05:30,10.1,93
2024-02-14 06:00:00+05:30,10.1,96
2024-02-14 07:00:00+05:30,10.3,97
2024-02-14 08:00:00+05:30,12.8,88
2024-02-14 09:00:00+05:30,16.0,78
2024-02-14 10:00:00+05:30,19.0,68
2024-02-14 11:00:00+05:30,21.0,58
2024-02-14 12:00:00+05:30,22.0,51
2024-02-14 13:00:00+05:30,22.6,48
2024-02-14 14:00:00+05:30,22.8,47
2024-02-14 15:00:00+05:30,22.7,47
2024-02-14 16:00:00+05:30,22.1,49
2024-02-14 17:00:00+05:30,20.5,59
2024-02-14 18:00:00+05:30,18.2,69
2024-02-14 19:00:00+05:30,17.2,74
2024-02-14 20:00:00+05:30,16.2,77
2024-02-14 21:00:00+05:30,15.3,81
2024-02-14 22:00:00+05:30,14.2,85
2024-02-14 23:00:00+05:30,13.0,89
2024-02-15 00:00:00+05:30,12.0,91
2024-02-15 01:00:00+05:30,11.5,91
2024-02-15 02:00:00+05:30,10.8,92
2024-02-15 03:00:00+05:30,10.2,92
2024-02-15 04:00:00+05:30,9.9,92
2024-02-15 05:00:00+05:30,9.6,92
2024-02-15 06:00:00+05:30,10.3,94
2024-02-15 07:00:00+05:30,10.4,94
2024-02-15 08:00:00+05:30,12.9,84
2024-02-15 09:00:00+05:30,16.1,74
2024-02-15 10:00:00+05:30,18.9,64
2024-02-15 11:00:00+05:30,21.0,55
2024-02-15 12:00:00+05:30,22.4,47
2024-02-15 13:00:00+05:30,23.3,43
2024-02-15 14:00:00+05:30,23.6,42
2024-02-15 15:00:00+05:30,23.6,41
2024-02-15 16:00:00+05:30,23.0,40
2024-02-15 17:00:00+05:30,21.1,48
2024-02-15 18:00:00+05:30,17.7,60
2024-02-15 19:00:00+05:30,16.5,65
2024-02-15 20:00:00+05:30,15.0,69
2024-02-15 21:00:00+05:30,13.6,75
2024-02-15 22:00:00+05:30,12.4,81
2024-02-15 23:00:00+05:30,11.1,87
2024-02-16 00:00:00+05:30,10.4,89
2024-02-16 01:00:00+05:30,10.1,90
2024-02-16 02:00:00+05:30,9.7,90
2024-02-16 03:00:00+05:30,9.5,90
2024-02-16 04:00:00+05:30,8.9,91
2024-02-16 05:00:00+05:30,8.4,92
2024-02-16 06:00:00+05:30,8.7,95
2024-02-16 07:00:00+05:30,9.4,94
2024-02-16 08:00:00+05:30,12.3,84
2024-02-16 09:00:00+05:30,15.8,73
2024-02-16 10:00:00+05:30,19.0,61
2024-02-16 11:00:00+05:30,21.5,49
2024-02-16 12:00:00+05:30,23.1,39
2024-02-16 13:00:00+05:30,24.1,32
2024-02-16 14:00:00+05:30,24.4,30
2024-02-16 15:00:00+05:30,24.2,30
2024-02-16 16:00:00+05:30,23.6,31
2024-02-16 17:00:00+05:30,20.9,46
2024-02-16 18:00:00+05:30,17.2,55
2024-02-16 19:00:00+05:30,16.5,60
2024-02-16 20:00:00+05:30,15.1,64
2024-02-16 21:00:00+05:30,13.8,65
2024-02-16 22:00:00+05:30,13.2,65
2024-02-16 23:00:00+05:30,12.0,71
2024-02-17 00:00:00+05:30,11.1,77
2024-02-17 01:00:00+05:30,10.1,82
2024-02-17 02:00:00+05:30,10.0,81
2024-02-17 03:00:00+05:30,9.0,85
2024-02-17 04:00:00+05:30,9.4,82
2024-02-17 05:00:00+05:30,9.4,81
2024-02-17 06:00:00+05:30,9.6,87
2024-02-17 07:00:00+05:30,9.7,87
2024-02-17 08:00:00+05:30,12.7,75
2024-02-17 09:00:00+05:30,16.4,65
2024-02-17 10:00:00+05:30,19.8,51
2024-02-17 11:00:00+05:30,22.0,40
2024-02-17 12:00:00+05:30,23.4,34
2024-02-17 13:00:00+05:30,24.2,31
2024-02-17 14:00:00+05:30,24.6,30
2024-02-17 15:00:00+05:30,24.5,31
2024-02-17 16:00:00+05:30,23.9,33
2024-02-17 17:00:00+05:30,22.0,41
2024-02-17 18:00:00+05:30,18.4,57
2024-02-17 19:00:00+05:30,16.8,66
2024-02-17 20:00:00+05:30,15.3,75
2024-02-17 21:00:00+05:30,14.0,80
2024-02-17 22:00:00+05:30,13.5,79
2024-02-17 23:00:00+05:30,12.8,80
2024-02-18 00:00:00+05:30,11.5,85
2024-02-18 01:00:00+05:30,11.2,85
2024-02-18 02:00:00+05:30,13.0,78
2024-02-18 03:00:00+05:30,9.7,90
2024-02-18 04:00:00+05:30,10.0,86
2024-02-18 05:00:00+05:30,11.4,80
2024-02-18 06:00:00+05:30,10.4,84
2024-02-18 07:00:00+05:30,12.0,77
2024-02-18 08:00:00+05:30,14.2,74
2024-02-18 09:00:00+05:30,18.6,62
2024-02-18 10:00:00+05:30,21.8,51
2024-02-18 11:00:00+05:30,24.1,42
2024-02-18 12:00:00+05:30,25.5,36
2024-02-18 13:00:00+05:30,26.3,34
2024-02-18 14:00:00+05:30,26.9,32
2024-02-18 15:00:00+05:30,26.8,31
2024-02-18 16:00:00+05:30,25.9,35
2024-02-18 17:00:00+05:30,23.7,47
2024-02-18 18:00:00+05:30,21.1,55
2024-02-18 19:00:00+05:30,19.1,63
2024-02-18 20:00:00+05:30,18.1,69
2024-02-18 21:00:00+05:30,17.8,68
2024-02-18 22:00:00+05:30,17.5,68
2024-02-18 23:00:00+05:30,17.0,71
2024-02-19 00:00:00+05:30,16.4,72
2024-02-19 01:00:00+05:30,16.0,72
2024-02-19 02:00:00+05:30,15.6,73
2024-02-19 03:00:00+05:30,15.3,73
2024-02-19 04:00:00+05:30,14.8,74
2024-02-19 05:00:00+05:30,14.4,75
2024-02-19 06:00:00+05:30,15.0,74
2024-02-19 07:00:00+05:30,15.2,73
2024-02-19 08:00:00+05:30,17.3,66
2024-02-19 09:00:00+05:30,19.7,59
2024-02-19 10:00:00+05:30,21.8,54
2024-02-19 11:00:00+05:30,23.7,50
2024-02-19 12:00:00+05:30,25.2,47
2024-02-19 13:00:00+05:30,26.2,45
2024-02-19 14:00:00+05:30,26.7,44
2024-02-19 15:00:00+05:30,26.8,45
2024-02-19 16:00:00+05:30,25.9,49
2024-02-19 17:00:00+05:30,24.9,54
2024-02-19 18:00:00+05:30,22.5,61
2024-02-19 19:00:00+05:30,21.5,63
2024-02-19 20:00:00+05:30,20.9,63
2024-02-19 21:00:00+05:30,19.9,67
2024-02-19 22:00:00+05:30,19.0,69
2024-02-19 23:00:00+05:30,18.8,71
2024-02-20 00:00:00+05:30,18.5,71
2024-02-20 01:00:00+05:30,17.9,73
2024-02-20 02:00:00+05:30,17.1,77
2024-02-20 03:00:00+05:30,16.2,83
2024-02-20 04:00:00+05:30,15.6,87
2024-02-20 05:00:00+05:30,14.9,90
2024-02-20 06:00:00+05:30,16.0,86
2024-02-20 07:00:00+05:30,16.0,87
2024-02-20 08:00:00+05:30,17.7,80
2024-02-20 09:00:00+05:30,19.8,71
2024-02-20 10:00:00+05:30,21.1,66
2024-02-20 11:00:00+05:30,23.7,58
2024-02-20 12:00:00+05:30,25.4,51
2024-02-20 13:00:00+05:30,26.8,35
2024-02-20 14:00:00+05:30,27.3,27
2024-02-20 15:00:00+05:30,27.4,23
2024-02-20 16:00:00+05:30,26.6,25
2024-02-20 17:00:00+05:30,23.7,57
2024-02-20 18:00:00+05:30,20.7,69
2024-02-20 19:00:00+05:30,18.8,78
2024-02-20 20:00:00+05:30,18.0,80
2024-02-20 21:00:00+05:30,16.6,86
2024-02-20 22:00:00+05:30,16.1,86
2024-02-20 23:00:00+05:30,15.5,90
2024-02-21 00:00:00+05:30,14.8,93
2024-02-21 01:00:00+05:30,14.1,95
2024-02-21 02:00:00+05:30,13.3,96
2024-02-21 03:00:00+05:30,12.3,98
2024-02-21 04:00:00+05:30,11.8,98
2024-02-21 05:00:00+05:30,11.9,97
2024-02-21 06:00:00+05:30,12.9,95
2024-02-21 07:00:00+05:30,13.4,94
2024-02-21 08:00:00+05:30,15.8,85
2024-02-21 09:00:00+05:30,18.8,69
2024-02-21 10:00:00+05:30,21.7,55
2024-02-21 11:00:00+05:30,23.7,43
2024-02-21 12:00:00+05:30,25.1,30
2024-02-21 13:00:00+05:30,25.8,20
2024-02-21 14:00:00+05:30,26.1,18
2024-02-21 15:00:00+05:30,25.7,18
2024-02-21 16:00:00+05:30,25.0,19
2024-02-21 17:00:00+05:30,22.7,30
2024-02-21 18:00:00+05:30,18.7,41
2024-02-21 19:00:00+05:30,18.0,44
2024-02-21 20:00:00+05:30,17.4,44
2024-02-21 21:00:00+05:30,16.9,46
2024-02-21 22:00:00+05:30,16.2,47
2024-02-21 23:00:00+05:30,16.3,54
2024-02-22 00:00:00+05:30,16.0,61
2024-02-22 01:00:00+05:30,15.4,64
2024-02-22 02:00:00+05:30,14.9,65
2024-02-22 03:00:00+05:30,13.8,68
2024-02-22 04:00:00+05:30,11.9,77
2024-02-22 05:00:00+05:30,10.7,85
2024-02-22 06:00:00+05:30,12.9,83
2024-02-22 07:00:00+05:30,12.4,86
2024-02-22 08:00:00+05:30,15.2,75
2024-02-22 09:00:00+05:30,17.4,63
2024-02-22 10:00:00+05:30,19.9,50
2024-02-22 11:00:00+05:30,21.8,42
2024-02-22 12:00:00+05:30,23.1,32
2024-02-22 13:00:00+05:30,23.8,25
2024-02-22 14:00:00+05:30,24.0,23
2024-02-22 15:00:00+05:30,23.6,21
2024-02-22 16:00:00+05:30,23.0,22
2024-02-22 17:00:00+05:30,21.4,28
2024-02-22 18:00:00+05:30,19.1,37
2024-02-22 19:00:00+05:30,17.5,41
2024-02-22 20:00:00+05:30,16.0,45
2024-02-22 21:00:00+05:30,14.6,51
2024-02-22 22:00:00+05:30,13.7,56
2024-02-22 23:00:00+05:30,12.8,59
2024-02-23 00:00:00+05:30,12.1,60
2024-02-23 01:00:00+05:30,11.9,59
2024-02-23 02:00:00+05:30,11.3,60
2024-02-23 03:00:00+05:30,10.6,61
2024-02-23 04:00:00+05:30,9.8,63
2024-02-23 05:00:00+05:30,8.9,67
2024-02-23 06:00:00+05:30,9.4,78
2024-02-23 07:00:00+05:30,10.3,73
2024-02-23 08:00:00+05:30,13.4,63
2024-02-23 09:00:00+05:30,16.5,53
2024-02-23 10:00:00+05:30,19.2,43
2024-02-23 11:00:00+05:30,21.2,32
2024-02-23 12:00:00+05:30,22.1,28
2024-02-23 13:00:00+05:30,22.6,26
2024-02-23 14:00:00+05:30,22.8,25
2024-02-23 15:00:00+05:30,22.6,25
2024-02-23 16:00:00+05:30,22.0,25
2024-02-23 17:00:00+05:30,20.5,31
2024-02-23 18:00:00+05:30,16.9,41
2024-02-23 19:00:00+05:30,15.8,46
2024-02-23 20:00:00+05:30,15.6,46
2024-02-23 21:00:00+05:30,14.7,46
2024-02-23 22:00:00+05:30,14.0,47
2024-02-23 23:00:00+05:30,13.2,50
2024-02-24 00:00:00+05:30,12.2,53
2024-02-24 01:00:00+05:30,10.5,61
2024-02-24 02:00:00+05:30,10.2,62
2024-02-24 03:00:00+05:30,8.7,71
2024-02-24 04:00:00+05:30,9.8,64
2024-02-24 05:00:00+05:30,10.9,59
2024-02-24 06:00:00+05:30,11.4,73
2024-02-24 07:00:00+05:30,11.7,69
2024-02-24 08:00:00+05:30,14.0,65
2024-02-24 09:00:00+05:30,17.0,54
2024-02-24 10:00:00+05:30,19.1,45
2024-02-24 11:00:00+05:30,19.9,42
2024-02-24 12:00:00+05:30,22.0,33
2024-02-24 13:00:00+05:30,22.7,29
2024-02-24 14:00:00+05:30,23.2,25
2024-02-24 15:00:00+05:30,22.9,26
2024-02-24 16:00:00+05:30,22.4,26
2024-02-24 17:00:00+05:30,20.7,43
2024-02-24 18:00:00+05:30,18.1,32
2024-02-24 19:00:00+05:30,15.8,43
2024-02-24 20:00:00+05:30,18.2,34
2024-02-24 21:00:00+05:30,17.3,37
2024-02-24 22:00:00+05:30,13.2,50
2024-02-24 23:00:00+05:30,13.3,44
2024-02-25 00:00:00+05:30,12.7,42
2024-02-25 01:00:00+05:30,11.4,47
2024-02-25 02:00:00+05:30,11.4,48
2024-02-25 03:00:00+05:30,11.9,45
2024-02-25 04:00:00+05:30,11.4,46
2024-02-25 05:00:00+05:30,11.0,49
2024-02-25 06:00:00+05:30,11.4,72
2024-02-25 07:00:00+05:30,11.6,72
2024-02-25 08:00:00+05:30,14.3,63
2024-02-25 09:00:00+05:30,17.7,52
2024-02-25 10:00:00+05:30,20.6,42
2024-02-25 11:00:00+05:30,22.9,29
2024-02-25 12:00:00+05:30,24.0,24
2024-02-25 13:00:00+05:30,24.5,22
2024-02-25 14:00:00+05:30,24.8,21
2024-02-25 15:00:00+05:30,24.4,21
2024-02-25 16:00:00+05:30,23.5,20
2024-02-25 17:00:00+05:30,22.3,22
2024-02-25 18:00:00+05:30,19.5,30
2024-02-25 19:00:00+05:30,18.8,32
2024-02-25 20:00:00+05:30,16.3,39
2024-02-25 21:00:00+05:30,15.5,44
2024-02-25 22:00:00+05:30,15.3,47
2024-02-25 23:00:00+05:30,15.1,50
2024-02-26 00:00:00+05:30,14.3,53
2024-02-26 01:00:00+05:30,13.8,54
2024-02-26 02:00:00+05:30,13.0,56
2024-02-26 03:00:00+05:30,12.9,55
2024-02-26 04:00:00+05:30,11.9,57
2024-02-26 05:00:00+05:30,11.4,59
2024-02-26 06:00:00+05:30,11.9,72
2024-02-26 07:00:00+05:30,12.8,68
2024-02-26 08:00:00+05:30,14.8,62
2024-02-26 09:00:00+05:30,17.5,56
2024-02-26 10:00:00+05:30,20.6,45
2024-02-26 11:00:00+05:30,23.1,32
2024-02-26 12:00:00+05:30,24.2,27
2024-02-26 13:00:00+05:30,24.8,26
2024-02-26 14:00:00+05:30,24.3,26
2024-02-26 15:00:00+05:30,23.9,27
2024-02-26 16:00:00+05:30,23.5,27
2024-02-26 17:00:00+05:30,21.9,39
2024-02-26 18:00:00+05:30,18.8,35
2024-02-26 19:00:00+05:30,17.5,43
2024-02-26 20:00:00+05:30,17.0,45
2024-02-26 21:00:00+05:30,15.7,46
2024-02-26 22:00:00+05:30,14.4,50
2024-02-26 23:00:00+05:30,13.9,50
2024-02-27 00:00:00+05:30,14.4,49
2024-02-27 01:00:00+05:30,14.3,58
2024-02-27 02:00:00+05:30,13.8,56
2024-02-27 03:00:00+05:30,14.8,51
2024-02-27 04:00:00+05:30,15.2,51
2024-02-27 05:00:00+05:30,14.4,60
2024-02-27 06:00:00+05:30,15.3,55
2024-02-27 07:00:00+05:30,15.1,60
2024-02-27 08:00:00+05:30,15.9,60
2024-02-27 09:00:00+05:30,16.9,55
2024-02-27 10:00:00+05:30,19.6,48
2024-02-27 11:00:00+05:30,22.2,38
2024-02-27 12:00:00+05:30,23.6,32
2024-02-27 13:00:00+05:30,24.3,29
2024-02-27 14:00:00+05:30,24.6,28
2024-02-27 15:00:00+05:30,24.4,28
2024-02-27 16:00:00+05:30,23.7,28
2024-02-27 17:00:00+05:30,22.2,32
2024-02-27 18:00:00+05:30,18.7,43
2024-02-27 19:00:00+05:30,17.8,49
2024-02-27 20:00:00+05:30,16.6,52
2024-02-27 21:00:00+05:30,15.5,55
2024-02-27 22:00:00+05:30,14.2,60
2024-02-27 23:00:00+05:30,13.8,63
2024-02-28 00:00:00+05:30,13.7,67
2024-02-28 01:00:00+05:30,13.3,72
2024-02-28 02:00:00+05:30,12.7,75
2024-02-28 03:00:00+05:30,12.2,77
2024-02-28 04:00:00+05:30,11.9,78
2024-02-28 05:00:00+05:30,11.5,79
2024-02-28 06:00:00+05:30,11.5,79
2024-02-28 07:00:00+05:30,12.0,77
2024-02-28 08:00:00+05:30,14.4,67
2024-02-28 09:00:00+05:30,17.2,57
2024-02-28 10:00:00+05:30,19.8,49
2024-02-28 11:00:00+05:30,21.9,41
2024-02-28 12:00:00+05:30,23.2,35
2024-02-28 13:00:00+05:30,23.9,33
2024-02-28 14:00:00+05:30,24.1,33
2024-02-28 15:00:00+05:30,23.9,34
2024-02-28 16:00:00+05:30,23.3,36
2024-02-28 17:00:00+05:30,22.4,39
2024-02-28 18:00:00+05:30,19.9,48
2024-02-28 19:00:00+05:30,18.5,54
2024-02-28 20:00:00+05:30,17.5,57
2024-02-28 21:00:00+05:30,16.4,61
2024-02-28 22:00:00+05:30,15.4,66
2024-02-28 23:00:00+05:30,14.7,69
2024-02-29 00:00:00+05:30,14.1,70
2024-02-29 01:00:00+05:30,13.7,70
2024-02-29 02:00:00+05:30,13.3,71
2024-02-29 03:00:00+05:30,12.7,74
2024-02-29 04:00:00+05:30,12.3,75
2024-02-29 05:00:00+05:30,12.0,77
2024-02-29 06:00:00+05:30,12.3,80
2024-02-29 07:00:00+05:30,12.7,78
2024-02-29 08:00:00+05:30,15.3,69
2024-02-29 09:00:00+05:30,18.5,58
2024-02-29 10:00:00+05:30,21.4,47
2024-02-29 11:00:00+05:30,23.3,38
2024-02-29 12:00:00+05:30,24.7,34
2024-02-29 13:00:00+05:30,25.5,31
2024-02-29 14:00:00+05:30,26.1,30
2024-02-29 15:00:00+05:30,26.2,28
2024-02-29 16:00:00+05:30,25.7,30
2024-02-29 17:00:00+05:30,24.2,36
2024-02-29 18:00:00+05:30,19.8,52
2024-02-29 19:00:00+05:30,18.8,56
2024-02-29 20:00:00+05:30,17.6,62
2024-02-29 21:00:00+05:30,16.1,69
2024-02-29 22:00:00+05:30,15.4,70
2024-02-29 23:00:00+05:30,15.0,71
2024-03-01 00:00:00+05:30,14.1,74
2024-03-01 01:00:00+05:30,13.3,78
2024-03-01 02:00:00+05:30,14.7,71
2024-03-01 03:00:00+05:30,14.5,72
2024-03-01 04:00:00+05:30,14.3,73
2024-03-01 05:00:00+05:30,13.7,77
2024-03-01 06:00:00+05:30,13.6,82
2024-03-01 07:00:00+05:30,14.2,81
2024-03-01 08:00:00+05:30,17.2,71
2024-03-01 09:00:00+05:30,20.6,61
2024-03-01 10:00:00+05:30,22.7,54
2024-03-01 11:00:00+05:30,23.1,54
2024-03-01 12:00:00+05:30,23.0,53
2024-03-01 13:00:00+05:30,23.9,51
2024-03-01 14:00:00+05:30,25.9,46
2024-03-01 15:00:00+05:30,26.2,45
2024-03-01 16:00:00+05:30,25.8,46
2024-03-01 17:00:00+05:30,24.5,50
2024-03-01 18:00:00+05:30,24.5,42
2024-03-01 19:00:00+05:30,23.1,49
2024-03-01 20:00:00+05:30,20.9,57
2024-03-01 21:00:00+05:30,19.8,63
2024-03-01 22:00:00+05:30,20.3,61
2024-03-01 23:00:00+05:30,19.9,61
2024-03-02 00:00:00+05:30,19.4,64
2024-03-02 01:00:00+05:30,19.2,68
2024-03-02 02:00:00+05:30,18.8,71
2024-03-02 03:00:00+05:30,18.8,69
2024-03-02 04:00:00+05:30,18.7,69
2024-03-02 05:00:00+05:30,18.8,68
2024-03-02 06:00:00+05:30,18.5,74
2024-03-02 07:00:00+05:30,18.0,79
2024-03-02 08:00:00+05:30,18.4,81
2024-03-02 09:00:00+05:30,18.4,86
2024-03-02 10:00:00+05:30,19.7,84
2024-03-02 11:00:00+05:30,22.6,64
2024-03-02 12:00:00+05:30,24.0,58
2024-03-02 13:00:00+05:30,24.4,56
2024-03-02 14:00:00+05:30,24.0,56
2024-03-02 15:00:00+05:30,23.5,59
2024-03-02 16:00:00+05:30,23.6,59
2024-03-02 17:00:00+05:30,19.7,81
2024-03-02 18:00:00+05:30,18.2,87
2024-03-02 19:00:00+05:30,18.9,87
2024-03-02 20:00:00+05:30,17.9,92
2024-03-02 21:00:00+05:30,18.1,91
2024-03-02 22:00:00+05:30,17.7,93
2024-03-02 23:00:00+05:30,17.3,95
2024-03-03 00:00:00+05:30,17.3,94
2024-03-03 01:00:00+05:30,17.3,95
2024-03-03 02:00:00+05:30,16.2,96
2024-03-03 03:00:00+05:30,15.8,97
2024-03-03 04:00:00+05:30,16.0,94
2024-03-03 05:00:00+05:30,15.9,93
2024-03-03 06:00:00+05:30,15.5,94
2024-03-03 07:00:00+05:30,15.9,89
2024-03-03 08:00:00+05:30,16.7,79
2024-03-03 09:00:00+05:30,17.9,74
2024-03-03 10:00:00+05:30,19.0,71
2024-03-03 11:00:00+05:30,20.8,62
2024-03-03 12:00:00+05:30,21.8,56
2024-03-03 13:00:00+05:30,23.0,46
2024-03-03 14:00:00+05:30,23.1,42
2024-03-03 15:00:00+05:30,22.9,38
2024-03-03 16:00:00+05:30,22.0,35
2024-03-03 17:00:00+05:30,20.4,39
2024-03-03 18:00:00+05:30,17.6,64
2024-03-03 19:00:00+05:30,16.9,77
2024-03-03 20:00:00+05:30,15.3,93
2024-03-03 21:00:00+05:30,14.7,97
2024-03-03 22:00:00+05:30,14.0,97
2024-03-03 23:00:00+05:30,13.4,98
2024-03-04 00:00:00+05:30,12.1,99
2024-03-04 01:00:00+05:30,11.5,100
2024-03-04 02:00:00+05:30,11.8,100
2024-03-04 03:00:00+05:30,11.7,100
2024-03-04 04:00:00+05:30,12.2,100
2024-03-04 05:00:00+05:30,12.1,98
2024-03-04 06:00:00+05:30,11.3,97
2024-03-04 07:00:00+05:30,12.0,98
2024-03-04 08:00:00+05:30,13.9,92
2024-03-04 09:00:00+05:30,16.9,73
2024-03-04 10:00:00+05:30,19.8,40
2024-03-04 11:00:00+05:30,21.2,24
2024-03-04 12:00:00+05:30,21.8,22
2024-03-04 13:00:00+05:30,22.0,23
2024-03-04 14:00:00+05:30,21.9,24
2024-03-04 15:00:00+05:30,21.5,26
2024-03-04 16:00:00+05:30,20.9,28
2024-03-04 17:00:00+05:30,19.5,35
2024-03-04 18:00:00+05:30,17.4,45
2024-03-04 19:00:00+05:30,15.8,48
2024-03-04 20:00:00+05:30,14.7,50
2024-03-04 21:00:00+05:30,13.8,52
2024-03-04 22:00:00+05:30,12.9,54
2024-03-04 23:00:00+05:30,12.2,57
2024-03-05 00:00:00+05:30,11.5,59
2024-03-05 01:00:00+05:30,10.8,61
2024-03-05 02:00:00+05:30,10.4,63
2024-03-05 03:00:00+05:30,9.8,66
2024-03-05 04:00:00+05:30,9.3,68
2024-03-05 05:00:00+05:30,8.9,68
2024-03-05 06:00:00+05:30,9.2,74
2024-03-05 07:00:00+05:30,9.8,72
2024-03-05 08:00:00+05:30,12.2,64
2024-03-05 09:00:00+05:30,14.8,57
2024-03-05 10:00:00+05:30,17.3,48
2024-03-05 11:00:00+05:30,19.0,40
2024-03-05 12:00:00+05:30,20.1,36
2024-03-05 13:00:00+05:30,20.9,34
2024-03-05 14:00:00+05:30,21.1,34
2024-03-05 15:00:00+05:30,21.0,34
2024-03-05 16:00:00+05:30,20.4,35
2024-03-05 17:00:00+05:30,19.3,41
2024-03-05 18:00:00+05:30,16.3,51
2024-03-05 19:00:00+05:30,15.7,54
2024-03-05 20:00:00+05:30,15.7,54
2024-03-05 21:00:00+05:30,14.5,56
2024-03-05 22:00:00+05:30,12.9,62
2024-03-05 23:00:00+05:30,12.5,65
2024-03-06 00:00:00+05:30,12.8,64
2024-03-06 01:00:00+05:30,12.2,66
2024-03-06 02:00:00+05:30,12.0,64
2024-03-06 03:00:00+05:30,11.4,65
2024-03-06 04:00:00+05:30,10.1,70
2024-03-06 05:00:00+05:30,10.0,68
2024-03-06 06:00:00+05:30,9.2,69
2024-03-06 07:00:00+05:30,9.8,68
2024-03-06 08:00:00+05:30,12.4,62
2024-03-06 09:00:00+05:30,15.4,51
2024-03-06 10:00:00+05:30,17.7,43
2024-03-06 11:00:00+05:30,19.3,38
2024-03-06 12:00:00+05:30,19.7,37
2024-03-06 13:00:00+05:30,19.7,39
2024-03-06 14:00:00+05:30,20.2,40
2024-03-06 15:00:00+05:30,21.4,37
2024-03-06 16:00:00+05:30,21.1,37
2024-03-06 17:00:00+05:30,20.1,42
2024-03-06 18:00:00+05:30,18.0,56
2024-03-06 19:00:00+05:30,15.6,64
2024-03-06 20:00:00+05:30,14.7,68
2024-03-06 21:00:00+05:30,14.7,63
2024-03-06 22:00:00+05:30,12.9,69
2024-03-06 23:00:00+05:30,13.4,70
2024-03-07 00:00:00+05:30,12.5,72
2024-03-07 01:00:00+05:30,11.0,80
2024-03-07 02:00:00+05:30,11.0,79
2024-03-07 03:00:00+05:30,10.1,84
2024-03-07 04:00:00+05:30,10.0,84
2024-03-07 05:00:00+05:30,9.9,82
2024-03-07 06:00:00+05:30,10.2,85
2024-03-07 07:00:00+05:30,11.5,78
2024-03-07 08:00:00+05:30,14.7,67
2024-03-07 09:00:00+05:30,17.7,55
2024-03-07 10:00:00+05:30,20.1,45
2024-03-07 11:00:00+05:30,21.7,40
2024-03-07 12:00:00+05:30,23.1,35
2024-03-07 13:00:00+05:30,24.0,32
2024-03-07 14:00:00+05:30,24.5,32
2024-03-07 15:00:00+05:30,24.3,33
2024-03-07 16:00:00+05:30,23.7,35
2024-03-07 17:00:00+05:30,22.5,40
2024-03-07 18:00:00+05:30,19.7,51
2024-03-07 19:00:00+05:30,18.6,51
2024-03-07 20:00:00+05:30,18.3,47
2024-03-07 21:00:00+05:30,17.3,49
2024-03-07 22:00:00+05:30,16.5,53
2024-03-07 23:00:00+05:30,15.5,57
2024-03-08 00:00:00+05:30,14.3,61
2024-03-08 01:00:00+05:30,12.8,67
2024-03-08 02:00:00+05:30,12.6,66
2024-03-08 03:00:00+05:30,12.2,69
2024-03-08 04:00:00+05:30,11.6,72
2024-03-08 05:00:00+05:30,11.3,74
2024-03-08 06:00:00+05:30,11.7,76
2024-03-08 07:00:00+05:30,12.8,73
2024-03-08 08:00:00+05:30,15.9,64
2024-03-08 09:00:00+05:30,18.7,56
2024-03-08 10:00:00+05:30,21.3,48
2024-03-08 11:00:00+05:30,23.7,38
2024-03-08 12:00:00+05:30,24.9,31
2024-03-08 13:00:00+05:30,25.4,30
2024-03-08 14:00:00+05:30,25.6,29
2024-03-08 15:00:00+05:30,25.3,29
2024-03-08 16:00:00+05:30,24.6,31
2024-03-08 17:00:00+05:30,23.2,35
2024-03-08 18:00:00+05:30,20.3,44
2024-03-08 19:00:00+05:30,18.6,50
2024-03-08 20:00:00+05:30,17.3,51
2024-03-08 21:00:00+05:30,16.2,54
2024-03-08 22:00:00+05:30,15.4,55
2024-03-08 23:00:00+05:30,14.7,57
2024-03-09 00:00:00+05:30,14.3,57
2024-03-09 01:00:00+05:30,13.9,56
2024-03-09 02:00:00+05:30,13.5,55
2024-03-09 03:00:00+05:30,13.1,56
2024-03-09 04:00:00+05:30,12.6,59
2024-03-09 05:00:00+05:30,11.9,64
2024-03-09 06:00:00+05:30,12.2,72
2024-03-09 07:00:00+05:30,12.9,70
2024-03-09 08:00:00+05:30,15.6,62
2024-03-09 09:00:00+05:30,18.4,53
2024-03-09 10:00:00+05:30,20.9,45
2024-03-09 11:00:00+05:30,22.9,37
2024-03-09 12:00:00+05:30,24.2,34
2024-03-09 13:00:00+05:30,25.1,30
2024-03-09 14:00:00+05:30,25.5,28
2024-03-09 15:00:00+05:30,25.4,28
2024-03-09 16:00:00+05:30,24.8,29
2024-03-09 17:00:00+05:30,23.5,35
2024-03-09 18:00:00+05:30,19.6,43
2024-03-09 19:00:00+05:30,18.8,47
2024-03-09 20:00:00+05:30,18.2,46
2024-03-09 21:00:00+05:30,16.9,49
2024-03-09 22:00:00+05:30,15.5,55
2024-03-09 23:00:00+05:30,15.2,57
2024-03-10 00:00:00+05:30,14.4,62
2024-03-10 01:00:00+05:30,13.3,67
2024-03-10 02:00:00+05:30,13.4,68
2024-03-10 03:00:00+05:30,13.1,71
2024-03-10 04:00:00+05:30,12.8,71
2024-03-10 05:00:00+05:30,12.5,72
2024-03-10 06:00:00+05:30,11.7,75
2024-03-10 07:00:00+05:30,12.8,71
2024-03-10 08:00:00+05:30,15.9,61
2024-03-10 09:00:00+05:30,19.6,50
2024-03-10 10:00:00+05:30,22.6,39
2024-03-10 11:00:00+05:30,24.5,32
2024-03-10 12:00:00+05:30,25.7,30
2024-03-10 13:00:00+05:30,26.4,29
2024-03-10 14:00:00+05:30,26.9,28
2024-03-10 15:00:00+05:30,26.7,28
2024-03-10 16:00:00+05:30,26.1,29
2024-03-10 17:00:00+05:30,24.9,34
2024-03-10 18:00:00+05:30,21.0,51
2024-03-10 19:00:00+05:30,21.3,50
2024-03-10 20:00:00+05:30,20.3,50
2024-03-10 21:00:00+05:30,20.0,50
2024-03-10 22:00:00+05:30,19.1,54
2024-03-10 23:00:00+05:30,18.7,57
2024-03-11 00:00:00+05:30,18.2,60
2024-03-11 01:00:00+05:30,16.9,66
2024-03-11 02:00:00+05:30,17.9,62
2024-03-11 03:00:00+05:30,16.2,70
2024-03-11 04:00:00+05:30,17.0,66
2024-03-11 05:00:00+05:30,16.9,66
2024-03-11 06:00:00+05:30,14.9,83
2024-03-11 07:00:00+05:30,16.6,75
2024-03-11 08:00:00+05:30,19.4,66
2024-03-11 09:00:00+05:30,22.7,58
2024-03-11 10:00:00+05:30,25.8,45
2024-03-11 11:00:00+05:30,27.7,34
2024-03-11 12:00:00+05:30,28.7,29
2024-03-11 13:00:00+05:30,29.5,27
2024-03-11 14:00:00+05:30,29.8,26
2024-03-11 15:00:00+05:30,29.7,26
2024-03-11 16:00:00+05:30,28.8,29
2024-03-11 17:00:00+05:30,27.4,34
2024-03-11 18:00:00+05:30,24.8,32
2024-03-11 19:00:00+05:30,23.3,31
2024-03-11 20:00:00+05:30,21.6,34
2024-03-11 21:00:00+05:30,20.1,38
2024-03-11 22:00:00+05:30,19.4,44
2024-03-11 23:00:00+05:30,18.5,50
2024-03-12 00:00:00+05:30,17.6,54
2024-03-12 01:00:00+05:30,16.8,57
2024-03-12 02:00:00+05:30,16.3,58
2024-03-12 03:00:00+05:30,16.3,58
2024-03-12 04:00:00+05:30,14.9,65
2024-03-12 05:00:00+05:30,14.2,68
2024-03-12 06:00:00+05:30,15.4,71
2024-03-12 07:00:00+05:30,16.2,67
2024-03-12 08:00:00+05:30,19.0,58
2024-03-12 09:00:00+05:30,22.4,51
2024-03-12 10:00:00+05:30,25.6,44
2024-03-12 11:00:00+05:30,27.4,37
2024-03-12 12:00:00+05:30,28.6,31
2024-03-12 13:00:00+05:30,29.2,29
2024-03-12 14:00:00+05:30,29.5,27
2024-03-12 15:00:00+05:30,29.4,27
2024-03-12 16:00:00+05:30,28.9,26
2024-03-12 17:00:00+05:30,27.6,30
2024-03-12 18:00:00+05:30,25.0,32
2024-03-12 19:00:00+05:30,23.5,37
2024-03-12 20:00:00+05:30,22.2,41
2024-03-12 21:00:00+05:30,21.4,46
2024-03-12 22:00:00+05:30,20.7,48
2024-03-12 23:00:00+05:30,20.0,50
2024-03-13 00:00:00+05:30,19.0,53
2024-03-13 01:00:00+05:30,18.0,57
2024-03-13 02:00:00+05:30,15.8,67
2024-03-13 03:00:00+05:30,15.6,67
2024-03-13 04:00:00+05:30,14.7,71
2024-03-13 05:00:00+05:30,13.8,77
2024-03-13 06:00:00+05:30,14.1,83
2024-03-13 07:00:00+05:30,15.6,77
2024-03-13 08:00:00+05:30,19.0,64
2024-03-13 09:00:00+05:30,22.4,53
2024-03-13 10:00:00+05:30,25.2,42
2024-03-13 11:00:00+05:30,27.3,35
2024-03-13 12:00:00+05:30,28.9,28
2024-03-13 13:00:00+05:30,29.7,25
2024-03-13 14:00:00+05:30,29.7,24
2024-03-13 15:00:00+05:30,27.5,30
2024-03-13 16:00:00+05:30,27.0,32
2024-03-13 17:00:00+05:30,26.8,33
2024-03-13 18:00:00+05:30,23.2,44
2024-03-13 19:00:00+05:30,22.1,46
2024-03-13 20:00:00+05:30,20.5,55
2024-03-13 21:00:00+05:30,19.3,61
2024-03-13 22:00:00+05:30,18.1,67
2024-03-13 23:00:00+05:30,17.3,71
2024-03-14 00:00:00+05:30,16.7,76
2024-03-14 01:00:00+05:30,16.1,79
2024-03-14 02:00:00+05:30,15.3,82
2024-03-14 03:00:00+05:30,15.0,83
2024-03-14 04:00:00+05:30,14.7,84
2024-03-14 05:00:00+05:30,14.1,86
2024-03-14 06:00:00+05:30,14.9,88
2024-03-14 07:00:00+05:30,16.2,82
2024-03-14 08:00:00+05:30,19.1,67
2024-03-14 09:00:00+05:30,22.4,52
2024-03-14 10:00:00+05:30,25.9,41
2024-03-14 11:00:00+05:30,27.8,31
2024-03-14 12:00:00+05:30,28.6,28
2024-03-14 13:00:00+05:30,29.4,26
2024-03-14 14:00:00+05:30,29.1,27
2024-03-14 15:00:00+05:30,28.8,27
2024-03-14 16:00:00+05:30,28.1,27
2024-03-14 17:00:00+05:30,27.0,31
2024-03-14 18:00:00+05:30,24.9,33
2024-03-14 19:00:00+05:30,23.4,37
2024-03-14 20:00:00+05:30,21.6,44
2024-03-14 21:00:00+05:30,20.4,47
2024-03-14 22:00:00+05:30,19.4,48
2024-03-14 23:00:00+05:30,18.9,47
2024-03-15 00:00:00+05:30,18.4,45
2024-03-15 01:00:00+05:30,17.6,48
2024-03-15 02:00:00+05:30,16.5,54
2024-03-15 03:00:00+05:30,15.5,58
2024-03-15 04:00:00+05:30,14.8,59
2024-03-15 05:00:00+05:30,14.2,59
2024-03-15 06:00:00+05:30,14.9,66
2024-03-15 07:00:00+05:30,15.8,63
2024-03-15 08:00:00+05:30,18.2,55
2024-03-15 09:00:00+05:30,21.0,49
2024-03-15 10:00:00+05:30,23.9,40
2024-03-15 11:00:00+05:30,25.9,32
2024-03-15 12:00:00+05:30,27.0,26
2024-03-15 13:00:00+05:30,27.5,24
2024-03-15 14:00:00+05:30,27.6,24
2024-03-15 15:00:00+05:30,27.4,24
2024-03-15 16:00:00+05:30,26.9,25
2024-03-15 17:00:00+05:30,25.6,28
2024-03-15 18:00:00+05:30,23.0,30
2024-03-15 19:00:00+05:30,20.8,38
2024-03-15 20:00:00+05:30,19.3,39
2024-03-15 21:00:00+05:30,18.1,40
2024-03-15 22:00:00+05:30,16.7,45
2024-03-15 23:00:00+05:30,15.4,52
2024-03-16 00:00:00+05:30,14.5,57
2024-03-16 01:00:00+05:30,13.8,62
2024-03-16 02:00:00+05:30,13.1,65
2024-03-16 03:00:00+05:30,12.4,67
2024-03-16 04:00:00+05:30,12.4,65
2024-03-16 05:00:00+05:30,12.8,61
2024-03-16 06:00:00+05:30,12.2,76
2024-03-16 07:00:00+05:30,13.9,69
2024-03-16 08:00:00+05:30,17.1,59
2024-03-16 09:00:00+05:30,20.6,50
2024-03-16 10:00:00+05:30,23.7,40
2024-03-16 11:00:00+05:30,25.6,30
2024-03-16 12:00:00+05:30,26.6,25
2024-03-16 13:00:00+05:30,27.4,23
2024-03-16 14:00:00+05:30,28.0,22
2024-03-16 15:00:00+05:30,28.0,22
2024-03-16 16:00:00+05:30,27.2,24
2024-03-16 17:00:00+05:30,25.9,27
2024-03-16 18:00:00+05:30,23.6,26
2024-03-16 19:00:00+05:30,21.6,31
2024-03-16 20:00:00+05:30,20.4,39
2024-03-16 21:00:00+05:30,19.2,42
2024-03-16 22:00:00+05:30,17.8,47
2024-03-16 23:00:00+05:30,16.7,51
2024-03-17 00:00:00+05:30,15.7,55
2024-03-17 01:00:00+05:30,15.3,56
2024-03-17 02:00:00+05:30,13.9,61
2024-03-17 03:00:00+05:30,12.8,66
2024-03-17 04:00:00+05:30,12.9,65
2024-03-17 05:00:00+05:30,12.2,67
2024-03-17 06:00:00+05:30,13.3,74
2024-03-17 07:00:00+05:30,15.0,67
2024-03-17 08:00:00+05:30,18.5,57
2024-03-17 09:00:00+05:30,22.1,47
2024-03-17 10:00:00+05:30,24.9,38
2024-03-17 11:00:00+05:30,26.6,30
2024-03-17 12:00:00+05:30,27.7,27
2024-03-17 13:00:00+05:30,28.3,26
2024-03-17 14:00:00+05:30,28.8,24
2024-03-17 15:00:00+05:30,28.9,24
2024-03-17 16:00:00+05:30,28.4,25
2024-03-17 17:00:00+05:30,27.2,27
2024-03-17 18:00:00+05:30,23.3,38
2024-03-17 19:00:00+05:30,21.7,43
2024-03-17 20:00:00+05:30,21.1,49
2024-03-17 21:00:00+05:30,20.2,49
2024-03-17 22:00:00+05:30,19.2,50
2024-03-17 23:00:00+05:30,18.1,55
2024-03-18 00:00:00+05:30,17.1,58
2024-03-18 01:00:00+05:30,16.2,61
2024-03-18 02:00:00+05:30,15.1,66
2024-03-18 03:00:00+05:30,14.2,70
2024-03-18 04:00:00+05:30,13.8,72
2024-03-18 05:00:00+05:30,13.5,72
2024-03-18 06:00:00+05:30,12.9,80
2024-03-18 07:00:00+05:30,14.8,71
2024-03-18 08:00:00+05:30,18.2,60
2024-03-18 09:00:00+05:30,21.8,48
2024-03-18 10:00:00+05:30,24.7,37
2024-03-18 11:00:00+05:30,26.6,28
2024-03-18 12:00:00+05:30,27.5,26
2024-03-18 13:00:00+05:30,28.2,25
2024-03-18 14:00:00+05:30,28.6,25
2024-03-18 15:00:00+05:30,28.5,25
2024-03-18 16:00:00+05:30,28.0,26
2024-03-18 17:00:00+05:30,26.9,29
2024-03-18 18:00:00+05:30,23.5,38
2024-03-18 19:00:00+05:30,22.0,43
2024-03-18 20:00:00+05:30,21.1,43
2024-03-18 21:00:00+05:30,20.0,45
2024-03-18 22:00:00+05:30,19.2,47
2024-03-18 23:00:00+05:30,18.2,50
2024-03-19 00:00:00+05:30,17.2,56
2024-03-19 01:00:00+05:30,15.7,63
2024-03-19 02:00:00+05:30,15.0,67
2024-03-19 03:00:00+05:30,14.7,69
2024-03-19 04:00:00+05:30,13.4,75
2024-03-19 05:00:00+05:30,12.9,78
2024-03-19 06:00:00+05:30,13.1,83
2024-03-19 07:00:00+05:30,15.5,74
2024-03-19 08:00:00+05:30,18.8,63
2024-03-19 09:00:00+05:30,22.6,51
2024-03-19 10:00:00+05:30,25.7,41
2024-03-19 11:00:00+05:30,27.6,32
2024-03-19 12:00:00+05:30,28.7,27
2024-03-19 13:00:00+05:30,29.5,23
2024-03-19 14:00:00+05:30,30.0,20
2024-03-19 15:00:00+05:30,29.4,21
2024-03-19 16:00:00+05:30,29.0,21
2024-03-19 17:00:00+05:30,27.8,23
2024-03-19 18:00:00+05:30,24.7,32
2024-03-19 19:00:00+05:30,23.3,36
2024-03-19 20:00:00+05:30,21.7,42
2024-03-19 21:00:00+05:30,19.9,47
2024-03-19 22:00:00+05:30,18.4,52
2024-03-19 23:00:00+05:30,18.1,54
2024-03-20 00:00:00+05:30,19.3,49
2024-03-20 01:00:00+05:30,17.0,59
2024-03-20 02:00:00+05:30,15.3,67
2024-03-20 03:00:00+05:30,14.6,72
2024-03-20 04:00:00+05:30,14.1,75
2024-03-20 05:00:00+05:30,14.1,75
2024-03-20 06:00:00+05:30,15.0,77
2024-03-20 07:00:00+05:30,16.9,70
2024-03-20 08:00:00+05:30,20.9,59
2024-03-20 09:00:00+05:30,24.9,46
2024-03-20 10:00:00+05:30,27.9,34
2024-03-20 11:00:00+05:30,29.7,28
2024-03-20 12:00:00+05:30,30.8,24
2024-03-20 13:00:00+05:30,31.4,22
2024-03-20 14:00:00+05:30,31.6,20
2024-03-20 15:00:00+05:30,31.7,19
2024-03-20 16:00:00+05:30,31.4,19
2024-03-20 17:00:00+05:30,30.0,23
2024-03-20 18:00:00+05:30,25.8,30
2024-03-20 19:00:00+05:30,25.1,34
2024-03-20 20:00:00+05:30,23.6,37
2024-03-20 21:00:00+05:30,21.0,46
2024-03-20 22:00:00+05:30,20.2,50
2024-03-20 23:00:00+05:30,18.8,57
2024-03-21 00:00:00+05:30,18.0,60
2024-03-21 01:00:00+05:30,18.0,61
2024-03-21 02:00:00+05:30,18.4,61
2024-03-21 03:00:00+05:30,18.5,55
2024-03-21 04:00:00+05:30,18.0,59
2024-03-21 05:00:00+05:30,17.4,69
2024-03-21 06:00:00+05:30,16.8,89
2024-03-21 07:00:00+05:30,17.8,83
2024-03-21 08:00:00+05:30,19.7,71
2024-03-21 09:00:00+05:30,21.7,62
2024-03-21 10:00:00+05:30,23.6,55
2024-03-21 11:00:00+05:30,25.5,49
2024-03-21 12:00:00+05:30,26.9,45
2024-03-21 13:00:00+05:30,28.0,41
2024-03-21 14:00:00+05:30,28.6,39
2024-03-21 15:00:00+05:30,28.8,38
2024-03-21 16:00:00+05:30,28.8,36
2024-03-21 17:00:00+05:30,28.0,38
2024-03-21 18:00:00+05:30,24.9,50
2024-03-21 19:00:00+05:30,23.1,57
2024-03-21 20:00:00+05:30,22.2,61
2024-03-21 21:00:00+05:30,21.5,64
2024-03-21 22:00:00+05:30,21.5,63
2024-03-21 23:00:00+05:30,21.3,63
2024-03-22 00:00:00+05:30,20.0,67
2024-03-22 01:00:00+05:30,19.5,69
2024-03-22 02:00:00+05:30,19.0,72
2024-03-22 03:00:00+05:30,18.5,74
2024-03-22 04:00:00+05:30,18.2,75
2024-03-22 05:00:00+05:30,17.7,77
2024-03-22 06:00:00+05:30,17.5,85
2024-03-22 07:00:00+05:30,19.0,79
2024-03-22 08:00:00+05:30,21.5,68
2024-03-22 09:00:00+05:30,24.2,58
2024-03-22 10:00:00+05:30,26.9,49
2024-03-22 11:00:00+05:30,28.9,42
2024-03-22 12:00:00+05:30,30.3,36
2024-03-22 13:00:00+05:30,31.2,33
2024-03-22 14:00:00+05:30,31.8,31
2024-03-22 15:00:00+05:30,32.1,30
2024-03-22 16:00:00+05:30,32.0,30
2024-03-22 17:00:00+05:30,30.2,35
2024-03-22 18:00:00+05:30,27.7,39
2024-03-22 19:00:00+05:30,24.2,50
2024-03-22 20:00:00+05:30,25.8,44
2024-03-22 21:00:00+05:30,25.5,44
2024-03-22 22:00:00+05:30,22.3,55
2024-03-22 23:00:00+05:30,22.0,55
2024-03-23 00:00:00+05:30,20.0,64
2024-03-23 01:00:00+05:30,19.7,65
2024-03-23 02:00:00+05:30,19.4,69
2024-03-23 03:00:00+05:30,18.6,71
2024-03-23 04:00:00+05:30,18.6,72
2024-03-23 05:00:00+05:30,18.3,74
2024-03-23 06:00:00+05:30,18.4,85
2024-03-23 07:00:00+05:30,20.3,77
2024-03-23 08:00:00+05:30,23.4,66
2024-03-23 09:00:00+05:30,26.6,54
2024-03-23 10:00:00+05:30,29.5,42
2024-03-23 11:00:00+05:30,31.7,30
2024-03-23 12:00:00+05:30,33.0,24
2024-03-23 13:00:00+05:30,33.4,23
2024-03-23 14:00:00+05:30,33.7,22
2024-03-23 15:00:00+05:30,33.7,21
2024-03-23 16:00:00+05:30,33.0,23
2024-03-23 17:00:00+05:30,31.9,25
2024-03-23 18:00:00+05:30,28.7,26
2024-03-23 19:00:00+05:30,26.5,32
2024-03-23 20:00:00+05:30,24.9,34
2024-03-23 21:00:00+05:30,23.4,38
2024-03-23 22:00:00+05:30,22.8,41
2024-03-23 23:00:00+05:30,22.6,43
2024-03-24 00:00:00+05:30,22.2,45
2024-03-24 01:00:00+05:30,21.6,48
2024-03-24 02:00:00+05:30,21.0,51
2024-03-24 03:00:00+05:30,19.2,59
2024-03-24 04:00:00+05:30,19.2,57
2024-03-24 05:00:00+05:30,18.6,59
2024-03-24 06:00:00+05:30,18.7,64
2024-03-24 07:00:00+05:30,20.5,58
2024-03-24 08:00:00+05:30,24.0,49
2024-03-24 09:00:00+05:30,27.0,43
2024-03-24 10:00:00+05:30,29.2,37
2024-03-24 11:00:00+05:30,29.7,33
2024-03-24 12:00:00+05:30,29.4,35
2024-03-24 13:00:00+05:30,30.8,29
2024-03-24 14:00:00+05:30,30.5,28
2024-03-24 15:00:00+05:30,28.6,31
2024-03-24 16:00:00+05:30,26.7,36
2024-03-24 17:00:00+05:30,26.2,40
2024-03-24 18:00:00+05:30,25.8,44
2024-03-24 19:00:00+05:30,23.7,52
2024-03-24 20:00:00+05:30,23.2,54
2024-03-24 21:00:00+05:30,22.7,56
2024-03-24 22:00:00+05:30,20.3,66
2024-03-24 23:00:00+05:30,20.2,66
2024-03-25 00:00:00+05:30,19.6,69
2024-03-25 01:00:00+05:30,19.1,70
2024-03-25 02:00:00+05:30,18.6,72
2024-03-25 03:00:00+05:30,17.4,78
2024-03-25 04:00:00+05:30,16.8,81
2024-03-25 05:00:00+05:30,16.6,82
2024-03-25 06:00:00+05:30,17.3,79
2024-03-25 07:00:00+05:30,19.4,70
2024-03-25 08:00:00+05:30,22.9,58
2024-03-25 09:00:00+05:30,26.5,49
2024-03-25 10:00:00+05:30,28.9,43
2024-03-25 11:00:00+05:30,30.3,36
2024-03-25 12:00:00+05:30,31.5,32
2024-03-25 13:00:00+05:30,32.3,30
2024-03-25 14:00:00+05:30,32.7,27
2024-03-25 15:00:00+05:30,32.7,26
2024-03-25 16:00:00+05:30,32.1,26
2024-03-25 17:00:00+05:30,31.0,28
2024-03-25 18:00:00+05:30,28.8,25
2024-03-25 19:00:00+05:30,27.0,30
2024-03-25 20:00:00+05:30,25.8,33
2024-03-25 21:00:00+05:30,24.4,37
2024-03-25 22:00:00+05:30,23.0,43
2024-03-25 23:00:00+05:30,21.8,47
2024-03-26 00:00:00+05:30,21.1,49
2024-03-26 01:00:00+05:30,20.6,50
2024-03-26 02:00:00+05:30,20.1,52
2024-03-26 03:00:00+05:30,19.5,55
2024-03-26 04:00:00+05:30,19.1,57
2024-03-26 05:00:00+05:30,18.5,60
2024-03-26 06:00:00+05:30,19.3,67
2024-03-26 07:00:00+05:30,20.7,64
2024-03-26 08:00:00+05:30,23.4,56
2024-03-26 09:00:00+05:30,26.1,48
2024-03-26 10:00:00+05:30,28.6,41
2024-03-26 11:00:00+05:30,30.6,34
2024-03-26 12:00:00+05:30,32.3,27
2024-03-26 13:00:00+05:30,33.3,24
2024-03-26 14:00:00+05:30,33.5,23
2024-03-26 15:00:00+05:30,33.5,24
2024-03-26 16:00:00+05:30,33.1,24
2024-03-26 17:00:00+05:30,31.8,28
2024-03-26 18:00:00+05:30,29.6,31
2024-03-26 19:00:00+05:30,28.0,36
2024-03-26 20:00:00+05:30,26.4,40
2024-03-26 21:00:00+05:30,24.6,48
2024-03-26 22:00:00+05:30,23.8,55
2024-03-26 23:00:00+05:30,22.8,61
2024-03-27 00:00:00+05:30,22.2,62
2024-03-27 01:00:00+05:30,22.6,56
2024-03-27 02:00:00+05:30,22.1,57
2024-03-27 03:00:00+05:30,20.4,63
2024-03-27 04:00:00+05:30,22.2,54
2024-03-27 05:00:00+05:30,19.8,65
2024-03-27 06:00:00+05:30,22.0,63
2024-03-27 07:00:00+05:30,22.9,61
2024-03-27 08:00:00+05:30,24.1,58
2024-03-27 09:00:00+05:30,28.4,40
2024-03-27 10:00:00+05:30,31.1,32
2024-03-27 11:00:00+05:30,32.7,26
2024-03-27 12:00:00+05:30,34.4,24
2024-03-27 13:00:00+05:30,35.2,24
2024-03-27 14:00:00+05:30,35.7,23
2024-03-27 15:00:00+05:30,35.7,24
2024-03-27 16:00:00+05:30,35.2,25
2024-03-27 17:00:00+05:30,34.0,28
2024-03-27 18:00:00+05:30,32.9,28
2024-03-27 19:00:00+05:30,31.0,31
2024-03-27 20:00:00+05:30,29.1,43
2024-03-27 21:00:00+05:30,27.5,49
2024-03-27 22:00:00+05:30,26.0,52
2024-03-27 23:00:00+05:30,24.1,56
2024-03-28 00:00:00+05:30,25.7,48
2024-03-28 01:00:00+05:30,23.6,54
2024-03-28 02:00:00+05:30,22.6,59
2024-03-28 03:00:00+05:30,22.8,58
2024-03-28 04:00:00+05:30,21.8,62
2024-03-28 05:00:00+05:30,21.7,62
2024-03-28 06:00:00+05:30,22.6,57
2024-03-28 07:00:00+05:30,23.4,58
2024-03-28 08:00:00+05:30,25.5,52
2024-03-28 09:00:00+05:30,27.9,47
2024-03-28 10:00:00+05:30,30.3,41
2024-03-28 11:00:00+05:30,32.7,35
2024-03-28 12:00:00+05:30,34.5,31
2024-03-28 13:00:00+05:30,36.0,27
2024-03-28 14:00:00+05:30,36.7,24
2024-03-28 15:00:00+05:30,36.7,24
2024-03-28 16:00:00+05:30,36.0,25
2024-03-28 17:00:00+05:30,34.9,28
2024-03-28 18:00:00+05:30,32.4,32
2024-03-28 19:00:00+05:30,31.7,30
2024-03-28 20:00:00+05:30,30.0,33
2024-03-28 21:00:00+05:30,28.4,40
2024-03-28 22:00:00+05:30,26.9,45
2024-03-28 23:00:00+05:30,25.4,50
2024-03-29 00:00:00+05:30,23.7,58
2024-03-29 01:00:00+05:30,22.8,62
2024-03-29 02:00:00+05:30,22.1,64
2024-03-29 03:00:00+05:30,21.8,65
2024-03-29 04:00:00+05:30,21.6,65
2024-03-29 05:00:00+05:30,20.5,71
2024-03-29 06:00:00+05:30,20.4,74
2024-03-29 07:00:00+05:30,22.1,66
2024-03-29 08:00:00+05:30,24.8,58
2024-03-29 09:00:00+05:30,27.7,49
2024-03-29 10:00:00+05:30,30.4,42
2024-03-29 11:00:00+05:30,32.5,36
2024-03-29 12:00:00+05:30,34.0,33
2024-03-29 13:00:00+05:30,35.3,31
2024-03-29 14:00:00+05:30,35.8,30
2024-03-29 15:00:00+05:30,34.9,32
2024-03-29 16:00:00+05:30,34.3,32
2024-03-29 17:00:00+05:30,32.1,37
2024-03-29 18:00:00+05:30,29.7,44
2024-03-29 19:00:00+05:30,30.4,39
2024-03-29 20:00:00+05:30,29.3,42
2024-03-29 21:00:00+05:30,26.6,49
2024-03-29 22:00:00+05:30,26.1,50
2024-03-29 23:00:00+05:30,25.6,51
2024-03-30 00:00:00+05:30,25.2,53
2024-03-30 01:00:00+05:30,25.3,53
2024-03-30 02:00:00+05:30,25.2,52
2024-03-30 03:00:00+05:30,24.1,55
2024-03-30 04:00:00+05:30,23.7,56
2024-03-30 05:00:00+05:30,23.0,58
2024-03-30 06:00:00+05:30,23.5,57
2024-03-30 07:00:00+05:30,22.7,65
2024-03-30 08:00:00+05:30,25.6,57
2024-03-30 09:00:00+05:30,27.9,51
2024-03-30 10:00:00+05:30,30.5,40
2024-03-30 11:00:00+05:30,32.4,34
2024-03-30 12:00:00+05:30,33.4,32
2024-03-30 13:00:00+05:30,34.1,30
2024-03-30 14:00:00+05:30,34.8,26
2024-03-30 15:00:00+05:30,34.1,24
2024-03-30 16:00:00+05:30,32.9,26
2024-03-30 17:00:00+05:30,32.4,26
2024-03-30 18:00:00+05:30,31.5,22
2024-03-30 19:00:00+05:30,28.7,28
2024-03-30 20:00:00+05:30,27.1,34
2024-03-30 21:00:00+05:30,26.1,33
2024-03-30 22:00:00+05:30,25.0,36
2024-03-30 23:00:00+05:30,24.2,40
2024-03-31 00:00:00+05:30,23.0,44
2024-03-31 01:00:00+05:30,22.5,48
2024-03-31 02:00:00+05:30,23.5,45
2024-03-31 03:00:00+05:30,22.7,48
2024-03-31 04:00:00+05:30,19.8,60
2024-03-31 05:00:00+05:30,20.1,60
2024-03-31 06:00:00+05:30,21.2,69
2024-03-31 07:00:00+05:30,22.7,65
2024-03-31 08:00:00+05:30,25.1,57
2024-03-31 09:00:00+05:30,27.8,50
2024-03-31 10:00:00+05:30,30.0,45
2024-03-31 11:00:00+05:30,31.9,37
2024-03-31 12:00:00+05:30,33.2,29
2024-03-31 13:00:00+05:30,33.9,23
2024-03-31 14:00:00+05:30,34.3,20
2024-03-31 15:00:00+05:30,34.3,18
2024-03-31 16:00:00+05:30,33.3,20
2024-03-31 17:00:00+05:30,32.2,23
2024-03-31 18:00:00+05:30,29.1,21
2024-03-31 19:00:00+05:30,27.4,24
2024-03-31 20:00:00+05:30,26.4,25
2024-03-31 21:00:00+05:30,25.3,29
2024-03-31 22:00:00+05:30,24.6,34
2024-03-31 23:00:00+05:30,23.6,40
2024-04-01 00:00:00+05:30,22.4,44
2024-04-01 01:00:00+05:30,21.4,48
2024-04-01 02:00:00+05:30,20.5,51
2024-04-01 03:00:00+05:30,19.8,54
2024-04-01 04:00:00+05:30,19.2,57
2024-04-01 05:00:00+05:30,18.7,60
2024-04-01 06:00:00+05:30,19.2,72
2024-04-01 07:00:00+05:30,20.7,67
2024-04-01 08:00:00+05:30,22.8,60
2024-04-01 09:00:00+05:30,25.4,50
2024-04-01 10:00:00+05:30,27.5,41
2024-04-01 11:00:00+05:30,29.8,29
2024-04-01 12:00:00+05:30,31.0,23
2024-04-01 13:00:00+05:30,31.2,22
2024-04-01 14:00:00+05:30,31.3,20
2024-04-01 15:00:00+05:30,31.6,20
2024-04-01 16:00:00+05:30,30.9,20
2024-04-01 17:00:00+05:30,29.9,21
2024-04-01 18:00:00+05:30,27.3,24
2024-04-01 19:00:00+05:30,24.8,31
2024-04-01 20:00:00+05:30,23.2,35
2024-04-01 21:00:00+05:30,22.8,32
2024-04-01 22:00:00+05:30,22.0,32
2024-04-01 23:00:00+05:30,21.2,34
2024-04-02 00:00:00+05:30,20.3,38
2024-04-02 01:00:00+05:30,19.5,42
2024-04-02 02:00:00+05:30,18.3,47
2024-04-02 03:00:00+05:30,17.8,50
2024-04-02 04:00:00+05:30,17.3,53
2024-04-02 05:00:00+05:30,16.7,56
2024-04-02 06:00:00+05:30,18.1,63
2024-04-02 07:00:00+05:30,19.9,59
2024-04-02 08:00:00+05:30,22.8,50
2024-04-02 09:00:00+05:30,25.9,41
2024-04-02 10:00:00+05:30,28.6,32
2024-04-02 11:00:00+05:30,30.7,26
2024-04-02 12:00:00+05:30,31.9,22
2024-04-02 13:00:00+05:30,32.6,18
2024-04-02 14:00:00+05:30,32.9,17
2024-04-02 15:00:00+05:30,32.8,16
2024-04-02 16:00:00+05:30,32.1,17
2024-04-02 17:00:00+05:30,31.0,19
2024-04-02 18:00:00+05:30,28.5,19
2024-04-02 19:00:00+05:30,27.0,21
2024-04-02 20:00:00+05:30,26.5,22
2024-04-02 21:00:00+05:30,25.1,25
2024-04-02 22:00:00+05:30,24.4,28
2024-04-02 23:00:00+05:30,23.5,31
2024-04-03 00:00:00+05:30,22.6,33
2024-04-03 01:00:00+05:30,22.4,34
2024-04-03 02:00:00+05:30,22.4,35
2024-04-03 03:00:00+05:30,19.7,43
2024-04-03 04:00:00+05:30,21.2,37
2024-04-03 05:00:00+05:30,21.0,38
2024-04-03 06:00:00+05:30,20.5,43
2024-04-03 07:00:00+05:30,21.4,45
2024-04-03 08:00:00+05:30,24.9,37
2024-04-03 09:00:00+05:30,28.1,32
2024-04-03 10:00:00+05:30,31.7,22
2024-04-03 11:00:00+05:30,33.6,16
2024-04-03 12:00:00+05:30,34.1,15
2024-04-03 13:00:00+05:30,34.9,14
2024-04-03 14:00:00+05:30,35.3,13
2024-04-03 15:00:00+05:30,35.1,13
2024-04-03 16:00:00+05:30,34.7,13
2024-04-03 17:00:00+05:30,33.2,15
2024-04-03 18:00:00+05:30,30.0,18
2024-04-03 19:00:00+05:30,28.5,20
2024-04-03 20:00:00+05:30,28.1,22
2024-04-03 21:00:00+05:30,27.1,25
2024-04-03 22:00:00+05:30,26.4,28
2024-04-03 23:00:00+05:30,24.7,33
2024-04-04 00:00:00+05:30,23.2,40
2024-04-04 01:00:00+05:30,22.2,40
2024-04-04 02:00:00+05:30,22.5,39
2024-04-04 03:00:00+05:30,20.3,47
2024-04-04 04:00:00+05:30,20.2,47
2024-04-04 05:00:00+05:30,21.4,43
2024-04-04 06:00:00+05:30,22.9,50
2024-04-04 07:00:00+05:30,24.9,46
2024-04-04 08:00:00+05:30,28.1,38
2024-04-04 09:00:00+05:30,31.2,30
2024-04-04 10:00:00+05:30,33.7,21
2024-04-04 11:00:00+05:30,34.9,18
2024-04-04 12:00:00+05:30,35.7,16
2024-04-04 13:00:00+05:30,36.1,14
2024-04-04 14:00:00+05:30,35.9,14
2024-04-04 15:00:00+05:30,35.7,15
2024-04-04 16:00:00+05:30,35.1,15
2024-04-04 17:00:00+05:30,33.9,17
2024-04-04 18:00:00+05:30,31.9,16
2024-04-04 19:00:00+05:30,30.2,18
2024-04-04 20:00:00+05:30,28.1,22
2024-04-04 21:00:00+05:30,26.8,25
2024-04-04 22:00:00+05:30,26.1,27
2024-04-04 23:00:00+05:30,25.0,29
2024-04-05 00:00:00+05:30,24.2,29
2024-04-05 01:00:00+05:30,23.0,33
2024-04-05 02:00:00+05:30,22.3,35
2024-04-05 03:00:00+05:30,21.4,38
2024-04-05 04:00:00+05:30,21.0,39
2024-04-05 05:00:00+05:30,20.7,39
2024-04-05 06:00:00+05:30,23.3,36
2024-04-05 07:00:00+05:30,25.3,32
2024-04-05 08:00:00+05:30,27.4,30
2024-04-05 09:00:00+05:30,30.5,26
2024-04-05 10:00:00+05:30,33.5,18
2024-04-05 11:00:00+05:30,34.5,16
2024-04-05 12:00:00+05:30,35.4,15
2024-04-05 13:00:00+05:30,36.0,14
2024-04-05 14:00:00+05:30,34.5,15
2024-04-05 15:00:00+05:30,34.7,15
2024-04-05 16:00:00+05:30,32.8,17
2024-04-05 17:00:00+05:30,32.1,18
2024-04-05 18:00:00+05:30,30.6,21
2024-04-05 19:00:00+05:30,28.8,22
2024-04-05 20:00:00+05:30,27.2,25
2024-04-05 21:00:00+05:30,27.5,22
2024-04-05 22:00:00+05:30,25.9,25
2024-04-05 23:00:00+05:30,24.1,27
2024-04-06 00:00:00+05:30,23.3,27
2024-04-06 01:00:00+05:30,22.5,28
2024-04-06 02:00:00+05:30,21.8,29
2024-04-06 03:00:00+05:30,21.3,30
2024-04-06 04:00:00+05:30,20.7,31
2024-04-06 05:00:00+05:30,20.0,32
2024-04-06 06:00:00+05:30,19.8,36
2024-04-06 07:00:00+05:30,22.3,33
2024-04-06 08:00:00+05:30,25.7,27
2024-04-06 09:00:00+05:30,28.6,22
2024-04-06 10:00:00+05:30,31.1,18
2024-04-06 11:00:00+05:30,33.1,14
2024-04-06 12:00:00+05:30,34.2,12
2024-04-06 13:00:00+05:30,34.6,13
2024-04-06 14:00:00+05:30,34.9,12
2024-04-06 15:00:00+05:30,34.7,12
2024-04-06 16:00:00+05:30,34.1,11
2024-04-06 17:00:00+05:30,33.1,12
2024-04-06 18:00:00+05:30,30.4,18
2024-04-06 19:00:00+05:30,27.9,20
2024-04-06 20:00:00+05:30,26.5,20
2024-04-06 21:00:00+05:30,25.3,21
2024-04-06 22:00:00+05:30,24.7,20
2024-04-06 23:00:00+05:30,24.3,21
2024-04-07 00:00:00+05:30,23.4,22
2024-04-07 01:00:00+05:30,21.6,25
2024-04-07 02:00:00+05:30,20.4,28
2024-04-07 03:00:00+05:30,19.0,31
2024-04-07 04:00:00+05:30,18.1,33
2024-04-07 05:00:00+05:30,17.2,37
2024-04-07 06:00:00+05:30,18.7,38
2024-04-07 07:00:00+05:30,21.7,33
2024-04-07 08:00:00+05:30,25.3,27
2024-04-07 09:00:00+05:30,28.8,21
2024-04-07 10:00:00+05:30,31.7,17
2024-04-07 11:00:00+05:30,33.7,12
2024-04-07 12:00:00+05:30,34.4,11
2024-04-07 13:00:00+05:30,35.2,10
2024-04-07 14:00:00+05:30,35.2,9
2024-04-07 15:00:00+05:30,34.8,9
2024-04-07 16:00:00+05:30,34.4,9
2024-04-07 17:00:00+05:30,33.2,10
2024-04-07 18:00:00+05:30,31.4,11
2024-04-07 19:00:00+05:30,29.2,12
2024-04-07 20:00:00+05:30,25.7,17
2024-04-07 21:00:00+05:30,25.7,17
2024-04-07 22:00:00+05:30,24.6,19
2024-04-07 23:00:00+05:30,23.4,22
2024-04-08 00:00:00+05:30,22.1,25
2024-04-08 01:00:00+05:30,20.9,28
2024-04-08 02:00:00+05:30,19.9,32
2024-04-08 03:00:00+05:30,19.3,33
2024-04-08 04:00:00+05:30,19.2,33
2024-04-08 05:00:00+05:30,19.0,33
2024-04-08 06:00:00+05:30,19.1,39
2024-04-08 07:00:00+05:30,22.1,34
2024-04-08 08:00:00+05:30,26.5,28
2024-04-08 09:00:00+05:30,30.3,22
2024-04-08 10:00:00+05:30,33.1,17
2024-04-08 11:00:00+05:30,34.7,14
2024-04-08 12:00:00+05:30,35.8,11
2024-04-08 13:00:00+05:30,36.5,11
2024-04-08 14:00:00+05:30,36.8,10
2024-04-08 15:00:00+05:30,36.2,11
2024-04-08 16:00:00+05:30,35.7,10
2024-04-08 17:00:00+05:30,34.9,11
2024-04-08 18:00:00+05:30,31.9,10
2024-04-08 19:00:00+05:30,29.9,12
2024-04-08 20:00:00+05:30,28.0,14
2024-04-08 21:00:00+05:30,25.7,18
2024-04-08 22:00:00+05:30,23.8,23
2024-04-08 23:00:00+05:30,22.6,27
2024-04-09 00:00:00+05:30,25.3,21
2024-04-09 01:00:00+05:30,21.7,27
2024-04-09 02:00:00+05:30,20.2,29
2024-04-09 03:00:00+05:30,19.7,29
2024-04-09 04:00:00+05:30,20.1,29
2024-04-09 05:00:00+05:30,18.5,33
2024-04-09 06:00:00+05:30,20.2,36
2024-04-09 07:00:00+05:30,22.7,33
2024-04-09 08:00:00+05:30,26.6,26
2024-04-09 09:00:00+05:30,30.3,20
2024-04-09 10:00:00+05:30,32.7,17
2024-04-09 11:00:00+05:30,34.6,14
2024-04-09 12:00:00+05:30,36.1,12
2024-04-09 13:00:00+05:30,37.2,9
2024-04-09 14:00:00+05:30,37.7,8
2024-04-09 15:00:00+05:30,37.3,8
2024-04-09 16:00:00+05:30,36.7,8
2024-04-09 17:00:00+05:30,35.6,8
2024-04-09 18:00:00+05:30,32.6,10
2024-04-09 19:00:00+05:30,30.8,12
2024-04-09 20:00:00+05:30,29.3,13
2024-04-09 21:00:00+05:30,27.6,16
2024-04-09 22:00:00+05:30,25.7,20
2024-04-09 23:00:00+05:30,24.1,21
2024-04-10 00:00:00+05:30,24.1,20
2024-04-10 01:00:00+05:30,22.5,24
2024-04-10 02:00:00+05:30,21.7,24
2024-04-10 03:00:00+05:30,21.8,25
2024-04-10 04:00:00+05:30,19.5,30
2024-04-10 05:00:00+05:30,19.1,32
2024-04-10 06:00:00+05:30,21.9,42
2024-04-10 07:00:00+05:30,24.1,39
2024-04-10 08:00:00+05:30,27.5,34
2024-04-10 09:00:00+05:30,31.3,28
2024-04-10 10:00:00+05:30,34.2,23
2024-04-10 11:00:00+05:30,35.7,20
2024-04-10 12:00:00+05:30,37.2,15
2024-04-10 13:00:00+05:30,37.5,13
2024-04-10 14:00:00+05:30,36.6,12
2024-04-10 15:00:00+05:30,37.1,10
2024-04-10 16:00:00+05:30,37.0,11
2024-04-10 17:00:00+05:30,35.9,11
2024-04-10 18:00:00+05:30,31.9,15
2024-04-10 19:00:00+05:30,28.9,16
2024-04-10 20:00:00+05:30,28.1,17
2024-04-10 21:00:00+05:30,26.0,20
2024-04-10 22:00:00+05:30,25.0,23
2024-04-10 23:00:00+05:30,23.5,26
2024-04-11 00:00:00+05:30,22.7,28
2024-04-11 01:00:00+05:30,24.0,26
2024-04-11 02:00:00+05:30,22.4,30
2024-04-11 03:00:00+05:30,21.2,32
2024-04-11 04:00:00+05:30,21.0,33
2024-04-11 05:00:00+05:30,20.9,34
2024-04-11 06:00:00+05:30,22.8,34
2024-04-11 07:00:00+05:30,24.5,32
2024-04-11 08:00:00+05:30,28.2,27
2024-04-11 09:00:00+05:30,31.3,22
2024-04-11 10:00:00+05:30,34.0,16
2024-04-11 11:00:00+05:30,35.1,13
2024-04-11 12:00:00+05:30,36.6,14
2024-04-11 13:00:00+05:30,37.8,11
2024-04-11 14:00:00+05:30,38.0,11
2024-04-11 15:00:00+05:30,38.0,11
2024-04-11 16:00:00+05:30,37.4,11
2024-04-11 17:00:00+05:30,36.3,12
2024-04-11 18:00:00+05:30,32.8,17
2024-04-11 19:00:00+05:30,31.2,18
2024-04-11 20:00:00+05:30,28.7,25
2024-04-11 21:00:00+05:30,27.9,24
2024-04-11 22:00:00+05:30,25.7,28
2024-04-11 23:00:00+05:30,25.0,29
2024-04-12 00:00:00+05:30,25.3,28
2024-04-12 01:00:00+05:30,23.6,33
2024-04-12 02:00:00+05:30,23.2,34
2024-04-12 03:00:00+05:30,21.9,37
2024-04-12 04:00:00+05:30,22.5,36
2024-04-12 05:00:00+05:30,22.4,36
2024-04-12 06:00:00+05:30,22.7,37
2024-04-12 07:00:00+05:30,25.2,34
2024-04-12 08:00:00+05:30,28.5,28
2024-04-12 09:00:00+05:30,31.9,23
2024-04-12 10:00:00+05:30,34.7,19
2024-04-12 11:00:00+05:30,36.5,14
2024-04-12 12:00:00+05:30,37.2,12
2024-04-12 13:00:00+05:30,37.8,12
2024-04-12 14:00:00+05:30,38.1,12
2024-04-12 15:00:00+05:30,38.1,11
2024-04-12 16:00:00+05:30,37.9,11
2024-04-12 17:00:00+05:30,37.0,12
2024-04-12 18:00:00+05:30,33.6,13
2024-04-12 19:00:00+05:30,29.3,18
2024-04-12 20:00:00+05:30,29.5,17
2024-04-12 21:00:00+05:30,28.0,19
2024-04-12 22:00:00+05:30,26.6,22
2024-04-12 23:00:00+05:30,26.3,23
2024-04-13 00:00:00+05:30,26.0,23
2024-04-13 01:00:00+05:30,25.9,22
2024-04-13 02:00:00+05:30,26.3,21
2024-04-13 03:00:00+05:30,25.9,25
2024-04-13 04:00:00+05:30,24.9,30
2024-04-13 05:00:00+05:30,24.4,33
2024-04-13 06:00:00+05:30,24.6,40
2024-04-13 07:00:00+05:30,26.4,38
2024-04-13 08:00:00+05:30,29.1,35
2024-04-13 09:00:00+05:30,32.2,31
2024-04-13 10:00:00+05:30,34.8,26
2024-04-13 11:00:00+05:30,37.3,16
2024-04-13 12:00:00+05:30,38.3,13
2024-04-13 13:00:00+05:30,38.5,12
2024-04-13 14:00:00+05:30,38.4,12
2024-04-13 15:00:00+05:30,38.4,12
2024-04-13 16:00:00+05:30,37.8,12
2024-04-13 17:00:00+05:30,37.0,13
2024-04-13 18:00:00+05:30,27.6,60
2024-04-13 19:00:00+05:30,25.7,57
2024-04-13 20:00:00+05:30,26.4,56
2024-04-13 21:00:00+05:30,27.0,46
2024-04-13 22:00:00+05:30,27.1,39
2024-04-13 23:00:00+05:30,27.5,36
2024-04-14 00:00:00+05:30,24.0,46
2024-04-14 01:00:00+05:30,23.8,46
2024-04-14 02:00:00+05:30,23.1,47
2024-04-14 03:00:00+05:30,22.3,53
2024-04-14 04:00:00+05:30,22.2,57
2024-04-14 05:00:00+05:30,22.5,57
2024-04-14 06:00:00+05:30,25.2,57
2024-04-14 07:00:00+05:30,25.1,63
2024-04-14 08:00:00+05:30,26.2,51
2024-04-14 09:00:00+05:30,26.7,50
2024-04-14 10:00:00+05:30,27.6,46
2024-04-14 11:00:00+05:30,29.5,39
2024-04-14 12:00:00+05:30,32.1,33
2024-04-14 13:00:00+05:30,31.2,36
2024-04-14 14:00:00+05:30,33.1,31
2024-04-14 15:00:00+05:30,33.6,28
2024-04-14 16:00:00+05:30,33.6,27
2024-04-14 17:00:00+05:30,32.9,27
2024-04-14 18:00:00+05:30,28.2,45
2024-04-14 19:00:00+05:30,27.4,48
2024-04-14 20:00:00+05:30,26.6,51
2024-04-14 21:00:00+05:30,26.0,53
2024-04-14 22:00:00+05:30,25.6,54
2024-04-14 23:00:00+05:30,25.1,55
2024-04-15 00:00:00+05:30,24.7,55
2024-04-15 01:00:00+05:30,23.8,57
2024-04-15 02:00:00+05:30,22.7,61
2024-04-15 03:00:00+05:30,22.2,63
2024-04-15 04:00:00+05:30,21.8,64
2024-04-15 05:00:00+05:30,22.1,64
2024-04-15 06:00:00+05:30,22.8,74
2024-04-15 07:00:00+05:30,24.6,69
2024-04-15 08:00:00+05:30,25.5,69
2024-04-15 09:00:00+05:30,29.4,47
2024-04-15 10:00:00+05:30,31.5,39
2024-04-15 11:00:00+05:30,33.8,33
2024-04-15 12:00:00+05:30,35.2,29
2024-04-15 13:00:00+05:30,35.7,27
2024-04-15 14:00:00+05:30,36.6,23
2024-04-15 15:00:00+05:30,36.2,23
2024-04-15 16:00:00+05:30,36.2,23
2024-04-15 17:00:00+05:30,34.9,23
2024-04-15 18:00:00+05:30,30.3,43
2024-04-15 19:00:00+05:30,29.2,46
2024-04-15 20:00:00+05:30,27.5,51
2024-04-15 21:00:00+05:30,26.5,55
2024-04-15 22:00:00+05:30,26.3,57
2024-04-15 23:00:00+05:30,25.1,60
2024-04-16 00:00:00+05:30,25.1,60
2024-04-16 01:00:00+05:30,24.8,60
2024-04-16 02:00:00+05:30,24.9,59
2024-04-16 03:00:00+05:30,24.8,60
2024-04-16 04:00:00+05:30,24.0,64
2024-04-16 05:00:00+05:30,23.4,64
2024-04-16 06:00:00+05:30,24.9,56
2024-04-16 07:00:00+05:30,26.8,47
2024-04-16 08:00:00+05:30,30.0,38
2024-04-16 09:00:00+05:30,32.1,33
2024-04-16 10:00:00+05:30,32.9,30
2024-04-16 11:00:00+05:30,34.0,27
2024-04-16 12:00:00+05:30,35.1,24
2024-04-16 13:00:00+05:30,35.6,22
2024-04-16 14:00:00+05:30,35.9,21
2024-04-16 15:00:00+05:30,35.7,21
2024-04-16 16:00:00+05:30,35.3,20
2024-04-16 17:00:00+05:30,34.4,20
2024-04-16 18:00:00+05:30,33.0,22
2024-04-16 19:00:00+05:30,31.0,24
2024-04-16 20:00:00+05:30,30.0,24
2024-04-16 21:00:00+05:30,29.4,26
2024-04-16 22:00:00+05:30,28.1,29
2024-04-16 23:00:00+05:30,26.7,31
2024-04-17 00:00:00+05:30,25.6,34
2024-04-17 01:00:00+05:30,25.1,36
2024-04-17 02:00:00+05:30,24.5,40
2024-04-17 03:00:00+05:30,23.7,44
2024-04-17 04:00:00+05:30,22.9,47
2024-04-17 05:00:00+05:30,22.1,50
2024-04-17 06:00:00+05:30,22.9,49
2024-04-17 07:00:00+05:30,24.7,44
2024-04-17 08:00:00+05:30,27.2,39
2024-04-17 09:00:00+05:30,29.9,31
2024-04-17 10:00:00+05:30,31.8,23
2024-04-17 11:00:00+05:30,33.2,20
2024-04-17 12:00:00+05:30,34.4,17
2024-04-17 13:00:00+05:30,35.2,15
2024-04-17 14:00:00+05:30,35.5,15
2024-04-17 15:00:00+05:30,35.5,14
2024-04-17 16:00:00+05:30,34.9,13
2024-04-17 17:00:00+05:30,34.0,14
2024-04-17 18:00:00+05:30,32.7,13
2024-04-17 19:00:00+05:30,31.7,14
2024-04-17 20:00:00+05:30,31.2,14
2024-04-17 21:00:00+05:30,30.1,16
2024-04-17 22:00:00+05:30,28.7,18
2024-04-17 23:00:00+05:30,27.9,20
2024-04-18 00:00:00+05:30,27.1,22
2024-04-18 01:00:00+05:30,25.8,25
2024-04-18 02:00:00+05:30,25.2,27
2024-04-18 03:00:00+05:30,24.7,29
2024-04-18 04:00:00+05:30,24.1,31
2024-04-18 05:00:00+05:30,23.5,32
2024-04-18 06:00:00+05:30,24.3,34
2024-04-18 07:00:00+05:30,26.6,30
2024-04-18 08:00:00+05:30,29.5,26
2024-04-18 09:00:00+05:30,31.9,23
2024-04-18 10:00:00+05:30,34.3,20
2024-04-18 11:00:00+05:30,35.8,19
2024-04-18 12:00:00+05:30,36.8,18
2024-04-18 13:00:00+05:30,37.6,17
2024-04-18 14:00:00+05:30,38.0,17
2024-04-18 15:00:00+05:30,38.0,17
2024-04-18 16:00:00+05:30,37.2,17
2024-04-18 17:00:00+05:30,36.4,18
2024-04-18 18:00:00+05:30,34.7,20
2024-04-18 19:00:00+05:30,32.7,23
2024-04-18 20:00:00+05:30,31.4,25
2024-04-18 21:00:00+05:30,29.5,29
2024-04-18 22:00:00+05:30,28.8,30
2024-04-18 23:00:00+05:30,28.3,32
2024-04-19 00:00:00+05:30,29.0,31
2024-04-19 01:00:00+05:30,28.2,35
2024-04-19 02:00:00+05:30,27.0,40
2024-04-19 03:00:00+05:30,25.8,44
2024-04-19 04:00:00+05:30,25.3,45
2024-04-19 05:00:00+05:30,24.9,46
2024-04-19 06:00:00+05:30,27.0,40
2024-04-19 07:00:00+05:30,28.8,36
2024-04-19 08:00:00+05:30,31.3,31
2024-04-19 09:00:00+05:30,33.4,29
2024-04-19 10:00:00+05:30,35.3,26
2024-04-19 11:00:00+05:30,36.5,23
2024-04-19 12:00:00+05:30,37.3,21
2024-04-19 13:00:00+05:30,37.6,19
2024-04-19 14:00:00+05:30,37.7,20
2024-04-19 15:00:00+05:30,37.5,20
2024-04-19 16:00:00+05:30,38.3,17
2024-04-19 17:00:00+05:30,35.4,23
2024-04-19 18:00:00+05:30,34.2,22
2024-04-19 19:00:00+05:30,32.2,23
2024-04-19 20:00:00+05:30,28.9,29
2024-04-19 21:00:00+05:30,30.6,25
2024-04-19 22:00:00+05:30,27.7,31
2024-04-19 23:00:00+05:30,27.5,33
2024-04-20 00:00:00+05:30,26.8,36
2024-04-20 01:00:00+05:30,25.7,36
2024-04-20 02:00:00+05:30,25.2,33
2024-04-20 03:00:00+05:30,24.6,32
2024-04-20 04:00:00+05:30,23.5,34
2024-04-20 05:00:00+05:30,22.5,35
2024-04-20 06:00:00+05:30,23.9,51
2024-04-20 07:00:00+05:30,26.1,46
2024-04-20 08:00:00+05:30,27.8,42
2024-04-20 09:00:00+05:30,30.2,35
2024-04-20 10:00:00+05:30,33.0,25
2024-04-20 11:00:00+05:30,35.0,22
2024-04-20 12:00:00+05:30,36.0,19
2024-04-20 13:00:00+05:30,36.8,19
2024-04-20 14:00:00+05:30,36.3,19
2024-04-20 15:00:00+05:30,36.0,19
2024-04-20 16:00:00+05:30,35.2,20
2024-04-20 17:00:00+05:30,34.5,19
2024-04-20 18:00:00+05:30,34.4,18
2024-04-20 19:00:00+05:30,32.2,22
2024-04-20 20:00:00+05:30,31.3,23
2024-04-20 21:00:00+05:30,30.1,23
2024-04-20 22:00:00+05:30,28.7,25
2024-04-20 23:00:00+05:30,27.7,27
2024-04-21 00:00:00+05:30,26.8,29
2024-04-21 01:00:00+05:30,26.0,31
2024-04-21 02:00:00+05:30,25.5,33
2024-04-21 03:00:00+05:30,24.7,35
2024-04-21 04:00:00+05:30,24.1,37
2024-04-21 05:00:00+05:30,23.6,38
2024-04-21 06:00:00+05:30,24.8,42
2024-04-21 07:00:00+05:30,26.6,39
2024-04-21 08:00:00+05:30,28.9,36
2024-04-21 09:00:00+05:30,31.5,31
2024-04-21 10:00:00+05:30,33.9,23
2024-04-21 11:00:00+05:30,35.3,17
2024-04-21 12:00:00+05:30,36.2,16
2024-04-21 13:00:00+05:30,36.8,15
2024-04-21 14:00:00+05:30,36.3,16
2024-04-21 15:00:00+05:30,35.8,16
2024-04-21 16:00:00+05:30,35.5,17
2024-04-21 17:00:00+05:30,35.4,17
2024-04-21 18:00:00+05:30,33.6,19
2024-04-21 19:00:00+05:30,31.4,22
2024-04-21 20:00:00+05:30,30.0,25
2024-04-21 21:00:00+05:30,28.6,27
2024-04-21 22:00:00+05:30,27.0,29
2024-04-21 23:00:00+05:30,26.1,31
2024-04-22 00:00:00+05:30,26.7,29
2024-04-22 01:00:00+05:30,27.0,29
2024-04-22 02:00:00+05:30,26.6,34
2024-04-22 03:00:00+05:30,26.8,33
2024-04-22 04:00:00+05:30,26.1,35
2024-04-22 05:00:00+05:30,24.5,36
2024-04-22 06:00:00+05:30,24.8,47
2024-04-22 07:00:00+05:30,25.9,46
2024-04-22 08:00:00+05:30,30.5,32
2024-04-22 09:00:00+05:30,33.3,24
2024-04-22 10:00:00+05:30,35.1,19
2024-04-22 11:00:00+05:30,36.1,18
2024-04-22 12:00:00+05:30,36.8,17
2024-04-22 13:00:00+05:30,37.3,16
2024-04-22 14:00:00+05:30,37.3,16
2024-04-22 15:00:00+05:30,37.0,16
2024-04-22 16:00:00+05:30,36.5,16
2024-04-22 17:00:00+05:30,35.3,16
2024-04-22 18:00:00+05:30,33.9,15
2024-04-22 19:00:00+05:30,31.9,18
2024-04-22 20:00:00+05:30,31.0,19
2024-04-22 21:00:00+05:30,30.7,20
2024-04-22 22:00:00+05:30,27.7,26
2024-04-22 23:00:00+05:30,27.0,27
2024-04-23 00:00:00+05:30,24.5,35
2024-04-23 01:00:00+05:30,25.5,33
2024-04-23 02:00:00+05:30,26.2,31
2024-04-23 03:00:00+05:30,23.5,38
2024-04-23 04:00:00+05:30,22.4,42
2024-04-23 05:00:00+05:30,23.8,37
2024-04-23 06:00:00+05:30,24.5,38
2024-04-23 07:00:00+05:30,26.2,35
2024-04-23 08:00:00+05:30,29.7,29
2024-04-23 09:00:00+05:30,33.0,23
2024-04-23 10:00:00+05:30,35.5,18
2024-04-23 11:00:00+05:30,36.7,15
2024-04-23 12:00:00+05:30,37.6,14
2024-04-23 13:00:00+05:30,38.1,13
2024-04-23 14:00:00+05:30,38.0,12
2024-04-23 15:00:00+05:30,37.7,12
2024-04-23 16:00:00+05:30,36.0,13
2024-04-23 17:00:00+05:30,35.3,14
2024-04-23 18:00:00+05:30,31.9,24
2024-04-23 19:00:00+05:30,29.2,29
2024-04-23 20:00:00+05:30,27.9,31
2024-04-23 21:00:00+05:30,27.4,31
2024-04-23 22:00:00+05:30,25.8,35
2024-04-23 23:00:00+05:30,24.7,39
2024-04-24 00:00:00+05:30,24.1,40
2024-04-24 01:00:00+05:30,22.7,45
2024-04-24 02:00:00+05:30,24.3,39
2024-04-24 03:00:00+05:30,21.6,48
2024-04-24 04:00:00+05:30,22.6,45
2024-04-24 05:00:00+05:30,20.9,52
2024-04-24 06:00:00+05:30,21.2,57
2024-04-24 07:00:00+05:30,24.0,48
2024-04-24 08:00:00+05:30,28.1,38
2024-04-24 09:00:00+05:30,31.5,28
2024-04-24 10:00:00+05:30,33.7,23
2024-04-24 11:00:00+05:30,35.3,19
2024-04-24 12:00:00+05:30,36.2,16
2024-04-24 13:00:00+05:30,37.0,15
2024-04-24 14:00:00+05:30,37.0,15
2024-04-24 15:00:00+05:30,36.8,15
2024-04-24 16:00:00+05:30,36.4,14
2024-04-24 17:00:00+05:30,35.5,15
2024-04-24 18:00:00+05:30,34.0,16
2024-04-24 19:00:00+05:30,31.8,18
2024-04-24 20:00:00+05:30,31.2,16
2024-04-24 21:00:00+05:30,31.0,16
2024-04-24 22:00:00+05:30,29.3,18
2024-04-24 23:00:00+05:30,27.2,22
2024-04-25 00:00:00+05:30,26.4,24
2024-04-25 01:00:00+05:30,24.6,28
2024-04-25 02:00:00+05:30,23.2,32
2024-04-25 03:00:00+05:30,22.3,36
2024-04-25 04:00:00+05:30,21.8,38
2024-04-25 05:00:00+05:30,20.8,42
2024-04-25 06:00:00+05:30,21.6,43
2024-04-25 07:00:00+05:30,24.6,37
2024-04-25 08:00:00+05:30,27.9,31
2024-04-25 09:00:00+05:30,31.1,26
2024-04-25 10:00:00+05:30,33.8,22
2024-04-25 11:00:00+05:30,35.8,18
2024-04-25 12:00:00+05:30,37.2,14
2024-04-25 13:00:00+05:30,37.7,13
2024-04-25 14:00:00+05:30,38.1,12
2024-04-25 15:00:00+05:30,37.8,12
2024-04-25 16:00:00+05:30,37.3,13
2024-04-25 17:00:00+05:30,36.6,13
2024-04-25 18:00:00+05:30,34.0,18
2024-04-25 19:00:00+05:30,30.4,23
2024-04-25 20:00:00+05:30,30.0,23
2024-04-25 21:00:00+05:30,27.9,29
2024-04-25 22:00:00+05:30,26.9,30
2024-04-25 23:00:00+05:30,25.9,31
2024-04-26 00:00:00+05:30,25.3,33
2024-04-26 01:00:00+05:30,27.0,28
2024-04-26 02:00:00+05:30,27.4,27
2024-04-26 03:00:00+05:30,26.3,29
2024-04-26 04:00:00+05:30,24.4,33
2024-04-26 05:00:00+05:30,23.0,37
2024-04-26 06:00:00+05:30,23.1,46
2024-04-26 07:00:00+05:30,26.6,36
2024-04-26 08:00:00+05:30,30.7,25
2024-04-26 09:00:00+05:30,34.2,19
2024-04-26 10:00:00+05:30,36.7,16
2024-04-26 11:00:00+05:30,38.3,14
2024-04-26 12:00:00+05:30,39.0,13
2024-04-26 13:00:00+05:30,39.4,13
2024-04-26 14:00:00+05:30,39.4,13
2024-04-26 15:00:00+05:30,39.2,13
2024-04-26 16:00:00+05:30,38.3,14
2024-04-26 17:00:00+05:30,37.4,15
2024-04-26 18:00:00+05:30,34.1,22
2024-04-26 19:00:00+05:30,34.1,20
2024-04-26 20:00:00+05:30,31.0,25
2024-04-26 21:00:00+05:30,31.5,23
2024-04-26 22:00:00+05:30,30.1,27
2024-04-26 23:00:00+05:30,30.3,29
2024-04-27 00:00:00+05:30,30.4,29
2024-04-27 01:00:00+05:30,30.2,31
2024-04-27 02:00:00+05:30,29.3,35
2024-04-27 03:00:00+05:30,28.1,38
2024-04-27 04:00:00+05:30,27.6,40
2024-04-27 05:00:00+05:30,27.3,41
2024-04-27 06:00:00+05:30,25.3,47
2024-04-27 07:00:00+05:30,28.3,42
2024-04-27 08:00:00+05:30,30.8,35
2024-04-27 09:00:00+05:30,32.9,29
2024-04-27 10:00:00+05:30,34.6,24
2024-04-27 11:00:00+05:30,36.4,20
2024-04-27 12:00:00+05:30,37.8,16
2024-04-27 13:00:00+05:30,37.9,15
2024-04-27 14:00:00+05:30,38.0,15
2024-04-27 15:00:00+05:30,37.7,14
2024-04-27 16:00:00+05:30,37.1,15
2024-04-27 17:00:00+05:30,36.2,15
2024-04-27 18:00:00+05:30,34.5,16
2024-04-27 19:00:00+05:30,32.3,19
2024-04-27 20:00:00+05:30,31.1,21
2024-04-27 21:00:00+05:30,29.7,28
2024-04-27 22:00:00+05:30,28.3,32
2024-04-27 23:00:00+05:30,27.2,35
2024-04-28 00:00:00+05:30,26.4,37
2024-04-28 01:00:00+05:30,25.3,41
2024-04-28 02:00:00+05:30,24.3,43
2024-04-28 03:00:00+05:30,23.7,46
2024-04-28 04:00:00+05:30,23.1,48
2024-04-28 05:00:00+05:30,22.6,49
2024-04-28 06:00:00+05:30,23.9,47
2024-04-28 07:00:00+05:30,25.8,42
2024-04-28 08:00:00+05:30,28.2,35
2024-04-28 09:00:00+05:30,31.1,29
2024-04-28 10:00:00+05:30,33.7,24
2024-04-28 11:00:00+05:30,35.6,19
2024-04-28 12:00:00+05:30,36.8,17
2024-04-28 13:00:00+05:30,37.3,16
2024-04-28 14:00:00+05:30,37.5,16
2024-04-28 15:00:00+05:30,37.4,16
2024-04-28 16:00:00+05:30,36.7,16
2024-04-28 17:00:00+05:30,35.8,16
2024-04-28 18:00:00+05:30,34.0,19
2024-04-28 19:00:00+05:30,32.2,21
2024-04-28 20:00:00+05:30,31.1,22
2024-04-28 21:00:00+05:30,30.7,23
2024-04-28 22:00:00+05:30,28.5,26
2024-04-28 23:00:00+05:30,26.2,33
2024-04-29 00:00:00+05:30,26.3,31
2024-04-29 01:00:00+05:30,25.4,31
2024-04-29 02:00:00+05:30,24.2,34
2024-04-29 03:00:00+05:30,23.7,37
2024-04-29 04:00:00+05:30,23.0,40
2024-04-29 05:00:00+05:30,22.4,42
2024-04-29 06:00:00+05:30,24.4,38
2024-04-29 07:00:00+05:30,27.0,33
2024-04-29 08:00:00+05:30,29.6,28
2024-04-29 09:00:00+05:30,31.8,24
2024-04-29 10:00:00+05:30,34.1,21
2024-04-29 11:00:00+05:30,35.8,20
2024-04-29 12:00:00+05:30,37.1,18
2024-04-29 13:00:00+05:30,37.9,16
2024-04-29 14:00:00+05:30,38.3,14
2024-04-29 15:00:00+05:30,37.8,14
2024-04-29 16:00:00+05:30,37.2,15
2024-04-29 17:00:00+05:30,36.1,17
2024-04-29 18:00:00+05:30,34.5,20
2024-04-29 19:00:00+05:30,32.8,23
2024-04-29 20:00:00+05:30,30.5,30
2024-04-29 21:00:00+05:30,29.4,32
2024-04-29 22:00:00+05:30,28.5,34
2024-04-29 23:00:00+05:30,27.4,36
2024-04-30 00:00:00+05:30,26.5,37
2024-04-30 01:00:00+05:30,25.9,37
2024-04-30 02:00:00+05:30,25.6,36
2024-04-30 03:00:00+05:30,25.1,36
2024-04-30 04:00:00+05:30,24.0,39
2024-04-30 05:00:00+05:30,23.1,41
2024-04-30 06:00:00+05:30,24.0,48
2024-04-30 07:00:00+05:30,25.9,45
2024-04-30 08:00:00+05:30,29.3,39
2024-04-30 09:00:00+05:30,31.6,30
2024-04-30 10:00:00+05:30,33.2,19
2024-04-30 11:00:00+05:30,34.4,16
2024-04-30 12:00:00+05:30,35.4,14
2024-04-30 13:00:00+05:30,36.2,13
2024-04-30 14:00:00+05:30,36.4,12
2024-04-30 15:00:00+05:30,36.1,11
2024-04-30 16:00:00+05:30,35.4,11
2024-04-30 17:00:00+05:30,34.3,10
2024-04-30 18:00:00+05:30,32.7,13
2024-04-30 19:00:00+05:30,30.2,15
2024-04-30 20:00:00+05:30,28.4,18
2024-04-30 21:00:00+05:30,26.3,20
2024-04-30 22:00:00+05:30,26.0,21
2024-04-30 23:00:00+05:30,27.5,18
2024-05-01 00:00:00+05:30,25.2,21
2024-05-01 01:00:00+05:30,22.3,25
2024-05-01 02:00:00+05:30,22.8,24
2024-05-01 03:00:00+05:30,22.0,26
2024-05-01 04:00:00+05:30,21.3,31
2024-05-01 05:00:00+05:30,20.5,34
2024-05-01 06:00:00+05:30,21.5,42
2024-05-01 07:00:00+05:30,23.4,38
2024-05-01 08:00:00+05:30,25.8,33
2024-05-01 09:00:00+05:30,28.1,25
2024-05-01 10:00:00+05:30,30.1,18
2024-05-01 11:00:00+05:30,31.5,14
2024-05-01 12:00:00+05:30,32.3,12
2024-05-01 13:00:00+05:30,32.7,12
2024-05-01 14:00:00+05:30,32.5,13
2024-05-01 15:00:00+05:30,32.5,12
2024-05-01 16:00:00+05:30,31.7,13
2024-05-01 17:00:00+05:30,30.6,14
2024-05-01 18:00:00+05:30,29.7,14
2024-05-01 19:00:00+05:30,28.2,17
2024-05-01 20:00:00+05:30,27.2,19
2024-05-01 21:00:00+05:30,26.0,23
2024-05-01 22:00:00+05:30,24.5,27
2024-05-01 23:00:00+05:30,23.1,31
2024-05-02 00:00:00+05:30,22.3,33
2024-05-02 01:00:00+05:30,21.4,35
2024-05-02 02:00:00+05:30,20.5,37
2024-05-02 03:00:00+05:30,20.0,39
2024-05-02 04:00:00+05:30,19.6,39
2024-05-02 05:00:00+05:30,19.2,40
2024-05-02 06:00:00+05:30,20.5,42
2024-05-02 07:00:00+05:30,23.0,38
2024-05-02 08:00:00+05:30,26.1,33
2024-05-02 09:00:00+05:30,28.9,25
2024-05-02 10:00:00+05:30,30.9,21
2024-05-02 11:00:00+05:30,32.5,18
2024-05-02 12:00:00+05:30,33.9,15
2024-05-02 13:00:00+05:30,34.6,15
2024-05-02 14:00:00+05:30,35.1,16
2024-05-02 15:00:00+05:30,35.2,16
2024-05-02 16:00:00+05:30,34.9,16
2024-05-02 17:00:00+05:30,34.1,17
2024-05-02 18:00:00+05:30,32.3,20
2024-05-02 19:00:00+05:30,30.0,22
2024-05-02 20:00:00+05:30,29.2,22
2024-05-02 21:00:00+05:30,27.9,24
2024-05-02 22:00:00+05:30,26.7,26
2024-05-02 23:00:00+05:30,25.3,29
2024-05-03 00:00:00+05:30,23.8,31
2024-05-03 01:00:00+05:30,22.7,33
2024-05-03 02:00:00+05:30,22.3,33
2024-05-03 03:00:00+05:30,21.5,34
2024-05-03 04:00:00+05:30,21.3,35
2024-05-03 05:00:00+05:30,20.6,36
2024-05-03 06:00:00+05:30,22.8,36
2024-05-03 07:00:00+05:30,25.6,32
2024-05-03 08:00:00+05:30,29.0,27
2024-05-03 09:00:00+05:30,32.2,22
2024-05-03 10:00:00+05:30,34.6,17
2024-05-03 11:00:00+05:30,36.1,14
2024-05-03 12:00:00+05:30,37.3,12
2024-05-03 13:00:00+05:30,37.9,12
2024-05-03 14:00:00+05:30,38.1,12
2024-05-03 15:00:00+05:30,38.0,12
2024-05-03 16:00:00+05:30,37.6,12
2024-05-03 17:00:00+05:30,36.9,12
2024-05-03 18:00:00+05:30,34.8,15
2024-05-03 19:00:00+05:30,33.3,17
2024-05-03 20:00:00+05:30,32.0,18
2024-05-03 21:00:00+05:30,30.5,19
2024-05-03 22:00:00+05:30,29.5,20
2024-05-03 23:00:00+05:30,28.9,22
2024-05-04 00:00:00+05:30,28.4,23
2024-05-04 01:00:00+05:30,27.7,25
2024-05-04 02:00:00+05:30,27.6,25
2024-05-04 03:00:00+05:30,27.1,26
2024-05-04 04:00:00+05:30,26.7,27
2024-05-04 05:00:00+05:30,26.9,26
2024-05-04 06:00:00+05:30,26.7,30
2024-05-04 07:00:00+05:30,28.5,28
2024-05-04 08:00:00+05:30,31.2,23
2024-05-04 09:00:00+05:30,33.9,20
2024-05-04 10:00:00+05:30,37.3,15
2024-05-04 11:00:00+05:30,39.3,11
2024-05-04 12:00:00+05:30,40.0,10
2024-05-04 13:00:00+05:30,40.7,10
2024-05-04 14:00:00+05:30,40.7,10
2024-05-04 15:00:00+05:30,40.4,10
2024-05-04 16:00:00+05:30,39.9,10
2024-05-04 17:00:00+05:30,38.5,11
2024-05-04 18:00:00+05:30,36.8,12
2024-05-04 19:00:00+05:30,33.9,15
2024-05-04 20:00:00+05:30,31.9,19
2024-05-04 21:00:00+05:30,30.6,21
2024-05-04 22:00:00+05:30,30.1,21
2024-05-04 23:00:00+05:30,28.4,24
2024-05-05 00:00:00+05:30,27.3,25
2024-05-05 01:00:00+05:30,27.2,25
2024-05-05 02:00:00+05:30,25.6,30
2024-05-05 03:00:00+05:30,25.5,31
2024-05-05 04:00:00+05:30,25.6,29
2024-05-05 05:00:00+05:30,25.2,29
2024-05-05 06:00:00+05:30,26.6,31
2024-05-05 07:00:00+05:30,28.9,29
2024-05-05 08:00:00+05:30,31.7,24
2024-05-05 09:00:00+05:30,35.3,18
2024-05-05 10:00:00+05:30,38.0,14
2024-05-05 11:00:00+05:30,39.4,13
2024-05-05 12:00:00+05:30,40.5,13
2024-05-05 13:00:00+05:30,41.0,12
2024-05-05 14:00:00+05:30,41.1,12
2024-05-05 15:00:00+05:30,40.7,12
2024-05-05 16:00:00+05:30,40.2,12
2024-05-05 17:00:00+05:30,39.4,13
2024-05-05 18:00:00+05:30,37.0,16
2024-05-05 19:00:00+05:30,34.5,17
2024-05-05 20:00:00+05:30,33.0,20
2024-05-05 21:00:00+05:30,31.9,20
2024-05-05 22:00:00+05:30,30.6,21
2024-05-05 23:00:00+05:30,29.9,22
2024-05-06 00:00:00+05:30,29.8,23
2024-05-06 01:00:00+05:30,29.1,24
2024-05-06 02:00:00+05:30,28.4,27
2024-05-06 03:00:00+05:30,27.7,29
2024-05-06 04:00:00+05:30,26.8,31
2024-05-06 05:00:00+05:30,25.9,33
2024-05-06 06:00:00+05:30,27.8,33
2024-05-06 07:00:00+05:30,30.3,30
2024-05-06 08:00:00+05:30,33.0,26
2024-05-06 09:00:00+05:30,35.6,23
2024-05-06 10:00:00+05:30,37.8,19
2024-05-06 11:00:00+05:30,39.2,16
2024-05-06 12:00:00+05:30,39.7,15
2024-05-06 13:00:00+05:30,40.5,14
2024-05-06 14:00:00+05:30,40.6,14
2024-05-06 15:00:00+05:30,40.3,14
2024-05-06 16:00:00+05:30,39.9,15
2024-05-06 17:00:00+05:30,39.4,14
2024-05-06 18:00:00+05:30,37.5,15
2024-05-06 19:00:00+05:30,35.0,18
2024-05-06 20:00:00+05:30,33.6,20
2024-05-06 21:00:00+05:30,32.5,22
2024-05-06 22:00:00+05:30,31.6,23
2024-05-06 23:00:00+05:30,30.3,25
2024-05-07 00:00:00+05:30,28.5,28
2024-05-07 01:00:00+05:30,27.2,31
2024-05-07 02:00:00+05:30,26.1,34
2024-05-07 03:00:00+05:30,25.7,36
2024-05-07 04:00:00+05:30,26.2,34
2024-05-07 05:00:00+05:30,27.8,30
2024-05-07 06:00:00+05:30,27.3,43
2024-05-07 07:00:00+05:30,29.9,33
2024-05-07 08:00:00+05:30,32.9,27
2024-05-07 09:00:00+05:30,34.8,24
2024-05-07 10:00:00+05:30,37.1,21
2024-05-07 11:00:00+05:30,39.2,19
2024-05-07 12:00:00+05:30,40.2,15
2024-05-07 13:00:00+05:30,41.2,14
2024-05-07 14:00:00+05:30,41.4,13
2024-05-07 15:00:00+05:30,41.3,13
2024-05-07 16:00:00+05:30,41.1,13
2024-05-07 17:00:00+05:30,38.7,17
2024-05-07 18:00:00+05:30,37.3,17
2024-05-07 19:00:00+05:30,34.6,20
2024-05-07 20:00:00+05:30,32.7,33
2024-05-07 21:00:00+05:30,31.4,39
2024-05-07 22:00:00+05:30,30.7,40
2024-05-07 23:00:00+05:30,29.8,42
2024-05-08 00:00:00+05:30,27.9,48
2024-05-08 01:00:00+05:30,28.0,48
2024-05-08 02:00:00+05:30,27.2,51
2024-05-08 03:00:00+05:30,27.2,51
2024-05-08 04:00:00+05:30,27.2,52
2024-05-08 05:00:00+05:30,26.4,54
2024-05-08 06:00:00+05:30,27.8,63
2024-05-08 07:00:00+05:30,29.0,59
2024-05-08 08:00:00+05:30,30.4,56
2024-05-08 09:00:00+05:30,32.3,50
2024-05-08 10:00:00+05:30,34.4,43
2024-05-08 11:00:00+05:30,36.2,37
2024-05-08 12:00:00+05:30,37.6,33
2024-05-08 13:00:00+05:30,38.5,27
2024-05-08 14:00:00+05:30,38.7,23
2024-05-08 15:00:00+05:30,39.2,21
2024-05-08 16:00:00+05:30,38.8,19
2024-05-08 17:00:00+05:30,37.5,22
2024-05-08 18:00:00+05:30,35.6,27
2024-05-08 19:00:00+05:30,33.5,31
2024-05-08 20:00:00+05:30,32.0,36
2024-05-08 21:00:00+05:30,31.6,37
2024-05-08 22:00:00+05:30,31.1,37
2024-05-08 23:00:00+05:30,30.6,38
2024-05-09 00:00:00+05:30,29.7,40
2024-05-09 01:00:00+05:30,28.7,45
2024-05-09 02:00:00+05:30,27.9,49
2024-05-09 03:00:00+05:30,27.3,52
2024-05-09 04:00:00+05:30,26.7,54
2024-05-09 05:00:00+05:30,26.2,57
2024-05-09 06:00:00+05:30,27.7,56
2024-05-09 07:00:00+05:30,28.6,53
2024-05-09 08:00:00+05:30,30.3,49
2024-05-09 09:00:00+05:30,31.5,46
2024-05-09 10:00:00+05:30,33.5,41
2024-05-09 11:00:00+05:30,35.4,37
2024-05-09 12:00:00+05:30,36.8,34
2024-05-09 13:00:00+05:30,37.9,30
2024-05-09 14:00:00+05:30,38.6,27
2024-05-09 15:00:00+05:30,38.9,24
2024-05-09 16:00:00+05:30,39.1,21
2024-05-09 17:00:00+05:30,38.5,22
2024-05-09 18:00:00+05:30,34.6,29
2024-05-09 19:00:00+05:30,33.0,28
2024-05-09 20:00:00+05:30,32.0,29
2024-05-09 21:00:00+05:30,31.0,32
2024-05-09 22:00:00+05:30,30.4,35
2024-05-09 23:00:00+05:30,29.6,37
2024-05-10 00:00:00+05:30,28.9,38
2024-05-10 01:00:00+05:30,28.5,39
2024-05-10 02:00:00+05:30,27.8,41
2024-05-10 03:00:00+05:30,27.0,44
2024-05-10 04:00:00+05:30,26.3,47
2024-05-10 05:00:00+05:30,25.8,50
2024-05-10 06:00:00+05:30,26.7,63
2024-05-10 07:00:00+05:30,28.1,59
2024-05-10 08:00:00+05:30,30.9,53
2024-05-10 09:00:00+05:30,31.9,52
2024-05-10 10:00:00+05:30,33.9,46
2024-05-10 11:00:00+05:30,35.9,40
2024-05-10 12:00:00+05:30,37.6,35
2024-05-10 13:00:00+05:30,38.6,31
2024-05-10 14:00:00+05:30,39.1,29
2024-05-10 15:00:00+05:30,36.8,30
2024-05-10 16:00:00+05:30,37.6,25
2024-05-10 17:00:00+05:30,36.3,32
2024-05-10 18:00:00+05:30,33.4,42
2024-05-10 19:00:00+05:30,32.5,45
2024-05-10 20:00:00+05:30,30.5,52
2024-05-10 21:00:00+05:30,30.0,54
2024-05-10 22:00:00+05:30,30.6,52
2024-05-10 23:00:00+05:30,29.3,56
2024-05-11 00:00:00+05:30,29.6,54
2024-05-11 01:00:00+05:30,28.0,59
2024-05-11 02:00:00+05:30,27.4,59
2024-05-11 03:00:00+05:30,26.0,65
2024-05-11 04:00:00+05:30,26.0,64
2024-05-11 05:00:00+05:30,25.8,63
2024-05-11 06:00:00+05:30,27.7,58
2024-05-11 07:00:00+05:30,28.8,55
2024-05-11 08:00:00+05:30,30.6,50
2024-05-11 09:00:00+05:30,31.7,47
2024-05-11 10:00:00+05:30,32.5,43
2024-05-11 11:00:00+05:30,34.5,36
2024-05-11 12:00:00+05:30,36.6,30
2024-05-11 13:00:00+05:30,38.3,24
2024-05-11 14:00:00+05:30,38.9,21
2024-05-11 15:00:00+05:30,38.6,22
2024-05-11 16:00:00+05:30,38.1,22
2024-05-11 17:00:00+05:30,37.5,24
2024-05-11 18:00:00+05:30,35.0,29
2024-05-11 19:00:00+05:30,32.7,35
2024-05-11 20:00:00+05:30,31.1,39
2024-05-11 21:00:00+05:30,30.4,41
2024-05-11 22:00:00+05:30,29.0,45
2024-05-11 23:00:00+05:30,27.9,50
2024-05-12 00:00:00+05:30,27.6,52
2024-05-12 01:00:00+05:30,26.9,54
2024-05-12 02:00:00+05:30,26.8,53
2024-05-12 03:00:00+05:30,26.6,53
2024-05-12 04:00:00+05:30,26.9,51
2024-05-12 05:00:00+05:30,26.9,53
2024-05-12 06:00:00+05:30,28.6,57
2024-05-12 07:00:00+05:30,29.8,52
2024-05-12 08:00:00+05:30,32.1,44
2024-05-12 09:00:00+05:30,34.5,35
2024-05-12 10:00:00+05:30,36.1,31
2024-05-12 11:00:00+05:30,37.4,28
2024-05-12 12:00:00+05:30,35.3,35
2024-05-12 13:00:00+05:30,36.4,29
2024-05-12 14:00:00+05:30,37.4,26
2024-05-12 15:00:00+05:30,37.6,25
2024-05-12 16:00:00+05:30,36.5,26
2024-05-12 17:00:00+05:30,35.9,27
2024-05-12 18:00:00+05:30,35.2,27
2024-05-12 19:00:00+05:30,32.8,32
2024-05-12 20:00:00+05:30,30.9,36
2024-05-12 21:00:00+05:30,29.7,40
2024-05-12 22:00:00+05:30,28.6,42
2024-05-12 23:00:00+05:30,28.6,41
2024-05-13 00:00:00+05:30,27.7,42
2024-05-13 01:00:00+05:30,27.6,42
2024-05-13 02:00:00+05:30,26.6,46
2024-05-13 03:00:00+05:30,26.9,45
2024-05-13 04:00:00+05:30,26.7,47
2024-05-13 05:00:00+05:30,25.6,52
2024-05-13 06:00:00+05:30,28.3,54
2024-05-13 07:00:00+05:30,30.4,50
2024-05-13 08:00:00+05:30,33.0,45
2024-05-13 09:00:00+05:30,35.0,41
2024-05-13 10:00:00+05:30,36.9,34
2024-05-13 11:00:00+05:30,38.4,25
2024-05-13 12:00:00+05:30,39.5,19
2024-05-13 13:00:00+05:30,39.2,16
2024-05-13 14:00:00+05:30,40.2,13
2024-05-13 15:00:00+05:30,40.3,12
2024-05-13 16:00:00+05:30,40.3,11
2024-05-13 17:00:00+05:30,39.2,10
2024-05-13 18:00:00+05:30,35.9,13
2024-05-13 19:00:00+05:30,31.7,19
2024-05-13 20:00:00+05:30,30.1,22
2024-05-13 21:00:00+05:30,28.6,26
2024-05-13 22:00:00+05:30,28.0,26
2024-05-13 23:00:00+05:30,27.2,27
2024-05-14 00:00:00+05:30,26.3,27
2024-05-14 01:00:00+05:30,26.2,25
2024-05-14 02:00:00+05:30,25.1,28
2024-05-14 03:00:00+05:30,24.8,29
2024-05-14 04:00:00+05:30,24.0,31
2024-05-14 05:00:00+05:30,23.6,33
2024-05-14 06:00:00+05:30,26.6,39
2024-05-14 07:00:00+05:30,29.2,35
2024-05-14 08:00:00+05:30,32.0,29
2024-05-14 09:00:00+05:30,34.6,25
2024-05-14 10:00:00+05:30,37.1,19
2024-05-14 11:00:00+05:30,38.8,16
2024-05-14 12:00:00+05:30,39.8,14
2024-05-14 13:00:00+05:30,40.3,14
2024-05-14 14:00:00+05:30,40.9,12
2024-05-14 15:00:00+05:30,40.8,10
2024-05-14 16:00:00+05:30,40.1,10
2024-05-14 17:00:00+05:30,39.5,10
2024-05-14 18:00:00+05:30,37.3,9
2024-05-14 19:00:00+05:30,34.0,11
2024-05-14 20:00:00+05:30,31.5,15
2024-05-14 21:00:00+05:30,30.3,20
2024-05-14 22:00:00+05:30,31.0,21
2024-05-14 23:00:00+05:30,31.8,19
2024-05-15 00:00:00+05:30,30.2,23
2024-05-15 01:00:00+05:30,28.9,26
2024-05-15 02:00:00+05:30,27.6,29
2024-05-15 03:00:00+05:30,25.6,34
2024-05-15 04:00:00+05:30,24.7,37
2024-05-15 05:00:00+05:30,25.3,36
2024-05-15 06:00:00+05:30,27.7,37
2024-05-15 07:00:00+05:30,30.5,33
2024-05-15 08:00:00+05:30,33.8,27
2024-05-15 09:00:00+05:30,36.5,23
2024-05-15 10:00:00+05:30,39.0,16
2024-05-15 11:00:00+05:30,40.6,11
2024-05-15 12:00:00+05:30,41.7,9
2024-05-15 13:00:00+05:30,42.0,9
2024-05-15 14:00:00+05:30,42.2,8
2024-05-15 15:00:00+05:30,42.2,8
2024-05-15 16:00:00+05:30,41.8,8
2024-05-15 17:00:00+05:30,41.0,8
2024-05-15 18:00:00+05:30,38.2,11
2024-05-15 19:00:00+05:30,35.2,14
2024-05-15 20:00:00+05:30,33.4,15
2024-05-15 21:00:00+05:30,31.7,16
2024-05-15 22:00:00+05:30,30.2,16
2024-05-15 23:00:00+05:30,31.3,16
2024-05-16 00:00:00+05:30,27.6,21
2024-05-16 01:00:00+05:30,26.9,21
2024-05-16 02:00:00+05:30,27.3,21
2024-05-16 03:00:00+05:30,26.7,22
2024-05-16 04:00:00+05:30,25.4,25
2024-05-16 05:00:00+05:30,28.1,21
2024-05-16 06:00:00+05:30,26.2,36
2024-05-16 07:00:00+05:30,28.7,33
2024-05-16 08:00:00+05:30,32.3,27
2024-05-16 09:00:00+05:30,35.5,22
2024-05-16 10:00:00+05:30,38.0,19
2024-05-16 11:00:00+05:30,40.2,16
2024-05-16 12:00:00+05:30,41.8,12
2024-05-16 13:00:00+05:30,42.6,11
2024-05-16 14:00:00+05:30,42.8,10
2024-05-16 15:00:00+05:30,42.4,10
2024-05-16 16:00:00+05:30,42.2,11
2024-05-16 17:00:00+05:30,41.4,11
2024-05-16 18:00:00+05:30,37.9,16
2024-05-16 19:00:00+05:30,34.8,17
2024-05-16 20:00:00+05:30,33.0,20
2024-05-16 21:00:00+05:30,34.8,18
2024-05-16 22:00:00+05:30,34.0,18
2024-05-16 23:00:00+05:30,32.6,21
2024-05-17 00:00:00+05:30,29.3,25
2024-05-17 01:00:00+05:30,29.8,22
2024-05-17 02:00:00+05:30,29.9,21
2024-05-17 03:00:00+05:30,29.8,21
2024-05-17 04:00:00+05:30,29.0,22
2024-05-17 05:00:00+05:30,27.4,26
2024-05-17 06:00:00+05:30,28.5,34
2024-05-17 07:00:00+05:30,30.9,30
2024-05-17 08:00:00+05:30,34.7,26
2024-05-17 09:00:00+05:30,38.3,20
2024-05-17 10:00:00+05:30,40.8,16
2024-05-17 11:00:00+05:30,42.4,14
2024-05-17 12:00:00+05:30,43.8,10
2024-05-17 13:00:00+05:30,44.1,10
2024-05-17 14:00:00+05:30,44.0,10
2024-05-17 15:00:00+05:30,43.9,9
2024-05-17 16:00:00+05:30,43.3,10
2024-05-17 17:00:00+05:30,42.1,10
2024-05-17 18:00:00+05:30,38.5,21
2024-05-17 19:00:00+05:30,36.5,19
2024-05-17 20:00:00+05:30,35.9,20
2024-05-17 21:00:00+05:30,34.8,18
2024-05-17 22:00:00+05:30,33.3,21
2024-05-17 23:00:00+05:30,31.5,23
2024-05-18 00:00:00+05:30,30.2,27
2024-05-18 01:00:00+05:30,29.8,28
2024-05-18 02:00:00+05:30,30.1,28
2024-05-18 03:00:00+05:30,29.2,29
2024-05-18 04:00:00+05:30,28.0,32
2024-05-18 05:00:00+05:30,26.7,36
2024-05-18 06:00:00+05:30,30.5,37
2024-05-18 07:00:00+05:30,33.4,33
2024-05-18 08:00:00+05:30,36.8,27
2024-05-18 09:00:00+05:30,39.4,22
2024-05-18 10:00:00+05:30,41.9,14
2024-05-18 11:00:00+05:30,43.6,10
2024-05-18 12:00:00+05:30,44.1,10
2024-05-18 13:00:00+05:30,44.1,11
2024-05-18 14:00:00+05:30,44.2,11
2024-05-18 15:00:00+05:30,44.1,11
2024-05-18 16:00:00+05:30,43.9,11
2024-05-18 17:00:00+05:30,43.3,11
2024-05-18 18:00:00+05:30,41.0,12
2024-05-18 19:00:00+05:30,39.8,12
2024-05-18 20:00:00+05:30,38.0,13
2024-05-18 21:00:00+05:30,36.4,15
2024-05-18 22:00:00+05:30,34.8,16
2024-05-18 23:00:00+05:30,34.6,16
2024-05-19 00:00:00+05:30,33.9,17
2024-05-19 01:00:00+05:30,32.7,18
2024-05-19 02:00:00+05:30,31.6,20
2024-05-19 03:00:00+05:30,30.2,22
2024-05-19 04:00:00+05:30,28.7,25
2024-05-19 05:00:00+05:30,28.1,26
2024-05-19 06:00:00+05:30,30.7,25
2024-05-19 07:00:00+05:30,32.9,23
2024-05-19 08:00:00+05:30,35.7,19
2024-05-19 09:00:00+05:30,37.9,18
2024-05-19 10:00:00+05:30,40.1,16
2024-05-19 11:00:00+05:30,42.5,14
2024-05-19 12:00:00+05:30,44.3,10
2024-05-19 13:00:00+05:30,45.0,9
2024-05-19 14:00:00+05:30,45.0,9
2024-05-19 15:00:00+05:30,44.6,9
2024-05-19 16:00:00+05:30,43.8,9
2024-05-19 17:00:00+05:30,42.9,10
2024-05-19 18:00:00+05:30,41.7,10
2024-05-19 19:00:00+05:30,40.3,10
2024-05-19 20:00:00+05:30,38.6,11
2024-05-19 21:00:00+05:30,35.4,15
2024-05-19 22:00:00+05:30,34.1,16
2024-05-19 23:00:00+05:30,33.6,17
2024-05-20 00:00:00+05:30,33.1,18
2024-05-20 01:00:00+05:30,31.6,21
2024-05-20 02:00:00+05:30,30.2,23
2024-05-20 03:00:00+05:30,30.1,24
2024-05-20 04:00:00+05:30,30.2,25
2024-05-20 05:00:00+05:30,28.7,31
2024-05-20 06:00:00+05:30,30.8,27
2024-05-20 07:00:00+05:30,33.1,25
2024-05-20 08:00:00+05:30,35.3,22
2024-05-20 09:00:00+05:30,37.4,21
2024-05-20 10:00:00+05:30,39.3,19
2024-05-20 11:00:00+05:30,40.9,17
2024-05-20 12:00:00+05:30,42.3,15
2024-05-20 13:00:00+05:30,43.4,13
2024-05-20 14:00:00+05:30,44.1,11
2024-05-20 15:00:00+05:30,43.6,12
2024-05-20 16:00:00+05:30,43.4,11
2024-05-20 17:00:00+05:30,42.5,12
2024-05-20 18:00:00+05:30,41.3,10
2024-05-20 19:00:00+05:30,36.5,15
2024-05-20 20:00:00+05:30,35.1,21
2024-05-20 21:00:00+05:30,34.1,24
2024-05-20 22:00:00+05:30,33.8,24
2024-05-20 23:00:00+05:30,32.1,26
2024-05-21 00:00:00+05:30,31.5,27
2024-05-21 01:00:00+05:30,31.4,26
2024-05-21 02:00:00+05:30,30.3,27
2024-05-21 03:00:00+05:30,29.2,29
2024-05-21 04:00:00+05:30,29.2,27
2024-05-21 05:00:00+05:30,29.7,27
2024-05-21 06:00:00+05:30,28.8,45
2024-05-21 07:00:00+05:30,30.3,45
2024-05-21 08:00:00+05:30,32.5,43
2024-05-21 09:00:00+05:30,34.5,40
2024-05-21 10:00:00+05:30,36.5,35
2024-05-21 11:00:00+05:30,38.4,31
2024-05-21 12:00:00+05:30,39.9,27
2024-05-21 13:00:00+05:30,40.9,24
2024-05-21 14:00:00+05:30,41.8,20
2024-05-21 15:00:00+05:30,42.4,17
2024-05-21 16:00:00+05:30,42.7,13
2024-05-21 17:00:00+05:30,41.2,17
2024-05-21 18:00:00+05:30,38.6,32
2024-05-21 19:00:00+05:30,36.6,27
2024-05-21 20:00:00+05:30,34.5,29
2024-05-21 21:00:00+05:30,33.5,30
2024-05-21 22:00:00+05:30,33.0,32
2024-05-21 23:00:00+05:30,32.3,35
2024-05-22 00:00:00+05:30,31.6,36
2024-05-22 01:00:00+05:30,30.7,38
2024-05-22 02:00:00+05:30,30.6,42
2024-05-22 03:00:00+05:30,30.5,45
2024-05-22 04:00:00+05:30,30.1,47
2024-05-22 05:00:00+05:30,29.7,49
2024-05-22 06:00:00+05:30,31.5,47
2024-05-22 07:00:00+05:30,32.8,48
2024-05-22 08:00:00+05:30,34.5,45
2024-05-22 09:00:00+05:30,36.3,41
2024-05-22 10:00:00+05:30,37.1,39
2024-05-22 11:00:00+05:30,38.9,34
2024-05-22 12:00:00+05:30,40.6,30
2024-05-22 13:00:00+05:30,42.1,26
2024-05-22 14:00:00+05:30,38.8,28
2024-05-22 15:00:00+05:30,38.9,26
2024-05-22 16:00:00+05:30,39.8,24
2024-05-22 17:00:00+05:30,39.3,25
2024-05-22 18:00:00+05:30,37.7,30
2024-05-22 19:00:00+05:30,35.7,37
2024-05-22 20:00:00+05:30,35.0,38
2024-05-22 21:00:00+05:30,34.9,37
2024-05-22 22:00:00+05:30,34.1,39
2024-05-22 23:00:00+05:30,33.4,40
2024-05-23 00:00:00+05:30,32.8,41
2024-05-23 01:00:00+05:30,32.3,42
2024-05-23 02:00:00+05:30,31.7,44
2024-05-23 03:00:00+05:30,31.2,47
2024-05-23 04:00:00+05:30,30.8,48
2024-05-23 05:00:00+05:30,30.5,49
2024-05-23 06:00:00+05:30,31.5,52
2024-05-23 07:00:00+05:30,32.3,52
2024-05-23 08:00:00+05:30,34.1,47
2024-05-23 09:00:00+05:30,36.1,42
2024-05-23 10:00:00+05:30,38.0,36
2024-05-23 11:00:00+05:30,38.3,35
2024-05-23 12:00:00+05:30,40.2,30
2024-05-23 13:00:00+05:30,41.0,27
2024-05-23 14:00:00+05:30,41.4,24
2024-05-23 15:00:00+05:30,41.6,22
2024-05-23 16:00:00+05:30,41.5,21
2024-05-23 17:00:00+05:30,41.0,22
2024-05-23 18:00:00+05:30,38.9,19
2024-05-23 19:00:00+05:30,37.0,24
2024-05-23 20:00:00+05:30,35.7,29
2024-05-23 21:00:00+05:30,34.8,32
2024-05-23 22:00:00+05:30,34.2,35
2024-05-23 23:00:00+05:30,33.6,38
2024-05-24 00:00:00+05:30,33.2,40
2024-05-24 01:00:00+05:30,32.3,43
2024-05-24 02:00:00+05:30,31.7,46
2024-05-24 03:00:00+05:30,31.2,48
2024-05-24 04:00:00+05:30,30.9,50
2024-05-24 05:00:00+05:30,30.5,52
2024-05-24 06:00:00+05:30,31.6,50
2024-05-24 07:00:00+05:30,33.0,47
2024-05-24 08:00:00+05:30,34.5,44
2024-05-24 09:00:00+05:30,36.4,39
2024-05-24 10:00:00+05:30,37.9,34
2024-05-24 11:00:00+05:30,39.0,31
2024-05-24 12:00:00+05:30,39.8,29
2024-05-24 13:00:00+05:30,40.3,27
2024-05-24 14:00:00+05:30,40.6,26
2024-05-24 15:00:00+05:30,40.7,25
2024-05-24 16:00:00+05:30,40.3,26
2024-05-24 17:00:00+05:30,39.7,27
2024-05-24 18:00:00+05:30,39.2,24
2024-05-24 19:00:00+05:30,37.4,26
2024-05-24 20:00:00+05:30,35.9,29
2024-05-24 21:00:00+05:30,35.0,31
2024-05-24 22:00:00+05:30,33.7,34
2024-05-24 23:00:00+05:30,32.3,40
2024-05-25 00:00:00+05:30,32.1,40
2024-05-25 01:00:00+05:30,32.3,39
2024-05-25 02:00:00+05:30,32.0,41
2024-05-25 03:00:00+05:30,31.4,44
2024-05-25 04:00:00+05:30,30.9,46
2024-05-25 05:00:00+05:30,30.3,49
2024-05-25 06:00:00+05:30,32.8,45
2024-05-25 07:00:00+05:30,34.1,42
2024-05-25 08:00:00+05:30,36.0,38
2024-05-25 09:00:00+05:30,37.7,35
2024-05-25 10:00:00+05:30,40.0,30
2024-05-25 11:00:00+05:30,41.4,25
2024-05-25 12:00:00+05:30,42.5,21
2024-05-25 13:00:00+05:30,43.6,18
2024-05-25 14:00:00+05:30,44.5,16
2024-05-25 15:00:00+05:30,44.5,14
2024-05-25 16:00:00+05:30,44.1,13
2024-05-25 17:00:00+05:30,43.5,13
2024-05-25 18:00:00+05:30,42.4,12
2024-05-25 19:00:00+05:30,40.2,13
2024-05-25 20:00:00+05:30,38.2,14
2024-05-25 21:00:00+05:30,35.3,18
2024-05-25 22:00:00+05:30,34.4,19
2024-05-25 23:00:00+05:30,33.2,20
2024-05-26 00:00:00+05:30,32.1,23
2024-05-26 01:00:00+05:30,30.4,25
2024-05-26 02:00:00+05:30,30.5,24
2024-05-26 03:00:00+05:30,29.3,28
2024-05-26 04:00:00+05:30,28.8,29
2024-05-26 05:00:00+05:30,29.3,27
2024-05-26 06:00:00+05:30,31.2,27
2024-05-26 07:00:00+05:30,33.6,25
2024-05-26 08:00:00+05:30,36.4,22
2024-05-26 09:00:00+05:30,39.2,20
2024-05-26 10:00:00+05:30,41.9,16
2024-05-26 11:00:00+05:30,43.8,11
2024-05-26 12:00:00+05:30,44.8,9
2024-05-26 13:00:00+05:30,45.3,9
2024-05-26 14:00:00+05:30,45.5,10
2024-05-26 15:00:00+05:30,45.9,10
2024-05-26 16:00:00+05:30,45.4,11
2024-05-26 17:00:00+05:30,43.9,12
2024-05-26 18:00:00+05:30,42.5,11
2024-05-26 19:00:00+05:30,41.7,12
2024-05-26 20:00:00+05:30,39.9,13
2024-05-26 21:00:00+05:30,37.2,17
2024-05-26 22:00:00+05:30,37.0,16
2024-05-26 23:00:00+05:30,35.7,18
2024-05-27 00:00:00+05:30,33.6,21
2024-05-27 01:00:00+05:30,34.5,20
2024-05-27 02:00:00+05:30,34.6,20
2024-05-27 03:00:00+05:30,31.1,25
2024-05-27 04:00:00+05:30,30.0,28
2024-05-27 05:00:00+05:30,29.1,31
2024-05-27 06:00:00+05:30,32.5,37
2024-05-27 07:00:00+05:30,34.2,32
2024-05-27 08:00:00+05:30,36.4,29
2024-05-27 09:00:00+05:30,38.9,29
2024-05-27 10:00:00+05:30,41.5,25
2024-05-27 11:00:00+05:30,43.7,17
2024-05-27 12:00:00+05:30,44.9,12
2024-05-27 13:00:00+05:30,45.4,9
2024-05-27 14:00:00+05:30,45.8,9
2024-05-27 15:00:00+05:30,45.9,7
2024-05-27 16:00:00+05:30,45.2,7
2024-05-27 17:00:00+05:30,44.1,8
2024-05-27 18:00:00+05:30,42.6,8
2024-05-27 19:00:00+05:30,40.3,8
2024-05-27 20:00:00+05:30,37.7,10
2024-05-27 21:00:00+05:30,36.3,11
2024-05-27 22:00:00+05:30,35.1,12
2024-05-27 23:00:00+05:30,32.5,16
2024-05-28 00:00:00+05:30,32.2,17
2024-05-28 01:00:00+05:30,31.4,19
2024-05-28 02:00:00+05:30,32.5,18
2024-05-28 03:00:00+05:30,30.9,20
2024-05-28 04:00:00+05:30,29.1,22
2024-05-28 05:00:00+05:30,28.8,22
2024-05-28 06:00:00+05:30,28.3,28
2024-05-28 07:00:00+05:30,31.0,26
2024-05-28 08:00:00+05:30,34.6,22
2024-05-28 09:00:00+05:30,37.9,17
2024-05-28 10:00:00+05:30,40.5,12
2024-05-28 11:00:00+05:30,42.3,10
2024-05-28 12:00:00+05:30,43.7,9
2024-05-28 13:00:00+05:30,44.9,9
2024-05-28 14:00:00+05:30,45.7,8
2024-05-28 15:00:00+05:30,45.4,8
2024-05-28 16:00:00+05:30,45.8,6
2024-05-28 17:00:00+05:30,44.5,7
2024-05-28 18:00:00+05:30,42.8,6
2024-05-28 19:00:00+05:30,39.2,8
2024-05-28 20:00:00+05:30,38.8,9
2024-05-28 21:00:00+05:30,35.6,11
2024-05-28 22:00:00+05:30,35.0,12
2024-05-28 23:00:00+05:30,36.6,11
2024-05-29 00:00:00+05:30,34.6,13
2024-05-29 01:00:00+05:30,31.3,18
2024-05-29 02:00:00+05:30,30.2,20
2024-05-29 03:00:00+05:30,30.4,18
2024-05-29 04:00:00+05:30,32.4,17
2024-05-29 05:00:00+05:30,33.1,22
2024-05-29 06:00:00+05:30,33.7,30
2024-05-29 07:00:00+05:30,37.1,28
2024-05-29 08:00:00+05:30,38.4,30
2024-05-29 09:00:00+05:30,39.5,28
2024-05-29 10:00:00+05:30,41.3,24
2024-05-29 11:00:00+05:30,42.9,21
2024-05-29 12:00:00+05:30,44.3,18
2024-05-29 13:00:00+05:30,45.3,14
2024-05-29 14:00:00+05:30,45.6,10
2024-05-29 15:00:00+05:30,44.8,10
2024-05-29 16:00:00+05:30,45.2,9
2024-05-29 17:00:00+05:30,44.8,9
2024-05-29 18:00:00+05:30,41.4,14
2024-05-29 19:00:00+05:30,40.8,10
2024-05-29 20:00:00+05:30,39.4,11
2024-05-29 21:00:00+05:30,36.7,13
2024-05-29 22:00:00+05:30,34.9,16
2024-05-29 23:00:00+05:30,34.6,17
2024-05-30 00:00:00+05:30,34.8,16
2024-05-30 01:00:00+05:30,34.5,17
2024-05-30 02:00:00+05:30,34.8,18
2024-05-30 03:00:00+05:30,35.2,19
2024-05-30 04:00:00+05:30,34.1,22
2024-05-30 05:00:00+05:30,33.2,27
2024-05-30 06:00:00+05:30,33.6,26
2024-05-30 07:00:00+05:30,35.3,34
2024-05-30 08:00:00+05:30,37.3,34
2024-05-30 09:00:00+05:30,39.8,26
2024-05-30 10:00:00+05:30,41.5,22
2024-05-30 11:00:00+05:30,43.6,15
2024-05-30 12:00:00+05:30,45.1,10
2024-05-30 13:00:00+05:30,45.8,9
2024-05-30 14:00:00+05:30,46.0,8
2024-05-30 15:00:00+05:30,46.1,6
2024-05-30 16:00:00+05:30,45.9,6
2024-05-30 17:00:00+05:30,44.8,7
2024-05-30 18:00:00+05:30,43.4,5
2024-05-30 19:00:00+05:30,40.1,5
2024-05-30 20:00:00+05:30,37.8,6
2024-05-30 21:00:00+05:30,37.1,6
2024-05-30 22:00:00+05:30,34.1,8
2024-05-30 23:00:00+05:30,32.4,10
2024-05-31 00:00:00+05:30,31.1,11
2024-05-31 01:00:00+05:30,34.2,8
2024-05-31 02:00:00+05:30,31.1,11
2024-05-31 03:00:00+05:30,30.5,13
2024-05-31 04:00:00+05:30,32.1,11
2024-05-31 05:00:00+05:30,31.5,12
2024-05-31 06:00:00+05:30,29.3,37
2024-05-31 07:00:00+05:30,32.0,30
2024-05-31 08:00:00+05:30,34.8,26
2024-05-31 09:00:00+05:30,37.4,23
2024-05-31 10:00:00+05:30,40.1,19
2024-05-31 11:00:00+05:30,42.4,17
2024-05-31 12:00:00+05:30,44.1,13
2024-05-31 13:00:00+05:30,45.4,8
2024-05-31 14:00:00+05:30,45.9,6
2024-05-31 15:00:00+05:30,45.7,6
2024-05-31 16:00:00+05:30,45.5,6
2024-05-31 17:00:00+05:30,44.4,7
2024-05-31 18:00:00+05:30,42.4,9
2024-05-31 19:00:00+05:30,39.8,11
2024-05-31 20:00:00+05:30,37.8,12
2024-05-31 21:00:00+05:30,35.4,14
2024-05-31 22:00:00+05:30,34.4,15
2024-05-31 23:00:00+05:30,33.6,16
2024-06-01 00:00:00+05:30,32.4,17
2024-06-01 01:00:00+05:30,32.3,16
2024-06-01 02:00:00+05:30,32.4,15
2024-06-01 03:00:00+05:30,32.0,16
2024-06-01 04:00:00+05:30,31.1,17
2024-06-01 05:00:00+05:30,30.7,19
2024-06-01 06:00:00+05:30,35.7,14
2024-06-01 07:00:00+05:30,37.2,17
2024-06-01 08:00:00+05:30,38.3,18
2024-06-01 09:00:00+05:30,40.0,18
2024-06-01 10:00:00+05:30,42.3,17
2024-06-01 11:00:00+05:30,43.8,14
2024-06-01 12:00:00+05:30,43.7,11
2024-06-01 13:00:00+05:30,44.5,9
2024-06-01 14:00:00+05:30,44.3,9
2024-06-01 15:00:00+05:30,43.9,10
2024-06-01 16:00:00+05:30,42.9,11
2024-06-01 17:00:00+05:30,41.2,13
2024-06-01 18:00:00+05:30,38.2,19
2024-06-01 19:00:00+05:30,36.9,21
2024-06-01 20:00:00+05:30,35.3,23
2024-06-01 21:00:00+05:30,33.9,30
2024-06-01 22:00:00+05:30,33.8,26
2024-06-01 23:00:00+05:30,33.7,26
2024-06-02 00:00:00+05:30,33.6,26
2024-06-02 01:00:00+05:30,32.9,31
2024-06-02 02:00:00+05:30,32.1,33
2024-06-02 03:00:00+05:30,31.8,31
2024-06-02 04:00:00+05:30,31.9,31
2024-06-02 05:00:00+05:30,32.1,30
2024-06-02 06:00:00+05:30,31.6,43
2024-06-02 07:00:00+05:30,32.3,41
2024-06-02 08:00:00+05:30,34.7,34
2024-06-02 09:00:00+05:30,37.1,28
2024-06-02 10:00:00+05:30,38.8,24
2024-06-02 11:00:00+05:30,40.2,22
2024-06-02 12:00:00+05:30,41.4,20
2024-06-02 13:00:00+05:30,41.6,19
2024-06-02 14:00:00+05:30,41.9,18
2024-06-02 15:00:00+05:30,41.8,17
2024-06-02 16:00:00+05:30,41.0,18
2024-06-02 17:00:00+05:30,40.4,18
2024-06-02 18:00:00+05:30,40.8,9
2024-06-02 19:00:00+05:30,39.6,10
2024-06-02 20:00:00+05:30,38.8,11
2024-06-02 21:00:00+05:30,35.5,14
2024-06-02 22:00:00+05:30,34.2,28
2024-06-02 23:00:00+05:30,33.2,32
2024-06-03 00:00:00+05:30,32.5,34
2024-06-03 01:00:00+05:30,32.0,35
2024-06-03 02:00:00+05:30,31.5,37
2024-06-03 03:00:00+05:30,30.8,39
2024-06-03 04:00:00+05:30,30.3,41
2024-06-03 05:00:00+05:30,29.7,43
2024-06-03 06:00:00+05:30,30.2,46
2024-06-03 07:00:00+05:30,32.3,43
2024-06-03 08:00:00+05:30,34.6,38
2024-06-03 09:00:00+05:30,37.0,33
2024-06-03 10:00:00+05:30,39.8,26
2024-06-03 11:00:00+05:30,41.9,18
2024-06-03 12:00:00+05:30,42.9,14
2024-06-03 13:00:00+05:30,43.8,12
2024-06-03 14:00:00+05:30,44.3,12
2024-06-03 15:00:00+05:30,44.4,11
2024-06-03 16:00:00+05:30,44.0,11
2024-06-03 17:00:00+05:30,43.3,11
2024-06-03 18:00:00+05:30,41.8,11
2024-06-03 19:00:00+05:30,39.8,11
2024-06-03 20:00:00+05:30,37.7,12
2024-06-03 21:00:00+05:30,37.5,12
2024-06-03 22:00:00+05:30,34.1,17
2024-06-03 23:00:00+05:30,34.1,17
2024-06-04 00:00:00+05:30,31.5,20
2024-06-04 01:00:00+05:30,31.7,19
2024-06-04 02:00:00+05:30,30.6,21
2024-06-04 03:00:00+05:30,30.5,20
2024-06-04 04:00:00+05:30,30.4,21
2024-06-04 05:00:00+05:30,30.7,22
2024-06-04 06:00:00+05:30,31.6,30
2024-06-04 07:00:00+05:30,34.2,27
2024-06-04 08:00:00+05:30,37.0,22
2024-06-04 09:00:00+05:30,39.0,19
2024-06-04 10:00:00+05:30,41.0,15
2024-06-04 11:00:00+05:30,42.4,14
2024-06-04 12:00:00+05:30,43.1,13
2024-06-04 13:00:00+05:30,43.0,15
2024-06-04 14:00:00+05:30,43.3,15
2024-06-04 15:00:00+05:30,43.2,16
2024-06-04 16:00:00+05:30,42.5,17
2024-06-04 17:00:00+05:30,41.8,16
2024-06-04 18:00:00+05:30,40.9,14
2024-06-04 19:00:00+05:30,38.9,16
2024-06-04 20:00:00+05:30,37.4,17
2024-06-04 21:00:00+05:30,34.7,20
2024-06-04 22:00:00+05:30,33.6,21
2024-06-04 23:00:00+05:30,33.5,21
2024-06-05 00:00:00+05:30,32.6,22
2024-06-05 01:00:00+05:30,31.9,22
2024-06-05 02:00:00+05:30,30.5,25
2024-06-05 03:00:00+05:30,30.3,24
2024-06-05 04:00:00+05:30,31.0,22
2024-06-05 05:00:00+05:30,31.6,21
2024-06-05 06:00:00+05:30,33.6,27
2024-06-05 07:00:00+05:30,35.8,27
2024-06-05 08:00:00+05:30,36.8,27
2024-06-05 09:00:00+05:30,38.4,27
2024-06-05 10:00:00+05:30,39.6,25
2024-06-05 11:00:00+05:30,41.2,20
2024-06-05 12:00:00+05:30,40.6,21
2024-06-05 13:00:00+05:30,42.2,17
2024-06-05 14:00:00+05:30,40.2,22
2024-06-05 15:00:00+05:30,40.9,19
2024-06-05 16:00:00+05:30,40.6,19
2024-06-05 17:00:00+05:30,39.6,22
2024-06-05 18:00:00+05:30,41.3,12
2024-06-05 19:00:00+05:30,39.6,13
2024-06-05 20:00:00+05:30,36.1,25
2024-06-05 21:00:00+05:30,35.1,32
2024-06-05 22:00:00+05:30,33.7,35
2024-06-05 23:00:00+05:30,33.2,36
2024-06-06 00:00:00+05:30,32.3,39
2024-06-06 01:00:00+05:30,31.2,41
2024-06-06 02:00:00+05:30,30.4,43
2024-06-06 03:00:00+05:30,32.5,35
2024-06-06 04:00:00+05:30,29.4,38
2024-06-06 05:00:00+05:30,30.4,29
2024-06-06 06:00:00+05:30,27.7,53
2024-06-06 07:00:00+05:30,29.9,48
2024-06-06 08:00:00+05:30,31.9,41
2024-06-06 09:00:00+05:30,33.8,34
2024-06-06 10:00:00+05:30,35.6,28
2024-06-06 11:00:00+05:30,37.2,25
2024-06-06 12:00:00+05:30,38.4,24
2024-06-06 13:00:00+05:30,39.9,22
2024-06-06 14:00:00+05:30,41.0,20
2024-06-06 15:00:00+05:30,41.1,18
2024-06-06 16:00:00+05:30,40.8,18
2024-06-06 17:00:00+05:30,40.0,19
2024-06-06 18:00:00+05:30,38.3,16
2024-06-06 19:00:00+05:30,36.4,20
2024-06-06 20:00:00+05:30,35.5,24
2024-06-06 21:00:00+05:30,34.4,27
2024-06-06 22:00:00+05:30,33.2,31
2024-06-06 23:00:00+05:30,32.4,33
2024-06-07 00:00:00+05:30,31.6,35
2024-06-07 01:00:00+05:30,30.7,37
2024-06-07 02:00:00+05:30,30.2,39
2024-06-07 03:00:00+05:30,29.7,40
2024-06-07 04:00:00+05:30,29.2,41
2024-06-07 05:00:00+05:30,28.9,42
2024-06-07 06:00:00+05:30,30.7,46
2024-06-07 07:00:00+05:30,32.2,43
2024-06-07 08:00:00+05:30,34.0,38
2024-06-07 09:00:00+05:30,35.9,33
2024-06-07 10:00:00+05:30,37.9,27
2024-06-07 11:00:00+05:30,39.5,23
2024-06-07 12:00:00+05:30,40.8,20
2024-06-07 13:00:00+05:30,41.8,18
2024-06-07 14:00:00+05:30,42.3,17
2024-06-07 15:00:00+05:30,42.4,16
2024-06-07 16:00:00+05:30,41.7,16
2024-06-07 17:00:00+05:30,40.9,16
2024-06-07 18:00:00+05:30,36.3,28
2024-06-07 19:00:00+05:30,35.1,30
2024-06-07 20:00:00+05:30,34.6,29
2024-06-07 21:00:00+05:30,34.1,29
2024-06-07 22:00:00+05:30,33.4,30
2024-06-07 23:00:00+05:30,32.5,32
2024-06-08 00:00:00+05:30,31.8,33
2024-06-08 01:00:00+05:30,31.0,34
2024-06-08 02:00:00+05:30,30.4,35
2024-06-08 03:00:00+05:30,29.8,36
2024-06-08 04:00:00+05:30,29.1,37
2024-06-08 05:00:00+05:30,28.4,39
2024-06-08 06:00:00+05:30,29.8,42
2024-06-08 07:00:00+05:30,31.6,39
2024-06-08 08:00:00+05:30,34.4,33
2024-06-08 09:00:00+05:30,36.9,26
2024-06-08 10:00:00+05:30,38.8,20
2024-06-08 11:00:00+05:30,40.1,17
2024-06-08 12:00:00+05:30,39.9,18
2024-06-08 13:00:00+05:30,40.2,18
2024-06-08 14:00:00+05:30,40.2,18
2024-06-08 15:00:00+05:30,39.8,18
2024-06-08 16:00:00+05:30,39.7,18
2024-06-08 17:00:00+05:30,39.3,18
2024-06-08 18:00:00+05:30,38.1,21
2024-06-08 19:00:00+05:30,35.9,23
2024-06-08 20:00:00+05:30,34.7,25
2024-06-08 21:00:00+05:30,33.6,26
2024-06-08 22:00:00+05:30,32.7,30
2024-06-08 23:00:00+05:30,32.0,32
2024-06-09 00:00:00+05:30,31.0,34
2024-06-09 01:00:00+05:30,30.2,36
2024-06-09 02:00:00+05:30,29.8,36
2024-06-09 03:00:00+05:30,29.4,35
2024-06-09 04:00:00+05:30,28.7,37
2024-06-09 05:00:00+05:30,28.0,39
2024-06-09 06:00:00+05:30,29.1,40
2024-06-09 07:00:00+05:30,30.9,37
2024-06-09 08:00:00+05:30,33.4,32
2024-06-09 09:00:00+05:30,35.9,27
2024-06-09 10:00:00+05:30,37.8,22
2024-06-09 11:00:00+05:30,39.4,19
2024-06-09 12:00:00+05:30,40.8,16
2024-06-09 13:00:00+05:30,41.7,13
2024-06-09 14:00:00+05:30,42.0,12
2024-06-09 15:00:00+05:30,42.1,11
2024-06-09 16:00:00+05:30,41.7,11
2024-06-09 17:00:00+05:30,41.1,11
2024-06-09 18:00:00+05:30,39.0,10
2024-06-09 19:00:00+05:30,36.6,12
2024-06-09 20:00:00+05:30,35.9,13
2024-06-09 21:00:00+05:30,35.1,13
2024-06-09 22:00:00+05:30,33.0,16
2024-06-09 23:00:00+05:30,32.5,16
2024-06-10 00:00:00+05:30,31.9,17
2024-06-10 01:00:00+05:30,30.8,19
2024-06-10 02:00:00+05:30,29.9,20
2024-06-10 03:00:00+05:30,29.0,23
2024-06-10 04:00:00+05:30,27.9,25
2024-06-10 05:00:00+05:30,27.5,27
2024-06-10 06:00:00+05:30,29.4,30
2024-06-10 07:00:00+05:30,31.2,27
2024-06-10 08:00:00+05:30,33.6,24
2024-06-10 09:00:00+05:30,36.2,22
2024-06-10 10:00:00+05:30,38.6,19
2024-06-10 11:00:00+05:30,40.4,16
2024-06-10 12:00:00+05:30,41.8,14
2024-06-10 13:00:00+05:30,42.5,13
2024-06-10 14:00:00+05:30,42.9,13
2024-06-10 15:00:00+05:30,42.8,13
2024-06-10 16:00:00+05:30,42.3,13
2024-06-10 17:00:00+05:30,41.5,14
2024-06-10 18:00:00+05:30,40.3,14
2024-06-10 19:00:00+05:30,38.3,15
2024-06-10 20:00:00+05:30,36.9,16
2024-06-10 21:00:00+05:30,36.2,17
2024-06-10 22:00:00+05:30,35.4,18
2024-06-10 23:00:00+05:30,35.0,18
2024-06-11 00:00:00+05:30,33.8,19
2024-06-11 01:00:00+05:30,32.3,20
2024-06-11 02:00:00+05:30,31.3,21
2024-06-11 03:00:00+05:30,30.4,23
2024-06-11 04:00:00+05:30,28.9,26
2024-06-11 05:00:00+05:30,28.2,28
2024-06-11 06:00:00+05:30,29.6,34
2024-06-11 07:00:00+05:30,31.8,32
2024-06-11 08:00:00+05:30,34.6,27
2024-06-11 09:00:00+05:30,37.1,23
2024-06-11 10:00:00+05:30,39.1,20
2024-06-11 11:00:00+05:30,40.7,18
2024-06-11 12:00:00+05:30,42.0,15
2024-06-11 13:00:00+05:30,43.0,13
2024-06-11 14:00:00+05:30,43.2,12
2024-06-11 15:00:00+05:30,43.2,12
2024-06-11 16:00:00+05:30,42.7,12
2024-06-11 17:00:00+05:30,41.8,12
2024-06-11 18:00:00+05:30,40.2,13
2024-06-11 19:00:00+05:30,37.6,15
2024-06-11 20:00:00+05:30,37.1,15
2024-06-11 21:00:00+05:30,35.3,17
2024-06-11 22:00:00+05:30,33.8,19
2024-06-11 23:00:00+05:30,31.8,23
2024-06-12 00:00:00+05:30,31.3,23
2024-06-12 01:00:00+05:30,30.3,25
2024-06-12 02:00:00+05:30,29.9,26
2024-06-12 03:00:00+05:30,29.1,27
2024-06-12 04:00:00+05:30,28.6,27
2024-06-12 05:00:00+05:30,28.0,29
2024-06-12 06:00:00+05:30,30.7,29
2024-06-12 07:00:00+05:30,33.2,26
2024-06-12 08:00:00+05:30,35.9,23
2024-06-12 09:00:00+05:30,38.6,19
2024-06-12 10:00:00+05:30,40.5,16
2024-06-12 11:00:00+05:30,42.0,14
2024-06-12 12:00:00+05:30,43.2,12
2024-06-12 13:00:00+05:30,43.8,11
2024-06-12 14:00:00+05:30,44.2,10
2024-06-12 15:00:00+05:30,44.2,10
2024-06-12 16:00:00+05:30,43.9,10
2024-06-12 17:00:00+05:30,43.2,10
2024-06-12 18:00:00+05:30,40.6,14
2024-06-12 19:00:00+05:30,38.4,14
2024-06-12 20:00:00+05:30,37.4,15
2024-06-12 21:00:00+05:30,36.0,16
2024-06-12 22:00:00+05:30,35.5,16
2024-06-12 23:00:00+05:30,35.1,17
2024-06-13 00:00:00+05:30,32.6,20
2024-06-13 01:00:00+05:30,32.0,21
2024-06-13 02:00:00+05:30,31.4,21
2024-06-13 03:00:00+05:30,30.8,22
2024-06-13 04:00:00+05:30,29.8,24
2024-06-13 05:00:00+05:30,29.4,23
2024-06-13 06:00:00+05:30,32.4,36
2024-06-13 07:00:00+05:30,34.3,35
2024-06-13 08:00:00+05:30,36.4,31
2024-06-13 09:00:00+05:30,38.4,27
2024-06-13 10:00:00+05:30,40.4,22
2024-06-13 11:00:00+05:30,42.4,18
2024-06-13 12:00:00+05:30,43.9,14
2024-06-13 13:00:00+05:30,44.7,11
2024-06-13 14:00:00+05:30,44.8,11
2024-06-13 15:00:00+05:30,44.5,11
2024-06-13 16:00:00+05:30,44.2,11
2024-06-13 17:00:00+05:30,43.4,12
2024-06-13 18:00:00+05:30,41.2,13
2024-06-13 19:00:00+05:30,39.0,16
2024-06-13 20:00:00+05:30,37.9,17
2024-06-13 21:00:00+05:30,36.7,19
2024-06-13 22:00:00+05:30,35.7,22
2024-06-13 23:00:00+05:30,34.8,25
2024-06-14 00:00:00+05:30,34.9,25
2024-06-14 01:00:00+05:30,34.5,26
2024-06-14 02:00:00+05:30,34.2,26
2024-06-14 03:00:00+05:30,34.4,26
2024-06-14 04:00:00+05:30,34.0,26
2024-06-14 05:00:00+05:30,33.2,28
2024-06-14 06:00:00+05:30,34.0,31
2024-06-14 07:00:00+05:30,35.3,30
2024-06-14 08:00:00+05:30,36.9,31
2024-06-14 09:00:00+05:30,38.3,31
2024-06-14 10:00:00+05:30,39.9,29
2024-06-14 11:00:00+05:30,40.9,27
2024-06-14 12:00:00+05:30,42.2,23
2024-06-14 13:00:00+05:30,43.1,19
2024-06-14 14:00:00+05:30,43.3,18
2024-06-14 15:00:00+05:30,43.3,18
2024-06-14 16:00:00+05:30,43.0,17
2024-06-14 17:00:00+05:30,42.2,18
2024-06-14 18:00:00+05:30,38.4,28
2024-06-14 19:00:00+05:30,36.9,32
2024-06-14 20:00:00+05:30,36.1,35
2024-06-14 21:00:00+05:30,35.8,34
2024-06-14 22:00:00+05:30,35.0,35
2024-06-14 23:00:00+05:30,34.3,35
2024-06-15 00:00:00+05:30,33.7,36
2024-06-15 01:00:00+05:30,33.5,36
2024-06-15 02:00:00+05:30,33.5,34
2024-06-15 03:00:00+05:30,33.3,33
2024-06-15 04:00:00+05:30,32.9,32
2024-06-15 05:00:00+05:30,32.4,33
2024-06-15 06:00:00+05:30,32.8,39
2024-06-15 07:00:00+05:30,34.2,38
2024-06-15 08:00:00+05:30,35.9,35
2024-06-15 09:00:00+05:30,37.8,31
2024-06-15 10:00:00+05:30,39.6,28
2024-06-15 11:00:00+05:30,41.1,25
2024-06-15 12:00:00+05:30,42.5,21
2024-06-15 13:00:00+05:30,43.1,18
2024-06-15 14:00:00+05:30,43.5,17
2024-06-15 15:00:00+05:30,43.4,17
2024-06-15 16:00:00+05:30,43.3,16
2024-06-15 17:00:00+05:30,42.7,16
2024-06-15 18:00:00+05:30,41.4,18
2024-06-15 19:00:00+05:30,39.7,20
2024-06-15 20:00:00+05:30,38.5,22
2024-06-15 21:00:00+05:30,37.4,24
2024-06-15 22:00:00+05:30,36.3,27
2024-06-15 23:00:00+05:30,35.4,29
2024-06-16 00:00:00+05:30,34.7,31
2024-06-16 01:00:00+05:30,33.8,33
2024-06-16 02:00:00+05:30,33.3,33
2024-06-16 03:00:00+05:30,33.3,33
2024-06-16 04:00:00+05:30,32.8,33
2024-06-16 05:00:00+05:30,32.7,32
2024-06-16 06:00:00+05:30,33.3,38
2024-06-16 07:00:00+05:30,35.0,34
2024-06-16 08:00:00+05:30,37.1,33
2024-06-16 09:00:00+05:30,39.1,31
2024-06-16 10:00:00+05:30,40.7,29
2024-06-16 11:00:00+05:30,42.2,24
2024-06-16 12:00:00+05:30,43.1,20
2024-06-16 13:00:00+05:30,43.7,19
2024-06-16 14:00:00+05:30,44.0,18
2024-06-16 15:00:00+05:30,44.3,17
2024-06-16 16:00:00+05:30,43.8,17
2024-06-16 17:00:00+05:30,43.2,17
2024-06-16 18:00:00+05:30,42.4,17
2024-06-16 19:00:00+05:30,40.7,19
2024-06-16 20:00:00+05:30,39.5,20
2024-06-16 21:00:00+05:30,38.7,21
2024-06-16 22:00:00+05:30,37.0,24
2024-06-16 23:00:00+05:30,35.9,25
2024-06-17 00:00:00+05:30,35.6,26
2024-06-17 01:00:00+05:30,34.9,27
2024-06-17 02:00:00+05:30,34.3,28
2024-06-17 03:00:00+05:30,34.5,28
2024-06-17 04:00:00+05:30,34.6,30
2024-06-17 05:00:00+05:30,34.1,33
2024-06-17 06:00:00+05:30,34.3,36
2024-06-17 07:00:00+05:30,35.9,34
2024-06-17 08:00:00+05:30,38.0,30
2024-06-17 09:00:00+05:30,39.5,28
2024-06-17 10:00:00+05:30,41.1,26
2024-06-17 11:00:00+05:30,42.4,24
2024-06-17 12:00:00+05:30,43.6,21
2024-06-17 13:00:00+05:30,44.0,20
2024-06-17 14:00:00+05:30,44.2,19
2024-06-17 15:00:00+05:30,44.2,19
2024-06-17 16:00:00+05:30,43.8,20
2024-06-17 17:00:00+05:30,43.3,20
2024-06-17 18:00:00+05:30,43.3,15
2024-06-17 19:00:00+05:30,41.4,17
2024-06-17 20:00:00+05:30,40.0,18
2024-06-17 21:00:00+05:30,38.8,18
2024-06-17 22:00:00+05:30,37.6,20
2024-06-17 23:00:00+05:30,36.7,21
2024-06-18 00:00:00+05:30,35.9,23
2024-06-18 01:00:00+05:30,35.2,25
2024-06-18 02:00:00+05:30,34.9,26
2024-06-18 03:00:00+05:30,35.0,27
2024-06-18 04:00:00+05:30,34.7,29
2024-06-18 05:00:00+05:30,34.4,31
2024-06-18 06:00:00+05:30,35.1,35
2024-06-18 07:00:00+05:30,36.7,33
2024-06-18 08:00:00+05:30,38.1,33
2024-06-18 09:00:00+05:30,39.6,32
2024-06-18 10:00:00+05:30,40.9,30
2024-06-18 11:00:00+05:30,42.2,27
2024-06-18 12:00:00+05:30,43.1,25
2024-06-18 13:00:00+05:30,43.7,24
2024-06-18 14:00:00+05:30,44.2,20
2024-06-18 15:00:00+05:30,44.0,19
2024-06-18 16:00:00+05:30,44.0,19
2024-06-18 17:00:00+05:30,43.3,19
2024-06-18 18:00:00+05:30,42.3,11
2024-06-18 19:00:00+05:30,39.8,13
2024-06-18 20:00:00+05:30,38.0,16
2024-06-18 21:00:00+05:30,37.0,18
2024-06-18 22:00:00+05:30,36.4,20
2024-06-18 23:00:00+05:30,36.5,22
2024-06-19 00:00:00+05:30,36.2,24
2024-06-19 01:00:00+05:30,35.8,28
2024-06-19 02:00:00+05:30,35.3,32
2024-06-19 03:00:00+05:30,35.3,35
2024-06-19 04:00:00+05:30,35.0,40
2024-06-19 05:00:00+05:30,34.5,43
2024-06-19 06:00:00+05:30,34.8,44
2024-06-19 07:00:00+05:30,33.8,50
2024-06-19 08:00:00+05:30,37.2,39
2024-06-19 09:00:00+05:30,36.2,42
2024-06-19 10:00:00+05:30,37.8,38
2024-06-19 11:00:00+05:30,39.9,33
2024-06-19 12:00:00+05:30,39.9,33
2024-06-19 13:00:00+05:30,40.1,33
2024-06-19 14:00:00+05:30,40.4,30
2024-06-19 15:00:00+05:30,41.1,28
2024-06-19 16:00:00+05:30,40.8,28
2024-06-19 17:00:00+05:30,40.0,29
2024-06-19 18:00:00+05:30,37.7,30
2024-06-19 19:00:00+05:30,36.6,34
2024-06-19 20:00:00+05:30,34.8,42
2024-06-19 21:00:00+05:30,34.8,37
2024-06-19 22:00:00+05:30,34.1,40
2024-06-19 23:00:00+05:30,33.9,39
2024-06-20 00:00:00+05:30,33.5,38
2024-06-20 01:00:00+05:30,33.4,37
2024-06-20 02:00:00+05:30,32.7,39
2024-06-20 03:00:00+05:30,32.8,37
2024-06-20 04:00:00+05:30,33.3,36
2024-06-20 05:00:00+05:30,33.5,38
2024-06-20 06:00:00+05:30,26.1,75
2024-06-20 07:00:00+05:30,25.7,87
2024-06-20 08:00:00+05:30,27.1,82
2024-06-20 09:00:00+05:30,28.7,72
2024-06-20 10:00:00+05:30,31.1,59
2024-06-20 11:00:00+05:30,32.8,52
2024-06-20 12:00:00+05:30,34.9,46
2024-06-20 13:00:00+05:30,36.8,40
2024-06-20 14:00:00+05:30,38.0,37
2024-06-20 15:00:00+05:30,38.7,35
2024-06-20 16:00:00+05:30,38.7,35
2024-06-20 17:00:00+05:30,38.6,34
2024-06-20 18:00:00+05:30,36.6,38
2024-06-20 19:00:00+05:30,35.8,39
2024-06-20 20:00:00+05:30,35.3,40
2024-06-20 21:00:00+05:30,34.7,41
2024-06-20 22:00:00+05:30,33.8,47
2024-06-20 23:00:00+05:30,33.4,45
2024-06-21 00:00:00+05:30,32.8,46
2024-06-21 01:00:00+05:30,32.4,46
2024-06-21 02:00:00+05:30,32.0,46
2024-06-21 03:00:00+05:30,31.4,54
2024-06-21 04:00:00+05:30,27.9,68
2024-06-21 05:00:00+05:30,25.2,82
2024-06-21 06:00:00+05:30,26.1,82
2024-06-21 07:00:00+05:30,27.6,75
2024-06-21 08:00:00+05:30,29.5,68
2024-06-21 09:00:00+05:30,31.4,61
2024-06-21 10:00:00+05:30,33.3,51
2024-06-21 11:00:00+05:30,33.7,48
2024-06-21 12:00:00+05:30,34.4,46
2024-06-21 13:00:00+05:30,36.0,43
2024-06-21 14:00:00+05:30,36.9,41
2024-06-21 15:00:00+05:30,37.1,40
2024-06-21 16:00:00+05:30,37.3,38
2024-06-21 17:00:00+05:30,37.0,37
2024-06-21 18:00:00+05:30,33.3,53
2024-06-21 19:00:00+05:30,32.6,55
2024-06-21 20:00:00+05:30,32.0,57
2024-06-21 21:00:00+05:30,31.6,59
2024-06-21 22:00:00+05:30,31.1,60
2024-06-21 23:00:00+05:30,30.8,61
2024-06-22 00:00:00+05:30,30.7,61
2024-06-22 01:00:00+05:30,30.4,61
2024-06-22 02:00:00+05:30,30.2,62
2024-06-22 03:00:00+05:30,30.1,63
2024-06-22 04:00:00+05:30,30.1,63
2024-06-22 05:00:00+05:30,29.8,64
2024-06-22 06:00:00+05:30,29.8,66
2024-06-22 07:00:00+05:30,31.0,61
2024-06-22 08:00:00+05:30,32.5,57
2024-06-22 09:00:00+05:30,33.3,55
2024-06-22 10:00:00+05:30,35.5,48
2024-06-22 11:00:00+05:30,36.8,42
2024-06-22 12:00:00+05:30,37.9,38
2024-06-22 13:00:00+05:30,37.2,38
2024-06-22 14:00:00+05:30,37.7,36
2024-06-22 15:00:00+05:30,37.9,36
2024-06-22 16:00:00+05:30,38.4,35
2024-06-22 17:00:00+05:30,38.2,35
2024-06-22 18:00:00+05:30,34.6,48
2024-06-22 19:00:00+05:30,34.0,50
2024-06-22 20:00:00+05:30,33.5,53
2024-06-22 21:00:00+05:30,33.1,54
2024-06-22 22:00:00+05:30,32.6,56
2024-06-22 23:00:00+05:30,32.3,58
2024-06-23 00:00:00+05:30,31.9,61
2024-06-23 01:00:00+05:30,31.6,63
2024-06-23 02:00:00+05:30,31.2,65
2024-06-23 03:00:00+05:30,30.8,66
2024-06-23 04:00:00+05:30,30.3,67
2024-06-23 05:00:00+05:30,30.1,68
2024-06-23 06:00:00+05:30,30.6,66
2024-06-23 07:00:00+05:30,31.5,65
2024-06-23 08:00:00+05:30,32.1,63
2024-06-23 09:00:00+05:30,34.0,56
2024-06-23 10:00:00+05:30,34.9,53
2024-06-23 11:00:00+05:30,36.3,48
2024-06-23 12:00:00+05:30,37.6,44
2024-06-23 13:00:00+05:30,38.6,40
2024-06-23 14:00:00+05:30,39.0,38
2024-06-23 15:00:00+05:30,39.3,36
2024-06-23 16:00:00+05:30,37.8,39
2024-06-23 17:00:00+05:30,37.2,40
2024-06-23 18:00:00+05:30,37.0,40
2024-06-23 19:00:00+05:30,36.0,43
2024-06-23 20:00:00+05:30,35.3,45
2024-06-23 21:00:00+05:30,34.5,48
2024-06-23 22:00:00+05:30,33.9,51
2024-06-23 23:00:00+05:30,33.3,54
2024-06-24 00:00:00+05:30,32.8,57
2024-06-24 01:00:00+05:30,32.2,59
2024-06-24 02:00:00+05:30,31.7,61
2024-06-24 03:00:00+05:30,31.2,63
2024-06-24 04:00:00+05:30,30.8,65
2024-06-24 05:00:00+05:30,30.5,66
2024-06-24 06:00:00+05:30,32.1,63
2024-06-24 07:00:00+05:30,33.5,58
2024-06-24 08:00:00+05:30,33.0,61
2024-06-24 09:00:00+05:30,32.9,60
2024-06-24 10:00:00+05:30,33.5,57
2024-06-24 11:00:00+05:30,34.8,53
2024-06-24 12:00:00+05:30,37.3,44
2024-06-24 13:00:00+05:30,38.4,40
2024-06-24 14:00:00+05:30,39.2,36
2024-06-24 15:00:00+05:30,39.5,34
2024-06-24 16:00:00+05:30,39.7,34
2024-06-24 17:00:00+05:30,36.9,41
2024-06-24 18:00:00+05:30,33.5,55
2024-06-24 19:00:00+05:30,32.7,58
2024-06-24 20:00:00+05:30,32.4,60
2024-06-24 21:00:00+05:30,32.1,61
2024-06-24 22:00:00+05:30,31.8,63
2024-06-24 23:00:00+05:30,31.6,64
2024-06-25 00:00:00+05:30,31.1,67
2024-06-25 01:00:00+05:30,30.8,69
2024-06-25 02:00:00+05:30,30.3,72
2024-06-25 03:00:00+05:30,30.0,74
2024-06-25 04:00:00+05:30,29.8,76
2024-06-25 05:00:00+05:30,29.6,77
2024-06-25 06:00:00+05:30,30.1,78
2024-06-25 07:00:00+05:30,31.2,74
2024-06-25 08:00:00+05:30,32.5,68
2024-06-25 09:00:00+05:30,33.8,62
2024-06-25 10:00:00+05:30,33.4,61
2024-06-25 11:00:00+05:30,32.1,66
2024-06-25 12:00:00+05:30,33.5,60
2024-06-25 13:00:00+05:30,35.0,54
2024-06-25 14:00:00+05:30,36.4,50
2024-06-25 15:00:00+05:30,36.7,49
2024-06-25 16:00:00+05:30,36.9,48
2024-06-25 17:00:00+05:30,36.3,49
2024-06-25 18:00:00+05:30,36.8,44
2024-06-25 19:00:00+05:30,35.7,48
2024-06-25 20:00:00+05:30,34.9,53
2024-06-25 21:00:00+05:30,33.9,57
2024-06-25 22:00:00+05:30,33.3,60
2024-06-25 23:00:00+05:30,32.8,62
2024-06-26 00:00:00+05:30,32.4,64
2024-06-26 01:00:00+05:30,32.0,66
2024-06-26 02:00:00+05:30,30.8,73
2024-06-26 03:00:00+05:30,28.0,85
2024-06-26 04:00:00+05:30,28.3,85
2024-06-26 05:00:00+05:30,26.7,90
2024-06-26 06:00:00+05:30,29.1,88
2024-06-26 07:00:00+05:30,29.9,84
2024-06-26 08:00:00+05:30,29.3,82
2024-06-26 09:00:00+05:30,28.7,84
2024-06-26 10:00:00+05:30,28.9,85
2024-06-26 11:00:00+05:30,30.6,76
2024-06-26 12:00:00+05:30,32.5,67
2024-06-26 13:00:00+05:30,33.2,63
2024-06-26 14:00:00+05:30,34.2,58
2024-06-26 15:00:00+05:30,34.0,59
2024-06-26 16:00:00+05:30,34.3,58
2024-06-26 17:00:00+05:30,34.0,58
2024-06-26 18:00:00+05:30,32.7,63
2024-06-26 19:00:00+05:30,32.1,65
2024-06-26 20:00:00+05:30,31.5,67
2024-06-26 21:00:00+05:30,31.3,69
2024-06-26 22:00:00+05:30,30.8,71
2024-06-26 23:00:00+05:30,30.5,74
2024-06-27 00:00:00+05:30,30.0,76
2024-06-27 01:00:00+05:30,29.5,78
2024-06-27 02:00:00+05:30,26.8,90
2024-06-27 03:00:00+05:30,26.5,94
2024-06-27 04:00:00+05:30,25.8,95
2024-06-27 05:00:00+05:30,25.8,95
2024-06-27 06:00:00+05:30,26.8,92
2024-06-27 07:00:00+05:30,27.2,88
2024-06-27 08:00:00+05:30,27.0,88
2024-06-27 09:00:00+05:30,28.0,85
2024-06-27 10:00:00+05:30,27.8,90
2024-06-27 11:00:00+05:30,28.9,85
2024-06-27 12:00:00+05:30,30.0,77
2024-06-27 13:00:00+05:30,29.0,82
2024-06-27 14:00:00+05:30,29.2,84
2024-06-27 15:00:00+05:30,29.1,83
2024-06-27 16:00:00+05:30,28.9,84
2024-06-27 17:00:00+05:30,29.5,79
2024-06-27 18:00:00+05:30,30.7,70
2024-06-27 19:00:00+05:30,30.0,74
2024-06-27 20:00:00+05:30,29.4,78
2024-06-27 21:00:00+05:30,28.9,81
2024-06-27 22:00:00+05:30,28.6,83
2024-06-27 23:00:00+05:30,28.2,86
2024-06-28 00:00:00+05:30,27.9,88
2024-06-28 01:00:00+05:30,27.8,88
2024-06-28 02:00:00+05:30,27.7,89
2024-06-28 03:00:00+05:30,25.6,96
2024-06-28 04:00:00+05:30,26.0,94
2024-06-28 05:00:00+05:30,26.0,96
2024-06-28 06:00:00+05:30,25.9,95
2024-06-28 07:00:00+05:30,25.9,96
2024-06-28 08:00:00+05:30,25.9,96
2024-06-28 09:00:00+05:30,25.9,95
2024-06-28 10:00:00+05:30,26.4,93
2024-06-28 11:00:00+05:30,27.2,87
2024-06-28 12:00:00+05:30,28.2,82
2024-06-28 13:00:00+05:30,28.4,81
2024-06-28 14:00:00+05:30,29.4,75
2024-06-28 15:00:00+05:30,29.9,73
2024-06-28 16:00:00+05:30,30.3,72
2024-06-28 17:00:00+05:30,30.5,70
2024-06-28 18:00:00+05:30,30.8,70
2024-06-28 19:00:00+05:30,29.8,75
2024-06-28 20:00:00+05:30,29.0,80
2024-06-28 21:00:00+05:30,28.7,82
2024-06-28 22:00:00+05:30,28.3,84
2024-06-28 23:00:00+05:30,28.0,85
2024-06-29 00:00:00+05:30,27.7,87
2024-06-29 01:00:00+05:30,27.3,89
2024-06-29 02:00:00+05:30,26.9,92
2024-06-29 03:00:00+05:30,26.7,92
2024-06-29 04:00:00+05:30,26.6,93
2024-06-29 05:00:00+05:30,26.5,93
2024-06-29 06:00:00+05:30,27.3,91
2024-06-29 07:00:00+05:30,27.1,90
2024-06-29 08:00:00+05:30,28.2,85
2024-06-29 09:00:00+05:30,29.8,78
2024-06-29 10:00:00+05:30,31.5,72
2024-06-29 11:00:00+05:30,32.6,68
2024-06-29 12:00:00+05:30,32.7,66
2024-06-29 13:00:00+05:30,33.1,65
2024-06-29 14:00:00+05:30,31.9,70
2024-06-29 15:00:00+05:30,29.5,80
2024-06-29 16:00:00+05:30,30.2,78
2024-06-29 17:00:00+05:30,30.5,76
2024-06-29 18:00:00+05:30,31.7,67
2024-06-29 19:00:00+05:30,30.7,76
2024-06-29 20:00:00+05:30,30.3,75
2024-06-29 21:00:00+05:30,29.9,76
2024-06-29 22:00:00+05:30,29.7,77
2024-06-29 23:00:00+05:30,29.3,79
2024-06-30 00:00:00+05:30,29.0,80
2024-06-30 01:00:00+05:30,28.9,80
2024-06-30 02:00:00+05:30,28.7,84
2024-06-30 03:00:00+05:30,28.3,84
2024-06-30 04:00:00+05:30,27.4,92
2024-06-30 05:00:00+05:30,26.6,96
2024-06-30 06:00:00+05:30,26.7,91
2024-06-30 07:00:00+05:30,27.7,87
2024-06-30 08:00:00+05:30,29.0,82
2024-06-30 09:00:00+05:30,30.8,73
2024-06-30 10:00:00+05:30,31.4,73
2024-06-30 11:00:00+05:30,32.6,69
2024-06-30 12:00:00+05:30,33.0,67
2024-06-30 13:00:00+05:30,33.4,66
2024-06-30 14:00:00+05:30,34.0,63
2024-06-30 15:00:00+05:30,34.5,60
2024-06-30 16:00:00+05:30,34.9,58
2024-06-30 17:00:00+05:30,34.7,58
2024-06-30 18:00:00+05:30,33.5,62
2024-06-30 19:00:00+05:30,32.3,69
2024-06-30 20:00:00+05:30,31.6,72
2024-06-30 21:00:00+05:30,31.0,75
2024-06-30 22:00:00+05:30,30.5,76
2024-06-30 23:00:00+05:30,27.4,87
2024-07-01 00:00:00+05:30,26.6,91
2024-07-01 01:00:00+05:30,26.5,91
2024-07-01 02:00:00+05:30,26.0,95
2024-07-01 03:00:00+05:30,26.0,94
2024-07-01 04:00:00+05:30,25.8,96
2024-07-01 05:00:00+05:30,25.7,97
2024-07-01 06:00:00+05:30,28.0,88
2024-07-01 07:00:00+05:30,28.8,84
2024-07-01 08:00:00+05:30,29.9,78
2024-07-01 09:00:00+05:30,31.2,73
2024-07-01 10:00:00+05:30,32.2,70
2024-07-01 11:00:00+05:30,33.3,67
2024-07-01 12:00:00+05:30,33.1,67
2024-07-01 13:00:00+05:30,32.5,70
2024-07-01 14:00:00+05:30,33.6,68
2024-07-01 15:00:00+05:30,34.8,62
2024-07-01 16:00:00+05:30,34.2,64
2024-07-01 17:00:00+05:30,33.9,65
2024-07-01 18:00:00+05:30,32.6,66
2024-07-01 19:00:00+05:30,31.2,74
2024-07-01 20:00:00+05:30,30.6,82
2024-07-01 21:00:00+05:30,30.4,77
2024-07-01 22:00:00+05:30,30.1,79
2024-07-01 23:00:00+05:30,29.6,82
2024-07-02 00:00:00+05:30,27.8,92
2024-07-02 01:00:00+05:30,27.6,93
2024-07-02 02:00:00+05:30,26.8,94
2024-07-02 03:00:00+05:30,26.4,95
2024-07-02 04:00:00+05:30,26.4,95
2024-07-02 05:00:00+05:30,26.4,95
2024-07-02 06:00:00+05:30,27.9,93
2024-07-02 07:00:00+05:30,28.5,88
2024-07-02 08:00:00+05:30,29.4,82
2024-07-02 09:00:00+05:30,27.8,91
2024-07-02 10:00:00+05:30,27.8,91
2024-07-02 11:00:00+05:30,28.7,88
2024-07-02 12:00:00+05:30,29.9,83
2024-07-02 13:00:00+05:30,31.6,77
2024-07-02 14:00:00+05:30,32.4,74
2024-07-02 15:00:00+05:30,33.0,71
2024-07-02 16:00:00+05:30,33.8,68
2024-07-02 17:00:00+05:30,33.6,68
2024-07-02 18:00:00+05:30,29.5,84
2024-07-02 19:00:00+05:30,29.3,86
2024-07-02 20:00:00+05:30,28.9,88
2024-07-02 21:00:00+05:30,28.5,89
2024-07-02 22:00:00+05:30,28.1,90
2024-07-02 23:00:00+05:30,27.8,93
2024-07-03 00:00:00+05:30,27.2,95
2024-07-03 01:00:00+05:30,26.5,96
2024-07-03 02:00:00+05:30,26.3,96
2024-07-03 03:00:00+05:30,26.1,96
2024-07-03 04:00:00+05:30,26.0,96
2024-07-03 05:00:00+05:30,25.9,97
2024-07-03 06:00:00+05:30,28.8,86
2024-07-03 07:00:00+05:30,29.5,82
2024-07-03 08:00:00+05:30,30.6,77
2024-07-03 09:00:00+05:30,31.9,72
2024-07-03 10:00:00+05:30,32.1,72
2024-07-03 11:00:00+05:30,31.6,74
2024-07-03 12:00:00+05:30,32.4,72
2024-07-03 13:00:00+05:30,32.5,72
2024-07-03 14:00:00+05:30,33.1,71
2024-07-03 15:00:00+05:30,32.7,71
2024-07-03 16:00:00+05:30,33.1,70
2024-07-03 17:00:00+05:30,32.6,71
2024-07-03 18:00:00+05:30,28.4,85
2024-07-03 19:00:00+05:30,28.0,87
2024-07-03 20:00:00+05:30,27.6,90
2024-07-03 21:00:00+05:30,27.5,92
2024-07-03 22:00:00+05:30,27.1,95
2024-07-03 23:00:00+05:30,27.0,95
2024-07-04 00:00:00+05:30,26.8,96
2024-07-04 01:00:00+05:30,26.3,97
2024-07-04 02:00:00+05:30,26.1,96
2024-07-04 03:00:00+05:30,25.9,95
2024-07-04 04:00:00+05:30,25.8,95
2024-07-04 05:00:00+05:30,25.8,95
2024-07-04 06:00:00+05:30,25.6,94
2024-07-04 07:00:00+05:30,25.8,94
2024-07-04 08:00:00+05:30,26.0,93
2024-07-04 09:00:00+05:30,26.5,91
2024-07-04 10:00:00+05:30,28.5,79
2024-07-04 11:00:00+05:30,28.9,78
2024-07-04 12:00:00+05:30,30.2,72
2024-07-04 13:00:00+05:30,31.5,67
2024-07-04 14:00:00+05:30,31.3,67
2024-07-04 15:00:00+05:30,31.5,65
2024-07-04 16:00:00+05:30,31.8,65
2024-07-04 17:00:00+05:30,31.8,65
2024-07-04 18:00:00+05:30,30.1,72
2024-07-04 19:00:00+05:30,29.3,77
2024-07-04 20:00:00+05:30,28.5,82
2024-07-04 21:00:00+05:30,28.0,84
2024-07-04 22:00:00+05:30,27.5,85
2024-07-04 23:00:00+05:30,27.1,87
2024-07-05 00:00:00+05:30,27.0,91
2024-07-05 01:00:00+05:30,26.9,89
2024-07-05 02:00:00+05:30,26.6,91
2024-07-05 03:00:00+05:30,26.5,92
2024-07-05 04:00:00+05:30,26.4,94
2024-07-05 05:00:00+05:30,26.4,93
2024-07-05 06:00:00+05:30,26.6,92
2024-07-05 07:00:00+05:30,27.2,89
2024-07-05 08:00:00+05:30,27.6,86
2024-07-05 09:00:00+05:30,27.3,88
2024-07-05 10:00:00+05:30,27.0,89
2024-07-05 11:00:00+05:30,28.6,81
2024-07-05 12:00:00+05:30,29.2,78
2024-07-05 13:00:00+05:30,30.1,75
2024-07-05 14:00:00+05:30,29.7,78
2024-07-05 15:00:00+05:30,30.1,75
2024-07-05 16:00:00+05:30,29.1,80
2024-07-05 17:00:00+05:30,29.1,81
2024-07-05 18:00:00+05:30,28.6,79
2024-07-05 19:00:00+05:30,27.6,82
2024-07-05 20:00:00+05:30,27.0,84
2024-07-05 21:00:00+05:30,26.5,87
2024-07-05 22:00:00+05:30,26.5,87
2024-07-05 23:00:00+05:30,26.5,88
2024-07-06 00:00:00+05:30,26.4,89
2024-07-06 01:00:00+05:30,26.3,90
2024-07-06 02:00:00+05:30,26.1,91
2024-07-06 03:00:00+05:30,26.0,92
2024-07-06 04:00:00+05:30,26.1,92
2024-07-06 05:00:00+05:30,26.2,91
2024-07-06 06:00:00+05:30,26.7,92
2024-07-06 07:00:00+05:30,27.2,90
2024-07-06 08:00:00+05:30,28.4,84
2024-07-06 09:00:00+05:30,29.3,80
2024-07-06 10:00:00+05:30,30.5,73
2024-07-06 11:00:00+05:30,31.2,71
2024-07-06 12:00:00+05:30,31.3,69
2024-07-06 13:00:00+05:30,32.9,62
2024-07-06 14:00:00+05:30,33.0,61
2024-07-06 15:00:00+05:30,32.2,66
2024-07-06 16:00:00+05:30,31.1,72
2024-07-06 17:00:00+05:30,30.9,72
2024-07-06 18:00:00+05:30,29.0,76
2024-07-06 19:00:00+05:30,27.5,82
2024-07-06 20:00:00+05:30,26.9,85
2024-07-06 21:00:00+05:30,26.4,87
2024-07-06 22:00:00+05:30,26.2,89
2024-07-06 23:00:00+05:30,26.2,90
2024-07-07 00:00:00+05:30,25.9,92
2024-07-07 01:00:00+05:30,26.1,92
2024-07-07 02:00:00+05:30,26.1,92
2024-07-07 03:00:00+05:30,26.2,92
2024-07-07 04:00:00+05:30,25.8,94
2024-07-07 05:00:00+05:30,25.7,95
2024-07-07 06:00:00+05:30,25.7,87
2024-07-07 07:00:00+05:30,26.8,82
2024-07-07 08:00:00+05:30,27.9,79
2024-07-07 09:00:00+05:30,29.4,74
2024-07-07 10:00:00+05:30,30.7,70
2024-07-07 11:00:00+05:30,32.1,65
2024-07-07 12:00:00+05:30,32.9,61
2024-07-07 13:00:00+05:30,33.3,56
2024-07-07 14:00:00+05:30,33.5,55
2024-07-07 15:00:00+05:30,33.3,56
2024-07-07 16:00:00+05:30,32.8,58
2024-07-07 17:00:00+05:30,31.8,64
2024-07-07 18:00:00+05:30,28.2,72
2024-07-07 19:00:00+05:30,27.6,74
2024-07-07 20:00:00+05:30,27.2,77
2024-07-07 21:00:00+05:30,26.9,79
2024-07-07 22:00:00+05:30,26.7,81
2024-07-07 23:00:00+05:30,26.3,84
2024-07-08 00:00:00+05:30,26.0,86
2024-07-08 01:00:00+05:30,25.7,89
2024-07-08 02:00:00+05:30,25.4,91
2024-07-08 03:00:00+05:30,25.4,91
2024-07-08 04:00:00+05:30,25.6,90
2024-07-08 05:00:00+05:30,25.7,90
2024-07-08 06:00:00+05:30,26.0,89
2024-07-08 07:00:00+05:30,27.0,87
2024-07-08 08:00:00+05:30,28.0,82
2024-07-08 09:00:00+05:30,29.4,75
2024-07-08 10:00:00+05:30,30.8,69
2024-07-08 11:00:00+05:30,32.1,63
2024-07-08 12:00:00+05:30,32.9,59
2024-07-08 13:00:00+05:30,33.0,58
2024-07-08 14:00:00+05:30,33.1,58
2024-07-08 15:00:00+05:30,32.7,60
2024-07-08 16:00:00+05:30,32.6,61
2024-07-08 17:00:00+05:30,32.4,61
2024-07-08 18:00:00+05:30,29.8,68
2024-07-08 19:00:00+05:30,28.5,77
2024-07-08 20:00:00+05:30,28.0,82
2024-07-08 21:00:00+05:30,27.9,84
2024-07-08 22:00:00+05:30,27.8,84
2024-07-08 23:00:00+05:30,27.5,85
2024-07-09 00:00:00+05:30,27.1,86
2024-07-09 01:00:00+05:30,26.8,88
2024-07-09 02:00:00+05:30,26.6,88
2024-07-09 03:00:00+05:30,26.4,90
2024-07-09 04:00:00+05:30,26.2,91
2024-07-09 05:00:00+05:30,26.1,92
2024-07-09 06:00:00+05:30,27.7,86
2024-07-09 07:00:00+05:30,28.8,82
2024-07-09 08:00:00+05:30,30.3,78
2024-07-09 09:00:00+05:30,29.9,80
2024-07-09 10:00:00+05:30,30.9,77
2024-07-09 11:00:00+05:30,30.4,79
2024-07-09 12:00:00+05:30,30.1,82
2024-07-09 13:00:00+05:30,31.0,75
2024-07-09 14:00:00+05:30,31.8,72
2024-07-09 15:00:00+05:30,32.4,69
2024-07-09 16:00:00+05:30,32.9,68
2024-07-09 17:00:00+05:30,32.8,67
2024-07-09 18:00:00+05:30,31.9,70
2024-07-09 19:00:00+05:30,30.7,76
2024-07-09 20:00:00+05:30,30.1,79
2024-07-09 21:00:00+05:30,29.6,82
2024-07-09 22:00:00+05:30,29.4,83
2024-07-09 23:00:00+05:30,29.0,85
2024-07-10 00:00:00+05:30,28.6,87
2024-07-10 01:00:00+05:30,28.3,91
2024-07-10 02:00:00+05:30,28.1,92
2024-07-10 03:00:00+05:30,27.9,92
2024-07-10 04:00:00+05:30,27.4,94
2024-07-10 05:00:00+05:30,26.4,96
2024-07-10 06:00:00+05:30,27.7,88
2024-07-10 07:00:00+05:30,27.8,88
2024-07-10 08:00:00+05:30,28.7,85
2024-07-10 09:00:00+05:30,30.1,79
2024-07-10 10:00:00+05:30,31.2,74
2024-07-10 11:00:00+05:30,32.4,71
2024-07-10 12:00:00+05:30,33.2,69
2024-07-10 13:00:00+05:30,33.6,67
2024-07-10 14:00:00+05:30,34.0,66
2024-07-10 15:00:00+05:30,34.4,64
2024-07-10 16:00:00+05:30,34.3,63
2024-07-10 17:00:00+05:30,33.9,63
2024-07-10 18:00:00+05:30,33.0,71
2024-07-10 19:00:00+05:30,31.7,81
2024-07-10 20:00:00+05:30,31.3,78
2024-07-10 21:00:00+05:30,30.1,81
2024-07-10 22:00:00+05:30,27.8,90
2024-07-10 23:00:00+05:30,27.5,90
2024-07-11 00:00:00+05:30,27.6,90
2024-07-11 01:00:00+05:30,27.7,90
2024-07-11 02:00:00+05:30,27.7,91
2024-07-11 03:00:00+05:30,27.7,91
2024-07-11 04:00:00+05:30,27.7,93
2024-07-11 05:00:00+05:30,26.8,95
2024-07-11 06:00:00+05:30,26.4,95
2024-07-11 07:00:00+05:30,26.9,93
2024-07-11 08:00:00+05:30,28.7,85
2024-07-11 09:00:00+05:30,31.0,78
2024-07-11 10:00:00+05:30,32.7,72
2024-07-11 11:00:00+05:30,34.1,68
2024-07-11 12:00:00+05:30,35.5,61
2024-07-11 13:00:00+05:30,35.9,60
2024-07-11 14:00:00+05:30,36.0,58
2024-07-11 15:00:00+05:30,36.1,57
2024-07-11 16:00:00+05:30,36.2,56
2024-07-11 17:00:00+05:30,35.7,57
2024-07-11 18:00:00+05:30,34.5,66
2024-07-11 19:00:00+05:30,33.2,70
2024-07-11 20:00:00+05:30,31.8,79
2024-07-11 21:00:00+05:30,28.9,81
2024-07-11 22:00:00+05:30,28.1,82
2024-07-11 23:00:00+05:30,27.9,86
2024-07-12 00:00:00+05:30,27.9,87
2024-07-12 01:00:00+05:30,28.0,86
2024-07-12 02:00:00+05:30,28.2,85
2024-07-12 03:00:00+05:30,28.3,82
2024-07-12 04:00:00+05:30,28.3,80
2024-07-12 05:00:00+05:30,28.3,78
2024-07-12 06:00:00+05:30,27.0,80
2024-07-12 07:00:00+05:30,27.8,80
2024-07-12 08:00:00+05:30,29.4,74
2024-07-12 09:00:00+05:30,30.6,70
2024-07-12 10:00:00+05:30,32.1,67
2024-07-12 11:00:00+05:30,33.3,65
2024-07-12 12:00:00+05:30,34.2,62
2024-07-12 13:00:00+05:30,34.4,61
2024-07-12 14:00:00+05:30,35.4,59
2024-07-12 15:00:00+05:30,35.5,57
2024-07-12 16:00:00+05:30,35.3,56
2024-07-12 17:00:00+05:30,29.5,80
2024-07-12 18:00:00+05:30,31.9,68
2024-07-12 19:00:00+05:30,30.7,73
2024-07-12 20:00:00+05:30,30.2,76
2024-07-12 21:00:00+05:30,29.3,85
2024-07-12 22:00:00+05:30,29.0,84
2024-07-12 23:00:00+05:30,28.5,87
2024-07-13 00:00:00+05:30,27.9,92
2024-07-13 01:00:00+05:30,27.7,92
2024-07-13 02:00:00+05:30,27.5,93
2024-07-13 03:00:00+05:30,27.2,95
2024-07-13 04:00:00+05:30,26.9,96
2024-07-13 05:00:00+05:30,26.8,96
2024-07-13 06:00:00+05:30,25.2,93
2024-07-13 07:00:00+05:30,25.5,93
2024-07-13 08:00:00+05:30,27.6,86
2024-07-13 09:00:00+05:30,29.7,79
2024-07-13 10:00:00+05:30,31.8,68
2024-07-13 11:00:00+05:30,33.1,61
2024-07-13 12:00:00+05:30,33.8,58
2024-07-13 13:00:00+05:30,34.3,57
2024-07-13 14:00:00+05:30,34.3,56
2024-07-13 15:00:00+05:30,34.1,58
2024-07-13 16:00:00+05:30,34.0,58
2024-07-13 17:00:00+05:30,33.6,59
2024-07-13 18:00:00+05:30,31.0,74
2024-07-13 19:00:00+05:30,29.9,82
2024-07-13 20:00:00+05:30,29.4,85
2024-07-13 21:00:00+05:30,29.2,86
2024-07-13 22:00:00+05:30,28.8,88
2024-07-13 23:00:00+05:30,28.4,91
2024-07-14 00:00:00+05:30,28.0,93
2024-07-14 01:00:00+05:30,27.7,95
2024-07-14 02:00:00+05:30,27.9,93
2024-07-14 03:00:00+05:30,27.7,94
2024-07-14 04:00:00+05:30,27.1,98
2024-07-14 05:00:00+05:30,26.8,98
2024-07-14 06:00:00+05:30,28.7,87
2024-07-14 07:00:00+05:30,29.9,82
2024-07-14 08:00:00+05:30,30.9,75
2024-07-14 09:00:00+05:30,32.1,70
2024-07-14 10:00:00+05:30,33.0,63
2024-07-14 11:00:00+05:30,33.5,60
2024-07-14 12:00:00+05:30,34.0,60
2024-07-14 13:00:00+05:30,34.3,59
2024-07-14 14:00:00+05:30,34.5,58
2024-07-14 15:00:00+05:30,34.8,56
2024-07-14 16:00:00+05:30,34.8,56
2024-07-14 17:00:00+05:30,34.3,57
2024-07-14 18:00:00+05:30,33.0,63
2024-07-14 19:00:00+05:30,31.7,70
2024-07-14 20:00:00+05:30,31.2,71
2024-07-14 21:00:00+05:30,30.9,72
2024-07-14 22:00:00+05:30,30.4,74
2024-07-14 23:00:00+05:30,30.0,77
2024-07-15 00:00:00+05:30,29.7,79
2024-07-15 01:00:00+05:30,29.3,81
2024-07-15 02:00:00+05:30,28.8,84
2024-07-15 03:00:00+05:30,25.3,92
2024-07-15 04:00:00+05:30,25.7,94
2024-07-15 05:00:00+05:30,25.6,94
2024-07-15 06:00:00+05:30,27.2,86
2024-07-15 07:00:00+05:30,28.3,84
2024-07-15 08:00:00+05:30,29.8,78
2024-07-15 09:00:00+05:30,31.2,73
2024-07-15 10:00:00+05:30,32.1,70
2024-07-15 11:00:00+05:30,32.8,66
2024-07-15 12:00:00+05:30,32.5,65
2024-07-15 13:00:00+05:30,31.8,71
2024-07-15 14:00:00+05:30,32.8,67
2024-07-15 15:00:00+05:30,33.3,65
2024-07-15 16:00:00+05:30,33.3,66
2024-07-15 17:00:00+05:30,32.1,70
2024-07-15 18:00:00+05:30,32.1,68
2024-07-15 19:00:00+05:30,31.0,73
2024-07-15 20:00:00+05:30,30.5,76
2024-07-15 21:00:00+05:30,29.8,80
2024-07-15 22:00:00+05:30,29.4,81
2024-07-15 23:00:00+05:30,29.0,83
2024-07-16 00:00:00+05:30,28.9,84
2024-07-16 01:00:00+05:30,28.7,85
2024-07-16 02:00:00+05:30,27.0,95
2024-07-16 03:00:00+05:30,26.5,94
2024-07-16 04:00:00+05:30,25.6,99
2024-07-16 05:00:00+05:30,25.8,97
2024-07-16 06:00:00+05:30,27.7,92
2024-07-16 07:00:00+05:30,29.3,86
2024-07-16 08:00:00+05:30,30.7,80
2024-07-16 09:00:00+05:30,31.8,74
2024-07-16 10:00:00+05:30,33.0,70
2024-07-16 11:00:00+05:30,33.8,66
2024-07-16 12:00:00+05:30,34.4,63
2024-07-16 13:00:00+05:30,34.2,64
2024-07-16 14:00:00+05:30,34.1,64
2024-07-16 15:00:00+05:30,34.3,62
2024-07-16 16:00:00+05:30,34.3,61
2024-07-16 17:00:00+05:30,33.6,64
2024-07-16 18:00:00+05:30,32.9,69
2024-07-16 19:00:00+05:30,31.7,73
2024-07-16 20:00:00+05:30,31.0,77
2024-07-16 21:00:00+05:30,30.6,79
2024-07-16 22:00:00+05:30,30.4,79
2024-07-16 23:00:00+05:30,30.1,81
2024-07-17 00:00:00+05:30,29.5,83
2024-07-17 01:00:00+05:30,29.1,85
2024-07-17 02:00:00+05:30,29.1,85
2024-07-17 03:00:00+05:30,28.7,86
2024-07-17 04:00:00+05:30,28.4,87
2024-07-17 05:00:00+05:30,28.2,88
2024-07-17 06:00:00+05:30,29.1,84
2024-07-17 07:00:00+05:30,29.9,82
2024-07-17 08:00:00+05:30,30.9,78
2024-07-17 09:00:00+05:30,31.9,74
2024-07-17 10:00:00+05:30,32.8,71
2024-07-17 11:00:00+05:30,33.6,66
2024-07-17 12:00:00+05:30,34.1,64
2024-07-17 13:00:00+05:30,34.4,63
2024-07-17 14:00:00+05:30,34.5,63
2024-07-17 15:00:00+05:30,34.7,61
2024-07-17 16:00:00+05:30,34.5,61
2024-07-17 17:00:00+05:30,34.1,63
2024-07-17 18:00:00+05:30,32.3,69
2024-07-17 19:00:00+05:30,31.3,74
2024-07-17 20:00:00+05:30,30.7,77
2024-07-17 21:00:00+05:30,30.5,78
2024-07-17 22:00:00+05:30,30.1,79
2024-07-17 23:00:00+05:30,29.9,81
2024-07-18 00:00:00+05:30,29.7,82
2024-07-18 01:00:00+05:30,28.8,86
2024-07-18 02:00:00+05:30,28.0,88
2024-07-18 03:00:00+05:30,27.6,91
2024-07-18 04:00:00+05:30,27.6,93
2024-07-18 05:00:00+05:30,27.5,94
2024-07-18 06:00:00+05:30,29.6,83
2024-07-18 07:00:00+05:30,30.6,80
2024-07-18 08:00:00+05:30,31.7,76
2024-07-18 09:00:00+05:30,32.7,71
2024-07-18 10:00:00+05:30,33.6,67
2024-07-18 11:00:00+05:30,34.2,64
2024-07-18 12:00:00+05:30,34.8,61
2024-07-18 13:00:00+05:30,33.5,69
2024-07-18 14:00:00+05:30,33.9,66
2024-07-18 15:00:00+05:30,34.5,63
2024-07-18 16:00:00+05:30,34.4,62
2024-07-18 17:00:00+05:30,33.9,64
2024-07-18 18:00:00+05:30,32.0,72
2024-07-18 19:00:00+05:30,30.6,80
2024-07-18 20:00:00+05:30,30.1,83
2024-07-18 21:00:00+05:30,29.6,86
2024-07-18 22:00:00+05:30,29.2,89
2024-07-18 23:00:00+05:30,28.9,90
2024-07-19 00:00:00+05:30,28.7,90
2024-07-19 01:00:00+05:30,28.3,94
2024-07-19 02:00:00+05:30,28.1,94
2024-07-19 03:00:00+05:30,27.9,95
2024-07-19 04:00:00+05:30,27.7,95
2024-07-19 05:00:00+05:30,27.2,92
2024-07-19 06:00:00+05:30,27.6,90
2024-07-19 07:00:00+05:30,28.4,86
2024-07-19 08:00:00+05:30,29.4,83
2024-07-19 09:00:00+05:30,30.5,78
2024-07-19 10:00:00+05:30,31.4,74
2024-07-19 11:00:00+05:30,32.6,68
2024-07-19 12:00:00+05:30,33.4,65
2024-07-19 13:00:00+05:30,34.1,62
2024-07-19 14:00:00+05:30,34.5,60
2024-07-19 15:00:00+05:30,34.6,59
2024-07-19 16:00:00+05:30,34.4,60
2024-07-19 17:00:00+05:30,34.0,61
2024-07-19 18:00:00+05:30,31.7,71
2024-07-19 19:00:00+05:30,30.8,75
2024-07-19 20:00:00+05:30,30.3,76
2024-07-19 21:00:00+05:30,29.8,78
2024-07-19 22:00:00+05:30,29.3,80
2024-07-19 23:00:00+05:30,28.9,83
2024-07-20 00:00:00+05:30,28.4,86
2024-07-20 01:00:00+05:30,27.9,89
2024-07-20 02:00:00+05:30,27.6,90
2024-07-20 03:00:00+05:30,27.4,90
2024-07-20 04:00:00+05:30,27.2,91
2024-07-20 05:00:00+05:30,27.1,92
2024-07-20 06:00:00+05:30,28.3,87
2024-07-20 07:00:00+05:30,28.9,85
2024-07-20 08:00:00+05:30,30.0,80
2024-07-20 09:00:00+05:30,31.1,75
2024-07-20 10:00:00+05:30,32.0,70
2024-07-20 11:00:00+05:30,33.4,64
2024-07-20 12:00:00+05:30,34.3,60
2024-07-20 13:00:00+05:30,34.8,58
2024-07-20 14:00:00+05:30,35.1,56
2024-07-20 15:00:00+05:30,35.1,57
2024-07-20 16:00:00+05:30,35.0,58
2024-07-20 17:00:00+05:30,34.7,59
2024-07-20 18:00:00+05:30,33.4,67
2024-07-20 19:00:00+05:30,32.1,72
2024-07-20 20:00:00+05:30,31.5,75
2024-07-20 21:00:00+05:30,30.8,77
2024-07-20 22:00:00+05:30,30.1,81
2024-07-20 23:00:00+05:30,29.7,83
2024-07-21 00:00:00+05:30,29.4,85
2024-07-21 01:00:00+05:30,29.1,87
2024-07-21 02:00:00+05:30,28.9,88
2024-07-21 03:00:00+05:30,28.8,89
2024-07-21 04:00:00+05:30,28.3,92
2024-07-21 05:00:00+05:30,27.2,93
2024-07-21 06:00:00+05:30,28.2,91
2024-07-21 07:00:00+05:30,29.2,87
2024-07-21 08:00:00+05:30,30.5,81
2024-07-21 09:00:00+05:30,32.0,75
2024-07-21 10:00:00+05:30,33.1,71
2024-07-21 11:00:00+05:30,32.4,69
2024-07-21 12:00:00+05:30,32.3,72
2024-07-21 13:00:00+05:30,33.8,68
2024-07-21 14:00:00+05:30,34.7,64
2024-07-21 15:00:00+05:30,34.9,62
2024-07-21 16:00:00+05:30,34.8,62
2024-07-21 17:00:00+05:30,34.3,63
2024-07-21 18:00:00+05:30,32.6,70
2024-07-21 19:00:00+05:30,31.7,74
2024-07-21 20:00:00+05:30,31.2,76
2024-07-21 21:00:00+05:30,30.8,79
2024-07-21 22:00:00+05:30,30.6,80
2024-07-21 23:00:00+05:30,30.3,81
2024-07-22 00:00:00+05:30,28.9,88
2024-07-22 01:00:00+05:30,28.6,91
2024-07-22 02:00:00+05:30,28.5,91
2024-07-22 03:00:00+05:30,28.4,92
2024-07-22 04:00:00+05:30,28.3,92
2024-07-22 05:00:00+05:30,27.9,94
2024-07-22 06:00:00+05:30,29.2,85
2024-07-22 07:00:00+05:30,30.1,82
2024-07-22 08:00:00+05:30,30.9,79
2024-07-22 09:00:00+05:30,32.0,74
2024-07-22 10:00:00+05:30,32.9,71
2024-07-22 11:00:00+05:30,34.1,65
2024-07-22 12:00:00+05:30,34.5,61
2024-07-22 13:00:00+05:30,34.6,61
2024-07-22 14:00:00+05:30,34.8,61
2024-07-22 15:00:00+05:30,34.9,59
2024-07-22 16:00:00+05:30,34.8,60
2024-07-22 17:00:00+05:30,34.4,61
2024-07-22 18:00:00+05:30,30.5,78
2024-07-22 19:00:00+05:30,29.9,82
2024-07-22 20:00:00+05:30,29.5,84
2024-07-22 21:00:00+05:30,29.3,85
2024-07-22 22:00:00+05:30,29.0,87
2024-07-22 23:00:00+05:30,28.8,88
2024-07-23 00:00:00+05:30,28.7,89
2024-07-23 01:00:00+05:30,28.4,90
2024-07-23 02:00:00+05:30,28.2,91
2024-07-23 03:00:00+05:30,28.0,92
2024-07-23 04:00:00+05:30,27.7,94
2024-07-23 05:00:00+05:30,27.5,94
2024-07-23 06:00:00+05:30,27.9,89
2024-07-23 07:00:00+05:30,27.8,88
2024-07-23 08:00:00+05:30,28.3,86
2024-07-23 09:00:00+05:30,29.7,81
2024-07-23 10:00:00+05:30,31.4,76
2024-07-23 11:00:00+05:30,32.3,73
2024-07-23 12:00:00+05:30,33.4,69
2024-07-23 13:00:00+05:30,34.0,67
2024-07-23 14:00:00+05:30,34.4,64
2024-07-23 15:00:00+05:30,34.7,62
2024-07-23 16:00:00+05:30,34.7,61
2024-07-23 17:00:00+05:30,34.3,61
2024-07-23 18:00:00+05:30,32.8,69
2024-07-23 19:00:00+05:30,31.1,78
2024-07-23 20:00:00+05:30,30.5,82
2024-07-23 21:00:00+05:30,29.9,84
2024-07-23 22:00:00+05:30,29.6,84
2024-07-23 23:00:00+05:30,28.3,89
2024-07-24 00:00:00+05:30,27.9,92
2024-07-24 01:00:00+05:30,27.2,95
2024-07-24 02:00:00+05:30,26.9,95
2024-07-24 03:00:00+05:30,26.6,95
2024-07-24 04:00:00+05:30,26.5,95
2024-07-24 05:00:00+05:30,26.3,96
2024-07-24 06:00:00+05:30,27.2,92
2024-07-24 07:00:00+05:30,27.1,93
2024-07-24 08:00:00+05:30,27.3,92
2024-07-24 09:00:00+05:30,27.3,93
2024-07-24 10:00:00+05:30,27.3,93
2024-07-24 11:00:00+05:30,28.8,86
2024-07-24 12:00:00+05:30,30.5,79
2024-07-24 13:00:00+05:30,31.9,73
2024-07-24 14:00:00+05:30,33.0,68
2024-07-24 15:00:00+05:30,33.5,66
2024-07-24 16:00:00+05:30,33.7,65
2024-07-24 17:00:00+05:30,33.4,66
2024-07-24 18:00:00+05:30,32.0,69
2024-07-24 19:00:00+05:30,30.7,76
2024-07-24 20:00:00+05:30,29.9,81
2024-07-24 21:00:00+05:30,29.5,83
2024-07-24 22:00:00+05:30,29.1,85
2024-07-24 23:00:00+05:30,29.0,84
2024-07-25 00:00:00+05:30,28.6,87
2024-07-25 01:00:00+05:30,28.2,90
2024-07-25 02:00:00+05:30,27.8,92
2024-07-25 03:00:00+05:30,27.5,95
2024-07-25 04:00:00+05:30,27.4,94
2024-07-25 05:00:00+05:30,27.2,95
2024-07-25 06:00:00+05:30,27.6,91
2024-07-25 07:00:00+05:30,28.1,89
2024-07-25 08:00:00+05:30,29.5,84
2024-07-25 09:00:00+05:30,31.0,78
2024-07-25 10:00:00+05:30,32.0,74
2024-07-25 11:00:00+05:30,32.8,71
2024-07-25 12:00:00+05:30,33.5,69
2024-07-25 13:00:00+05:30,34.1,65
2024-07-25 14:00:00+05:30,34.2,63
2024-07-25 15:00:00+05:30,34.5,62
2024-07-25 16:00:00+05:30,34.4,62
2024-07-25 17:00:00+05:30,34.0,62
2024-07-25 18:00:00+05:30,32.6,67
2024-07-25 19:00:00+05:30,31.6,74
2024-07-25 20:00:00+05:30,31.2,79
2024-07-25 21:00:00+05:30,30.6,79
2024-07-25 22:00:00+05:30,30.4,78
2024-07-25 23:00:00+05:30,29.7,80
2024-07-26 00:00:00+05:30,29.2,83
2024-07-26 01:00:00+05:30,28.1,90
2024-07-26 02:00:00+05:30,27.9,92
2024-07-26 03:00:00+05:30,27.7,93
2024-07-26 04:00:00+05:30,27.6,94
2024-07-26 05:00:00+05:30,27.3,96
2024-07-26 06:00:00+05:30,27.7,94
2024-07-26 07:00:00+05:30,27.7,93
2024-07-26 08:00:00+05:30,28.0,93
2024-07-26 09:00:00+05:30,28.2,93
2024-07-26 10:00:00+05:30,29.1,91
2024-07-26 11:00:00+05:30,30.2,84
2024-07-26 12:00:00+05:30,31.8,72
2024-07-26 13:00:00+05:30,32.5,67
2024-07-26 14:00:00+05:30,32.7,66
2024-07-26 15:00:00+05:30,32.8,67
2024-07-26 16:00:00+05:30,32.7,68
2024-07-26 17:00:00+05:30,32.4,70
2024-07-26 18:00:00+05:30,32.7,66
2024-07-26 19:00:00+05:30,31.6,73
2024-07-26 20:00:00+05:30,31.1,75
2024-07-26 21:00:00+05:30,30.7,77
2024-07-26 22:00:00+05:30,29.7,81
2024-07-26 23:00:00+05:30,28.8,85
2024-07-27 00:00:00+05:30,28.6,87
2024-07-27 01:00:00+05:30,28.4,89
2024-07-27 02:00:00+05:30,28.4,90
2024-07-27 03:00:00+05:30,28.4,90
2024-07-27 04:00:00+05:30,28.2,92
2024-07-27 05:00:00+05:30,28.1,91
2024-07-27 06:00:00+05:30,28.9,88
2024-07-27 07:00:00+05:30,29.8,84
2024-07-27 08:00:00+05:30,30.9,79
2024-07-27 09:00:00+05:30,32.1,75
2024-07-27 10:00:00+05:30,33.2,70
2024-07-27 11:00:00+05:30,34.2,64
2024-07-27 12:00:00+05:30,34.2,61
2024-07-27 13:00:00+05:30,31.8,73
2024-07-27 14:00:00+05:30,30.6,79
2024-07-27 15:00:00+05:30,31.4,77
2024-07-27 16:00:00+05:30,31.5,77
2024-07-27 17:00:00+05:30,31.2,78
2024-07-27 18:00:00+05:30,32.5,73
2024-07-27 19:00:00+05:30,31.8,78
2024-07-27 20:00:00+05:30,31.2,82
2024-07-27 21:00:00+05:30,30.5,84
2024-07-27 22:00:00+05:30,29.9,86
2024-07-27 23:00:00+05:30,29.6,88
2024-07-28 00:00:00+05:30,29.3,91
2024-07-28 01:00:00+05:30,29.1,93
2024-07-28 02:00:00+05:30,29.0,92
2024-07-28 03:00:00+05:30,29.1,92
2024-07-28 04:00:00+05:30,29.0,90
2024-07-28 05:00:00+05:30,28.8,89
2024-07-28 06:00:00+05:30,29.3,89
2024-07-28 07:00:00+05:30,30.6,80
2024-07-28 08:00:00+05:30,32.2,74
2024-07-28 09:00:00+05:30,33.6,65
2024-07-28 10:00:00+05:30,34.4,63
2024-07-28 11:00:00+05:30,32.0,74
2024-07-28 12:00:00+05:30,30.7,78
2024-07-28 13:00:00+05:30,32.1,75
2024-07-28 14:00:00+05:30,34.3,66
2024-07-28 15:00:00+05:30,35.3,61
2024-07-28 16:00:00+05:30,35.3,59
2024-07-28 17:00:00+05:30,34.8,60
2024-07-28 18:00:00+05:30,33.6,65
2024-07-28 19:00:00+05:30,32.6,69
2024-07-28 20:00:00+05:30,31.8,73
2024-07-28 21:00:00+05:30,31.1,75
2024-07-28 22:00:00+05:30,30.5,78
2024-07-28 23:00:00+05:30,30.1,80
2024-07-29 00:00:00+05:30,29.6,82
2024-07-29 01:00:00+05:30,29.1,84
2024-07-29 02:00:00+05:30,28.8,86
2024-07-29 03:00:00+05:30,28.5,87
2024-07-29 04:00:00+05:30,28.5,87
2024-07-29 05:00:00+05:30,28.4,88
2024-07-29 06:00:00+05:30,28.9,84
2024-07-29 07:00:00+05:30,30.0,80
2024-07-29 08:00:00+05:30,31.3,75
2024-07-29 09:00:00+05:30,32.6,69
2024-07-29 10:00:00+05:30,33.5,65
2024-07-29 11:00:00+05:30,34.4,63
2024-07-29 12:00:00+05:30,35.2,60
2024-07-29 13:00:00+05:30,35.8,57
2024-07-29 14:00:00+05:30,35.7,57
2024-07-29 15:00:00+05:30,35.2,59
2024-07-29 16:00:00+05:30,34.3,63
2024-07-29 17:00:00+05:30,33.8,64
2024-07-29 18:00:00+05:30,33.9,62
2024-07-29 19:00:00+05:30,32.8,68
2024-07-29 20:00:00+05:30,32.1,71
2024-07-29 21:00:00+05:30,31.6,74
2024-07-29 22:00:00+05:30,31.2,76
2024-07-29 23:00:00+05:30,30.9,77
2024-07-30 00:00:00+05:30,30.8,78
2024-07-30 01:00:00+05:30,30.5,79
2024-07-30 02:00:00+05:30,30.1,80
2024-07-30 03:00:00+05:30,29.6,83
2024-07-30 04:00:00+05:30,29.3,85
2024-07-30 05:00:00+05:30,29.1,86
2024-07-30 06:00:00+05:30,30.2,83
2024-07-30 07:00:00+05:30,31.2,80
2024-07-30 08:00:00+05:30,32.4,75
2024-07-30 09:00:00+05:30,33.8,66
2024-07-30 10:00:00+05:30,35.1,60
2024-07-30 11:00:00+05:30,35.9,57
2024-07-30 12:00:00+05:30,36.2,56
2024-07-30 13:00:00+05:30,36.2,57
2024-07-30 14:00:00+05:30,36.9,54
2024-07-30 15:00:00+05:30,36.8,54
2024-07-30 16:00:00+05:30,36.4,55
2024-07-30 17:00:00+05:30,35.8,56
2024-07-30 18:00:00+05:30,34.5,62
2024-07-30 19:00:00+05:30,33.3,68
2024-07-30 20:00:00+05:30,32.7,72
2024-07-30 21:00:00+05:30,32.1,74
2024-07-30 22:00:00+05:30,31.6,76
2024-07-30 23:00:00+05:30,30.9,79
2024-07-31 00:00:00+05:30,30.1,82
2024-07-31 01:00:00+05:30,29.6,83
2024-07-31 02:00:00+05:30,29.5,83
2024-07-31 03:00:00+05:30,29.0,86
2024-07-31 04:00:00+05:30,28.5,87
2024-07-31 05:00:00+05:30,28.4,87
2024-07-31 06:00:00+05:30,28.3,89
2024-07-31 07:00:00+05:30,28.4,87
2024-07-31 08:00:00+05:30,29.5,82
2024-07-31 09:00:00+05:30,30.5,78
2024-07-31 10:00:00+05:30,32.4,72
2024-07-31 11:00:00+05:30,33.8,67
2024-07-31 12:00:00+05:30,35.1,62
2024-07-31 13:00:00+05:30,36.0,59
2024-07-31 14:00:00+05:30,36.7,56
2024-07-31 15:00:00+05:30,36.9,54
2024-07-31 16:00:00+05:30,36.8,53
2024-07-31 17:00:00+05:30,32.5,72
2024-07-31 18:00:00+05:30,34.1,67
2024-07-31 19:00:00+05:30,29.1,90
2024-07-31 20:00:00+05:30,27.9,95
2024-07-31 21:00:00+05:30,27.2,98
2024-07-31 22:00:00+05:30,26.6,98
2024-07-31 23:00:00+05:30,26.8,97
2024-08-01 00:00:00+05:30,26.7,97
2024-08-01 01:00:00+05:30,27.1,96
2024-08-01 02:00:00+05:30,27.3,96
2024-08-01 03:00:00+05:30,27.2,96
2024-08-01 04:00:00+05:30,26.6,97
2024-08-01 05:00:00+05:30,26.4,97
2024-08-01 06:00:00+05:30,25.7,95
2024-08-01 07:00:00+05:30,26.0,93
2024-08-01 08:00:00+05:30,26.5,92
2024-08-01 09:00:00+05:30,27.5,88
2024-08-01 10:00:00+05:30,28.8,80
2024-08-01 11:00:00+05:30,29.6,76
2024-08-01 12:00:00+05:30,30.1,73
2024-08-01 13:00:00+05:30,31.0,70
2024-08-01 14:00:00+05:30,31.7,69
2024-08-01 15:00:00+05:30,31.6,69
2024-08-01 16:00:00+05:30,31.5,70
2024-08-01 17:00:00+05:30,31.4,69
2024-08-01 18:00:00+05:30,30.6,72
2024-08-01 19:00:00+05:30,29.3,78
2024-08-01 20:00:00+05:30,28.7,80
2024-08-01 21:00:00+05:30,27.9,84
2024-08-01 22:00:00+05:30,27.3,88
2024-08-01 23:00:00+05:30,26.8,93
2024-08-02 00:00:00+05:30,26.8,94
2024-08-02 01:00:00+05:30,26.5,93
2024-08-02 02:00:00+05:30,26.3,95
2024-08-02 03:00:00+05:30,26.0,93
2024-08-02 04:00:00+05:30,25.6,93
2024-08-02 05:00:00+05:30,25.6,94
2024-08-02 06:00:00+05:30,26.5,93
2024-08-02 07:00:00+05:30,27.0,90
2024-08-02 08:00:00+05:30,28.5,82
2024-08-02 09:00:00+05:30,29.5,79
2024-08-02 10:00:00+05:30,30.2,78
2024-08-02 11:00:00+05:30,31.1,73
2024-08-02 12:00:00+05:30,31.2,72
2024-08-02 13:00:00+05:30,31.8,70
2024-08-02 14:00:00+05:30,32.2,70
2024-08-02 15:00:00+05:30,32.2,70
2024-08-02 16:00:00+05:30,31.9,70
2024-08-02 17:00:00+05:30,30.4,76
2024-08-02 18:00:00+05:30,28.0,84
2024-08-02 19:00:00+05:30,27.6,86
2024-08-02 20:00:00+05:30,27.7,86
2024-08-02 21:00:00+05:30,27.6,88
2024-08-02 22:00:00+05:30,27.5,90
2024-08-02 23:00:00+05:30,27.5,90
2024-08-03 00:00:00+05:30,27.1,89
2024-08-03 01:00:00+05:30,26.8,91
2024-08-03 02:00:00+05:30,26.6,93
2024-08-03 03:00:00+05:30,26.4,94
2024-08-03 04:00:00+05:30,26.3,94
2024-08-03 05:00:00+05:30,26.2,94
2024-08-03 06:00:00+05:30,27.3,89
2024-08-03 07:00:00+05:30,28.3,85
2024-08-03 08:00:00+05:30,29.2,81
2024-08-03 09:00:00+05:30,30.1,78
2024-08-03 10:00:00+05:30,30.7,75
2024-08-03 11:00:00+05:30,31.1,72
2024-08-03 12:00:00+05:30,31.4,73
2024-08-03 13:00:00+05:30,32.5,70
2024-08-03 14:00:00+05:30,31.5,71
2024-08-03 15:00:00+05:30,31.4,72
2024-08-03 16:00:00+05:30,31.9,69
2024-08-03 17:00:00+05:30,31.8,69
2024-08-03 18:00:00+05:30,30.0,78
2024-08-03 19:00:00+05:30,29.0,82
2024-08-03 20:00:00+05:30,28.5,85
2024-08-03 21:00:00+05:30,28.2,85
2024-08-03 22:00:00+05:30,28.0,86
2024-08-03 23:00:00+05:30,27.8,85
2024-08-04 00:00:00+05:30,27.5,85
2024-08-04 01:00:00+05:30,27.4,85
2024-08-04 02:00:00+05:30,27.3,85
2024-08-04 03:00:00+05:30,27.2,85
2024-08-04 04:00:00+05:30,27.0,86
2024-08-04 05:00:00+05:30,27.0,86
2024-08-04 06:00:00+05:30,27.4,85
2024-08-04 07:00:00+05:30,28.7,76
2024-08-04 08:00:00+05:30,29.8,72
2024-08-04 09:00:00+05:30,30.4,70
2024-08-04 10:00:00+05:30,31.4,66
2024-08-04 11:00:00+05:30,32.1,63
2024-08-04 12:00:00+05:30,32.6,60
2024-08-04 13:00:00+05:30,33.4,58
2024-08-04 14:00:00+05:30,33.7,57
2024-08-04 15:00:00+05:30,33.3,59
2024-08-04 16:00:00+05:30,32.9,62
2024-08-04 17:00:00+05:30,32.4,65
2024-08-04 18:00:00+05:30,30.4,75
2024-08-04 19:00:00+05:30,29.3,78
2024-08-04 20:00:00+05:30,29.2,78
2024-08-04 21:00:00+05:30,29.2,78
2024-08-04 22:00:00+05:30,28.8,77
2024-08-04 23:00:00+05:30,28.4,79
2024-08-05 00:00:00+05:30,28.3,80
2024-08-05 01:00:00+05:30,27.6,83
2024-08-05 02:00:00+05:30,27.4,83
2024-08-05 03:00:00+05:30,27.2,83
2024-08-05 04:00:00+05:30,27.2,84
2024-08-05 05:00:00+05:30,27.0,85
2024-08-05 06:00:00+05:30,26.6,91
2024-08-05 07:00:00+05:30,27.6,84
2024-08-05 08:00:00+05:30,28.1,81
2024-08-05 09:00:00+05:30,27.9,82
2024-08-05 10:00:00+05:30,29.9,73
2024-08-05 11:00:00+05:30,30.8,69
2024-08-05 12:00:00+05:30,31.4,66
2024-08-05 13:00:00+05:30,32.5,63
2024-08-05 14:00:00+05:30,32.7,62
2024-08-05 15:00:00+05:30,32.6,62
2024-08-05 16:00:00+05:30,32.5,62
2024-08-05 17:00:00+05:30,31.8,65
2024-08-05 18:00:00+05:30,30.2,71
2024-08-05 19:00:00+05:30,29.2,75
2024-08-05 20:00:00+05:30,28.7,78
2024-08-05 21:00:00+05:30,28.5,79
2024-08-05 22:00:00+05:30,28.5,79
2024-08-05 23:00:00+05:30,28.4,80
2024-08-06 00:00:00+05:30,28.1,82
2024-08-06 01:00:00+05:30,27.9,83
2024-08-06 02:00:00+05:30,27.6,84
2024-08-06 03:00:00+05:30,27.2,86
2024-08-06 04:00:00+05:30,26.8,88
2024-08-06 05:00:00+05:30,26.6,89
2024-08-06 06:00:00+05:30,27.0,89
2024-08-06 07:00:00+05:30,27.8,82
2024-08-06 08:00:00+05:30,28.8,76
2024-08-06 09:00:00+05:30,29.7,72
2024-08-06 10:00:00+05:30,29.7,73
2024-08-06 11:00:00+05:30,30.2,72
2024-08-06 12:00:00+05:30,30.9,69
2024-08-06 13:00:00+05:30,31.3,67
2024-08-06 14:00:00+05:30,31.6,65
2024-08-06 15:00:00+05:30,31.6,66
2024-08-06 16:00:00+05:30,32.1,62
2024-08-06 17:00:00+05:30,31.6,64
2024-08-06 18:00:00+05:30,31.0,71
2024-08-06 19:00:00+05:30,29.9,74
2024-08-06 20:00:00+05:30,29.1,77
2024-08-06 21:00:00+05:30,28.7,80
2024-08-06 22:00:00+05:30,28.3,82
2024-08-06 23:00:00+05:30,27.8,82
2024-08-07 00:00:00+05:30,27.4,81
2024-08-07 01:00:00+05:30,26.8,83
2024-08-07 02:00:00+05:30,26.5,84
2024-08-07 03:00:00+05:30,26.7,84
2024-08-07 04:00:00+05:30,26.6,85
2024-08-07 05:00:00+05:30,26.5,87
2024-08-07 06:00:00+05:30,27.0,86
2024-08-07 07:00:00+05:30,27.1,88
2024-08-07 08:00:00+05:30,27.3,88
2024-08-07 09:00:00+05:30,26.9,90
2024-08-07 10:00:00+05:30,27.1,89
2024-08-07 11:00:00+05:30,27.8,85
2024-08-07 12:00:00+05:30,28.4,81
2024-08-07 13:00:00+05:30,29.3,77
2024-08-07 14:00:00+05:30,30.0,74
2024-08-07 15:00:00+05:30,30.2,74
2024-08-07 16:00:00+05:30,29.6,77
2024-08-07 17:00:00+05:30,27.6,88
2024-08-07 18:00:00+05:30,27.3,88
2024-08-07 19:00:00+05:30,27.0,92
2024-08-07 20:00:00+05:30,26.7,94
2024-08-07 21:00:00+05:30,26.9,93
2024-08-07 22:00:00+05:30,26.5,92
2024-08-07 23:00:00+05:30,26.1,95
2024-08-08 00:00:00+05:30,26.0,95
2024-08-08 01:00:00+05:30,25.9,96
2024-08-08 02:00:00+05:30,25.8,96
2024-08-08 03:00:00+05:30,25.7,96
2024-08-08 04:00:00+05:30,25.6,96
2024-08-08 05:00:00+05:30,25.8,94
2024-08-08 06:00:00+05:30,25.7,95
2024-08-08 07:00:00+05:30,26.1,92
2024-08-08 08:00:00+05:30,27.4,84
2024-08-08 09:00:00+05:30,28.2,81
2024-08-08 10:00:00+05:30,29.7,74
2024-08-08 11:00:00+05:30,30.6,70
2024-08-08 12:00:00+05:30,31.1,71
2024-08-08 13:00:00+05:30,31.9,68
2024-08-08 14:00:00+05:30,31.7,69
2024-08-08 15:00:00+05:30,30.8,74
2024-08-08 16:00:00+05:30,28.8,82
2024-08-08 17:00:00+05:30,29.4,79
2024-08-08 18:00:00+05:30,27.9,89
2024-08-08 19:00:00+05:30,27.1,93
2024-08-08 20:00:00+05:30,26.8,95
2024-08-08 21:00:00+05:30,26.7,96
2024-08-08 22:00:00+05:30,26.7,96
2024-08-08 23:00:00+05:30,26.6,95
2024-08-09 00:00:00+05:30,26.2,95
2024-08-09 01:00:00+05:30,26.0,95
2024-08-09 02:00:00+05:30,25.8,96
2024-08-09 03:00:00+05:30,25.8,96
2024-08-09 04:00:00+05:30,25.6,96
2024-08-09 05:00:00+05:30,25.4,96
2024-08-09 06:00:00+05:30,26.2,92
2024-08-09 07:00:00+05:30,26.7,89
2024-08-09 08:00:00+05:30,27.6,86
2024-08-09 09:00:00+05:30,28.5,81
2024-08-09 10:00:00+05:30,30.1,74
2024-08-09 11:00:00+05:30,31.0,70
2024-08-09 12:00:00+05:30,31.5,71
2024-08-09 13:00:00+05:30,31.9,71
2024-08-09 14:00:00+05:30,31.9,71
2024-08-09 15:00:00+05:30,31.8,71
2024-08-09 16:00:00+05:30,30.5,74
2024-08-09 17:00:00+05:30,27.7,91
2024-08-09 18:00:00+05:30,29.3,79
2024-08-09 19:00:00+05:30,27.1,90
2024-08-09 20:00:00+05:30,26.8,92
2024-08-09 21:00:00+05:30,25.9,95
2024-08-09 22:00:00+05:30,25.8,94
2024-08-09 23:00:00+05:30,25.6,96
2024-08-10 00:00:00+05:30,25.5,97
2024-08-10 01:00:00+05:30,25.2,97
2024-08-10 02:00:00+05:30,25.0,97
2024-08-10 03:00:00+05:30,25.0,98
2024-08-10 04:00:00+05:30,25.1,97
2024-08-10 05:00:00+05:30,25.2,96
2024-08-10 06:00:00+05:30,26.3,95
2024-08-10 07:00:00+05:30,26.8,92
2024-08-10 08:00:00+05:30,27.8,86
2024-08-10 09:00:00+05:30,28.9,82
2024-08-10 10:00:00+05:30,30.0,75
2024-08-10 11:00:00+05:30,30.4,74
2024-08-10 12:00:00+05:30,31.1,71
2024-08-10 13:00:00+05:30,31.4,71
2024-08-10 14:00:00+05:30,31.2,72
2024-08-10 15:00:00+05:30,31.2,73
2024-08-10 16:00:00+05:30,31.2,73
2024-08-10 17:00:00+05:30,29.7,79
2024-08-10 18:00:00+05:30,27.7,89
2024-08-10 19:00:00+05:30,26.4,94
2024-08-10 20:00:00+05:30,26.7,94
2024-08-10 21:00:00+05:30,26.6,95
2024-08-10 22:00:00+05:30,26.2,96
2024-08-10 23:00:00+05:30,25.9,97
2024-08-11 00:00:00+05:30,25.7,97
2024-08-11 01:00:00+05:30,25.7,97
2024-08-11 02:00:00+05:30,25.8,97
2024-08-11 03:00:00+05:30,25.7,97
2024-08-11 04:00:00+05:30,25.8,95
2024-08-11 05:00:00+05:30,25.5,96
2024-08-11 06:00:00+05:30,26.3,93
2024-08-11 07:00:00+05:30,25.9,95
2024-08-11 08:00:00+05:30,26.4,91
2024-08-11 09:00:00+05:30,27.6,87
2024-08-11 10:00:00+05:30,28.6,84
2024-08-11 11:00:00+05:30,29.8,79
2024-08-11 12:00:00+05:30,30.5,75
2024-08-11 13:00:00+05:30,30.9,74
2024-08-11 14:00:00+05:30,31.2,73
2024-08-11 15:00:00+05:30,28.7,82
2024-08-11 16:00:00+05:30,29.3,80
2024-08-11 17:00:00+05:30,29.6,79
2024-08-11 18:00:00+05:30,27.1,90
2024-08-11 19:00:00+05:30,26.6,92
2024-08-11 20:00:00+05:30,26.3,93
2024-08-11 21:00:00+05:30,26.1,94
2024-08-11 22:00:00+05:30,25.9,95
2024-08-11 23:00:00+05:30,25.8,96
2024-08-12 00:00:00+05:30,25.8,96
2024-08-12 01:00:00+05:30,25.8,95
2024-08-12 02:00:00+05:30,25.9,95
2024-08-12 03:00:00+05:30,25.9,95
2024-08-12 04:00:00+05:30,25.9,96
2024-08-12 05:00:00+05:30,25.7,95
2024-08-12 06:00:00+05:30,26.0,92
2024-08-12 07:00:00+05:30,26.4,90
2024-08-12 08:00:00+05:30,26.4,90
2024-08-12 09:00:00+05:30,26.4,91
2024-08-12 10:00:00+05:30,27.3,86
2024-08-12 11:00:00+05:30,27.3,89
2024-08-12 12:00:00+05:30,28.0,88
2024-08-12 13:00:00+05:30,28.3,87
2024-08-12 14:00:00+05:30,30.2,79
2024-08-12 15:00:00+05:30,27.0,92
2024-08-12 16:00:00+05:30,26.9,90
2024-08-12 17:00:00+05:30,27.5,88
2024-08-12 18:00:00+05:30,27.3,94
2024-08-12 19:00:00+05:30,27.0,92
2024-08-12 20:00:00+05:30,26.8,94
2024-08-12 21:00:00+05:30,26.4,94
2024-08-12 22:00:00+05:30,26.1,95
2024-08-12 23:00:00+05:30,25.9,96
2024-08-13 00:00:00+05:30,25.7,97
2024-08-13 01:00:00+05:30,25.6,97
2024-08-13 02:00:00+05:30,25.7,96
2024-08-13 03:00:00+05:30,25.6,97
2024-08-13 04:00:00+05:30,25.4,98
2024-08-13 05:00:00+05:30,25.4,98
2024-08-13 06:00:00+05:30,26.0,95
2024-08-13 07:00:00+05:30,26.7,90
2024-08-13 08:00:00+05:30,26.7,92
2024-08-13 09:00:00+05:30,27.8,88
2024-08-13 10:00:00+05:30,28.7,81
2024-08-13 11:00:00+05:30,29.5,77
2024-08-13 12:00:00+05:30,30.9,75
2024-08-13 13:00:00+05:30,29.7,77
2024-08-13 14:00:00+05:30,29.2,80
2024-08-13 15:00:00+05:30,27.7,87
2024-08-13 16:00:00+05:30,28.2,86
2024-08-13 17:00:00+05:30,28.6,85
2024-08-13 18:00:00+05:30,28.8,85
2024-08-13 19:00:00+05:30,27.7,92
2024-08-13 20:00:00+05:30,27.5,93
2024-08-13 21:00:00+05:30,27.3,94
2024-08-13 22:00:00+05:30,26.9,95
2024-08-13 23:00:00+05:30,26.6,96
2024-08-14 00:00:00+05:30,26.5,97
2024-08-14 01:00:00+05:30,26.2,98
2024-08-14 02:00:00+05:30,26.1,98
2024-08-14 03:00:00+05:30,26.0,97
2024-08-14 04:00:00+05:30,25.9,97
2024-08-14 05:00:00+05:30,26.0,97
2024-08-14 06:00:00+05:30,26.6,94
2024-08-14 07:00:00+05:30,27.2,90
2024-08-14 08:00:00+05:30,27.9,89
2024-08-14 09:00:00+05:30,29.1,84
2024-08-14 10:00:00+05:30,29.8,80
2024-08-14 11:00:00+05:30,30.4,77
2024-08-14 12:00:00+05:30,29.7,78
2024-08-14 13:00:00+05:30,29.3,81
2024-08-14 14:00:00+05:30,30.1,79
2024-08-14 15:00:00+05:30,30.0,81
2024-08-14 16:00:00+05:30,29.4,82
2024-08-14 17:00:00+05:30,29.6,81
2024-08-14 18:00:00+05:30,29.6,85
2024-08-14 19:00:00+05:30,28.6,88
2024-08-14 20:00:00+05:30,28.3,90
2024-08-14 21:00:00+05:30,27.8,92
2024-08-14 22:00:00+05:30,27.5,91
2024-08-14 23:00:00+05:30,27.1,92
2024-08-15 00:00:00+05:30,26.8,93
2024-08-15 01:00:00+05:30,26.6,94
2024-08-15 02:00:00+05:30,26.4,96
2024-08-15 03:00:00+05:30,26.4,97
2024-08-15 04:00:00+05:30,26.2,97
2024-08-15 05:00:00+05:30,26.2,97
2024-08-15 06:00:00+05:30,26.9,93
2024-08-15 07:00:00+05:30,27.8,88
2024-08-15 08:00:00+05:30,28.6,84
2024-08-15 09:00:00+05:30,29.7,80
2024-08-15 10:00:00+05:30,30.8,75
2024-08-15 11:00:00+05:30,31.7,72
2024-08-15 12:00:00+05:30,31.8,73
2024-08-15 13:00:00+05:30,32.3,73
2024-08-15 14:00:00+05:30,32.5,74
2024-08-15 15:00:00+05:30,32.2,75
2024-08-15 16:00:00+05:30,31.9,75
2024-08-15 17:00:00+05:30,31.3,77
2024-08-15 18:00:00+05:30,29.4,84
2024-08-15 19:00:00+05:30,26.8,93
2024-08-15 20:00:00+05:30,26.9,93
2024-08-15 21:00:00+05:30,26.6,93
2024-08-15 22:00:00+05:30,26.4,94
2024-08-15 23:00:00+05:30,26.0,97
2024-08-16 00:00:00+05:30,25.6,97
2024-08-16 01:00:00+05:30,25.8,97
2024-08-16 02:00:00+05:30,26.0,95
2024-08-16 03:00:00+05:30,25.8,96
2024-08-16 04:00:00+05:30,25.7,97
2024-08-16 05:00:00+05:30,25.9,95
2024-08-16 06:00:00+05:30,25.8,95
2024-08-16 07:00:00+05:30,26.9,90
2024-08-16 08:00:00+05:30,27.8,86
2024-08-16 09:00:00+05:30,28.7,83
2024-08-16 10:00:00+05:30,30.1,77
2024-08-16 11:00:00+05:30,31.1,73
2024-08-16 12:00:00+05:30,31.5,73
2024-08-16 13:00:00+05:30,32.4,72
2024-08-16 14:00:00+05:30,30.7,76
2024-08-16 15:00:00+05:30,30.6,78
2024-08-16 16:00:00+05:30,29.9,78
2024-08-16 17:00:00+05:30,27.9,88
2024-08-16 18:00:00+05:30,28.6,84
2024-08-16 19:00:00+05:30,27.4,90
2024-08-16 20:00:00+05:30,27.0,92
2024-08-16 21:00:00+05:30,26.8,94
2024-08-16 22:00:00+05:30,26.6,95
2024-08-16 23:00:00+05:30,26.5,95
2024-08-17 00:00:00+05:30,26.4,97
2024-08-17 01:00:00+05:30,26.3,97
2024-08-17 02:00:00+05:30,26.2,97
2024-08-17 03:00:00+05:30,26.0,98
2024-08-17 04:00:00+05:30,25.8,99
2024-08-17 05:00:00+05:30,25.7,99
2024-08-17 06:00:00+05:30,26.8,94
2024-08-17 07:00:00+05:30,27.5,90
2024-08-17 08:00:00+05:30,28.3,86
2024-08-17 09:00:00+05:30,29.2,83
2024-08-17 10:00:00+05:30,29.9,80
2024-08-17 11:00:00+05:30,30.8,75
2024-08-17 12:00:00+05:30,31.4,74
2024-08-17 13:00:00+05:30,31.9,73
2024-08-17 14:00:00+05:30,32.1,71
2024-08-17 15:00:00+05:30,32.2,70
2024-08-17 16:00:00+05:30,32.1,70
2024-08-17 17:00:00+05:30,29.1,80
2024-08-17 18:00:00+05:30,29.1,82
2024-08-17 19:00:00+05:30,28.2,91
2024-08-17 20:00:00+05:30,28.0,89
2024-08-17 21:00:00+05:30,27.8,90
2024-08-17 22:00:00+05:30,27.5,92
2024-08-17 23:00:00+05:30,27.4,92
2024-08-18 00:00:00+05:30,27.0,95
2024-08-18 01:00:00+05:30,26.9,95
2024-08-18 02:00:00+05:30,26.8,95
2024-08-18 03:00:00+05:30,26.7,96
2024-08-18 04:00:00+05:30,26.6,97
2024-08-18 05:00:00+05:30,26.4,97
2024-08-18 06:00:00+05:30,27.4,93
2024-08-18 07:00:00+05:30,28.4,87
2024-08-18 08:00:00+05:30,29.8,80
2024-08-18 09:00:00+05:30,31.1,75
2024-08-18 10:00:00+05:30,31.9,72
2024-08-18 11:00:00+05:30,32.4,69
2024-08-18 12:00:00+05:30,32.9,67
2024-08-18 13:00:00+05:30,33.0,66
2024-08-18 14:00:00+05:30,31.7,71
2024-08-18 15:00:00+05:30,29.0,81
2024-08-18 16:00:00+05:30,29.6,81
2024-08-18 17:00:00+05:30,29.9,79
2024-08-18 18:00:00+05:30,30.4,77
2024-08-18 19:00:00+05:30,29.2,83
2024-08-18 20:00:00+05:30,28.7,88
2024-08-18 21:00:00+05:30,28.6,87
2024-08-18 22:00:00+05:30,28.2,88
2024-08-18 23:00:00+05:30,28.0,88
2024-08-19 00:00:00+05:30,27.8,89
2024-08-19 01:00:00+05:30,27.6,89
2024-08-19 02:00:00+05:30,26.6,93
2024-08-19 03:00:00+05:30,26.2,95
2024-08-19 04:00:00+05:30,26.1,99
2024-08-19 05:00:00+05:30,25.9,98
2024-08-19 06:00:00+05:30,26.3,95
2024-08-19 07:00:00+05:30,27.2,91
2024-08-19 08:00:00+05:30,28.2,85
2024-08-19 09:00:00+05:30,29.7,79
2024-08-19 10:00:00+05:30,31.0,73
2024-08-19 11:00:00+05:30,31.7,73
2024-08-19 12:00:00+05:30,32.2,70
2024-08-19 13:00:00+05:30,32.6,68
2024-08-19 14:00:00+05:30,33.3,66
2024-08-19 15:00:00+05:30,32.0,68
2024-08-19 16:00:00+05:30,31.5,69
2024-08-19 17:00:00+05:30,31.1,73
2024-08-19 18:00:00+05:30,29.5,84
2024-08-19 19:00:00+05:30,28.6,86
2024-08-19 20:00:00+05:30,28.3,87
2024-08-19 21:00:00+05:30,28.2,86
2024-08-19 22:00:00+05:30,27.9,88
2024-08-19 23:00:00+05:30,27.6,90
2024-08-20 00:00:00+05:30,27.5,91
2024-08-20 01:00:00+05:30,27.3,92
2024-08-20 02:00:00+05:30,26.9,94
2024-08-20 03:00:00+05:30,26.4,97
2024-08-20 04:00:00+05:30,26.1,98
2024-08-20 05:00:00+05:30,26.1,96
2024-08-20 06:00:00+05:30,26.5,94
2024-08-20 07:00:00+05:30,26.5,93
2024-08-20 08:00:00+05:30,26.9,92
2024-08-20 09:00:00+05:30,27.3,88
2024-08-20 10:00:00+05:30,28.5,82
2024-08-20 11:00:00+05:30,29.9,76
2024-08-20 12:00:00+05:30,30.8,73
2024-08-20 13:00:00+05:30,31.2,72
2024-08-20 14:00:00+05:30,31.4,73
2024-08-20 15:00:00+05:30,31.7,72
2024-08-20 16:00:00+05:30,30.4,76
2024-08-20 17:00:00+05:30,28.0,87
2024-08-20 18:00:00+05:30,29.7,79
2024-08-20 19:00:00+05:30,28.6,85
2024-08-20 20:00:00+05:30,28.0,87
2024-08-20 21:00:00+05:30,27.5,89
2024-08-20 22:00:00+05:30,27.2,90
2024-08-20 23:00:00+05:30,26.9,93
2024-08-21 00:00:00+05:30,26.5,95
2024-08-21 01:00:00+05:30,26.3,97
2024-08-21 02:00:00+05:30,26.0,98
2024-08-21 03:00:00+05:30,25.7,98
2024-08-21 04:00:00+05:30,25.2,99
2024-08-21 05:00:00+05:30,25.1,97
2024-08-21 06:00:00+05:30,25.6,92
2024-08-21 07:00:00+05:30,25.9,92
2024-08-21 08:00:00+05:30,26.9,89
2024-08-21 09:00:00+05:30,28.5,82
2024-08-21 10:00:00+05:30,29.5,77
2024-08-21 11:00:00+05:30,30.5,74
2024-08-21 12:00:00+05:30,31.1,70
2024-08-21 13:00:00+05:30,31.9,66
2024-08-21 14:00:00+05:30,32.1,66
2024-08-21 15:00:00+05:30,32.2,66
2024-08-21 16:00:00+05:30,32.0,67
2024-08-21 17:00:00+05:30,31.6,67
2024-08-21 18:00:00+05:30,29.8,81
2024-08-21 19:00:00+05:30,28.8,87
2024-08-21 20:00:00+05:30,28.3,89
2024-08-21 21:00:00+05:30,28.1,91
2024-08-21 22:00:00+05:30,27.7,93
2024-08-21 23:00:00+05:30,27.1,93
2024-08-22 00:00:00+05:30,25.4,96
2024-08-22 01:00:00+05:30,25.5,96
2024-08-22 02:00:00+05:30,25.0,97
2024-08-22 03:00:00+05:30,25.1,95
2024-08-22 04:00:00+05:30,24.8,97
2024-08-22 05:00:00+05:30,24.7,97
2024-08-22 06:00:00+05:30,25.9,93
2024-08-22 07:00:00+05:30,26.7,91
2024-08-22 08:00:00+05:30,28.0,88
2024-08-22 09:00:00+05:30,29.6,81
2024-08-22 10:00:00+05:30,30.7,78
2024-08-22 11:00:00+05:30,31.6,75
2024-08-22 12:00:00+05:30,32.2,73
2024-08-22 13:00:00+05:30,32.6,72
2024-08-22 14:00:00+05:30,32.7,73
2024-08-22 15:00:00+05:30,32.7,72
2024-08-22 16:00:00+05:30,32.2,73
2024-08-22 17:00:00+05:30,30.4,79
2024-08-22 18:00:00+05:30,29.4,80
2024-08-22 19:00:00+05:30,27.6,89
2024-08-22 20:00:00+05:30,27.7,89
2024-08-22 21:00:00+05:30,27.2,91
2024-08-22 22:00:00+05:30,26.7,95
2024-08-22 23:00:00+05:30,26.5,95
2024-08-23 00:00:00+05:30,26.2,97
2024-08-23 01:00:00+05:30,26.0,98
2024-08-23 02:00:00+05:30,25.9,98
2024-08-23 03:00:00+05:30,25.7,99
2024-08-23 04:00:00+05:30,25.2,96
2024-08-23 05:00:00+05:30,24.9,96
2024-08-23 06:00:00+05:30,25.1,94
2024-08-23 07:00:00+05:30,25.6,90
2024-08-23 08:00:00+05:30,26.0,88
2024-08-23 09:00:00+05:30,26.9,85
2024-08-23 10:00:00+05:30,27.6,83
2024-08-23 11:00:00+05:30,27.0,86
2024-08-23 12:00:00+05:30,28.7,79
2024-08-23 13:00:00+05:30,28.5,80
2024-08-23 14:00:00+05:30,29.5,76
2024-08-23 15:00:00+05:30,30.3,72
2024-08-23 16:00:00+05:30,30.8,70
2024-08-23 17:00:00+05:30,31.0,69
2024-08-23 18:00:00+05:30,29.6,80
2024-08-23 19:00:00+05:30,28.4,84
2024-08-23 20:00:00+05:30,27.9,86
2024-08-23 21:00:00+05:30,27.3,89
2024-08-23 22:00:00+05:30,26.9,91
2024-08-23 23:00:00+05:30,26.6,93
2024-08-24 00:00:00+05:30,26.2,96
2024-08-24 01:00:00+05:30,25.9,97
2024-08-24 02:00:00+05:30,25.8,95
2024-08-24 03:00:00+05:30,25.9,95
2024-08-24 04:00:00+05:30,25.6,96
2024-08-24 05:00:00+05:30,25.3,97
2024-08-24 06:00:00+05:30,26.9,93
2024-08-24 07:00:00+05:30,27.1,93
2024-08-24 08:00:00+05:30,28.7,87
2024-08-24 09:00:00+05:30,26.9,86
2024-08-24 10:00:00+05:30,26.8,88
2024-08-24 11:00:00+05:30,29.2,79
2024-08-24 12:00:00+05:30,30.4,74
2024-08-24 13:00:00+05:30,31.4,70
2024-08-24 14:00:00+05:30,31.9,69
2024-08-24 15:00:00+05:30,31.8,68
2024-08-24 16:00:00+05:30,31.9,68
2024-08-24 17:00:00+05:30,31.4,71
2024-08-24 18:00:00+05:30,30.5,76
2024-08-24 19:00:00+05:30,29.2,84
2024-08-24 20:00:00+05:30,28.6,87
2024-08-24 21:00:00+05:30,28.2,89
2024-08-24 22:00:00+05:30,28.0,89
2024-08-24 23:00:00+05:30,27.8,89
2024-08-25 00:00:00+05:30,27.7,89
2024-08-25 01:00:00+05:30,25.8,93
2024-08-25 02:00:00+05:30,25.0,95
2024-08-25 03:00:00+05:30,25.2,95
2024-08-25 04:00:00+05:30,25.3,94
2024-08-25 05:00:00+05:30,25.3,93
2024-08-25 06:00:00+05:30,26.8,85
2024-08-25 07:00:00+05:30,27.7,83
2024-08-25 08:00:00+05:30,28.8,78
2024-08-25 09:00:00+05:30,29.8,74
2024-08-25 10:00:00+05:30,30.8,71
2024-08-25 11:00:00+05:30,31.6,68
2024-08-25 12:00:00+05:30,32.4,66
2024-08-25 13:00:00+05:30,32.7,64
2024-08-25 14:00:00+05:30,32.9,62
2024-08-25 15:00:00+05:30,32.8,62
2024-08-25 16:00:00+05:30,31.9,65
2024-08-25 17:00:00+05:30,30.2,76
2024-08-25 18:00:00+05:30,29.6,76
2024-08-25 19:00:00+05:30,29.2,77
2024-08-25 20:00:00+05:30,28.7,80
2024-08-25 21:00:00+05:30,28.4,83
2024-08-25 22:00:00+05:30,28.2,84
2024-08-25 23:00:00+05:30,28.0,84
2024-08-26 00:00:00+05:30,27.6,86
2024-08-26 01:00:00+05:30,27.2,88
2024-08-26 02:00:00+05:30,26.9,89
2024-08-26 03:00:00+05:30,26.6,91
2024-08-26 04:00:00+05:30,26.4,92
2024-08-26 05:00:00+05:30,26.2,92
2024-08-26 06:00:00+05:30,27.2,86
2024-08-26 07:00:00+05:30,28.1,81
2024-08-26 08:00:00+05:30,29.0,78
2024-08-26 09:00:00+05:30,29.6,77
2024-08-26 10:00:00+05:30,30.0,75
2024-08-26 11:00:00+05:30,31.1,72
2024-08-26 12:00:00+05:30,31.8,69
2024-08-26 13:00:00+05:30,32.0,68
2024-08-26 14:00:00+05:30,29.5,79
2024-08-26 15:00:00+05:30,29.8,77
2024-08-26 16:00:00+05:30,30.5,74
2024-08-26 17:00:00+05:30,29.9,75
2024-08-26 18:00:00+05:30,28.1,85
2024-08-26 19:00:00+05:30,27.1,88
2024-08-26 20:00:00+05:30,26.9,87
2024-08-26 21:00:00+05:30,26.9,87
2024-08-26 22:00:00+05:30,26.7,88
2024-08-26 23:00:00+05:30,26.5,89
2024-08-27 00:00:00+05:30,26.4,90
2024-08-27 01:00:00+05:30,25.4,92
2024-08-27 02:00:00+05:30,24.6,93
2024-08-27 03:00:00+05:30,24.8,94
2024-08-27 04:00:00+05:30,25.1,95
2024-08-27 05:00:00+05:30,25.4,94
2024-08-27 06:00:00+05:30,25.9,93
2024-08-27 07:00:00+05:30,26.8,87
2024-08-27 08:00:00+05:30,28.0,81
2024-08-27 09:00:00+05:30,29.1,79
2024-08-27 10:00:00+05:30,30.1,74
2024-08-27 11:00:00+05:30,30.7,72
2024-08-27 12:00:00+05:30,31.1,71
2024-08-27 13:00:00+05:30,31.5,69
2024-08-27 14:00:00+05:30,29.1,78
2024-08-27 15:00:00+05:30,29.9,76
2024-08-27 16:00:00+05:30,29.0,79
2024-08-27 17:00:00+05:30,28.9,79
2024-08-27 18:00:00+05:30,27.8,87
2024-08-27 19:00:00+05:30,27.2,89
2024-08-27 20:00:00+05:30,26.5,90
2024-08-27 21:00:00+05:30,26.0,93
2024-08-27 22:00:00+05:30,25.1,94
2024-08-27 23:00:00+05:30,25.0,95
2024-08-28 00:00:00+05:30,24.7,96
2024-08-28 01:00:00+05:30,24.6,96
2024-08-28 02:00:00+05:30,24.5,96
2024-08-28 03:00:00+05:30,24.5,97
2024-08-28 04:00:00+05:30,24.5,97
2024-08-28 05:00:00+05:30,24.5,98
2024-08-28 06:00:00+05:30,25.6,93
2024-08-28 07:00:00+05:30,26.2,89
2024-08-28 08:00:00+05:30,27.1,85
2024-08-28 09:00:00+05:30,28.3,81
2024-08-28 10:00:00+05:30,29.4,76
2024-08-28 11:00:00+05:30,30.1,72
2024-08-28 12:00:00+05:30,30.0,72
2024-08-28 13:00:00+05:30,30.3,72
2024-08-28 14:00:00+05:30,30.0,74
2024-08-28 15:00:00+05:30,30.3,72
2024-08-28 16:00:00+05:30,29.0,77
2024-08-28 17:00:00+05:30,29.2,76
2024-08-28 18:00:00+05:30,27.1,89
2024-08-28 19:00:00+05:30,26.8,93
2024-08-28 20:00:00+05:30,26.4,91
2024-08-28 21:00:00+05:30,26.1,93
2024-08-28 22:00:00+05:30,25.7,95
2024-08-28 23:00:00+05:30,25.7,91
2024-08-29 00:00:00+05:30,24.8,96
2024-08-29 01:00:00+05:30,24.7,95
2024-08-29 02:00:00+05:30,24.9,93
2024-08-29 03:00:00+05:30,24.6,94
2024-08-29 04:00:00+05:30,24.6,96
2024-08-29 05:00:00+05:30,24.4,98
2024-08-29 06:00:00+05:30,25.0,94
2024-08-29 07:00:00+05:30,25.1,95
2024-08-29 08:00:00+05:30,25.4,95
2024-08-29 09:00:00+05:30,25.8,93
2024-08-29 10:00:00+05:30,27.4,89
2024-08-29 11:00:00+05:30,28.7,82
2024-08-29 12:00:00+05:30,30.1,75
2024-08-29 13:00:00+05:30,30.5,70
2024-08-29 14:00:00+05:30,30.6,69
2024-08-29 15:00:00+05:30,31.1,67
2024-08-29 16:00:00+05:30,31.2,66
2024-08-29 17:00:00+05:30,30.8,68
2024-08-29 18:00:00+05:30,28.4,82
2024-08-29 19:00:00+05:30,27.3,87
2024-08-29 20:00:00+05:30,26.6,90
2024-08-29 21:00:00+05:30,26.4,92
2024-08-29 22:00:00+05:30,26.3,92
2024-08-29 23:00:00+05:30,26.1,92
2024-08-30 00:00:00+05:30,25.8,93
2024-08-30 01:00:00+05:30,25.6,93
2024-08-30 02:00:00+05:30,25.4,95
2024-08-30 03:00:00+05:30,25.2,96
2024-08-30 04:00:00+05:30,25.1,97
2024-08-30 05:00:00+05:30,25.0,97
2024-08-30 06:00:00+05:30,25.7,96
2024-08-30 07:00:00+05:30,26.6,93
2024-08-30 08:00:00+05:30,27.9,88
2024-08-30 09:00:00+05:30,29.3,81
2024-08-30 10:00:00+05:30,30.3,78
2024-08-30 11:00:00+05:30,30.8,77
2024-08-30 12:00:00+05:30,31.3,74
2024-08-30 13:00:00+05:30,31.3,74
2024-08-30 14:00:00+05:30,31.0,75
2024-08-30 15:00:00+05:30,30.0,79
2024-08-30 16:00:00+05:30,28.5,84
2024-08-30 17:00:00+05:30,29.0,83
2024-08-30 18:00:00+05:30,28.0,84
2024-08-30 19:00:00+05:30,27.2,90
2024-08-30 20:00:00+05:30,26.9,92
2024-08-30 21:00:00+05:30,26.7,93
2024-08-30 22:00:00+05:30,26.5,94
2024-08-30 23:00:00+05:30,26.3,95
2024-08-31 00:00:00+05:30,26.4,94
2024-08-31 01:00:00+05:30,26.3,96
2024-08-31 02:00:00+05:30,26.1,96
2024-08-31 03:00:00+05:30,25.8,96
2024-08-31 04:00:00+05:30,25.7,97
2024-08-31 05:00:00+05:30,25.6,97
2024-08-31 06:00:00+05:30,26.3,92
2024-08-31 07:00:00+05:30,27.4,89
2024-08-31 08:00:00+05:30,28.8,84
2024-08-31 09:00:00+05:30,30.2,76
2024-08-31 10:00:00+05:30,31.2,71
2024-08-31 11:00:00+05:30,32.2,66
2024-08-31 12:00:00+05:30,32.8,63
2024-08-31 13:00:00+05:30,33.2,61
2024-08-31 14:00:00+05:30,33.5,60
2024-08-31 15:00:00+05:30,33.4,60
2024-08-31 16:00:00+05:30,33.1,61
2024-08-31 17:00:00+05:30,32.2,68
2024-08-31 18:00:00+05:30,30.5,74
2024-08-31 19:00:00+05:30,29.6,78
2024-08-31 20:00:00+05:30,28.9,81
2024-08-31 21:00:00+05:30,28.5,83
2024-08-31 22:00:00+05:30,28.0,85
2024-08-31 23:00:00+05:30,27.5,87
2024-09-01 00:00:00+05:30,27.0,89
2024-09-01 01:00:00+05:30,26.8,90
2024-09-01 02:00:00+05:30,26.5,91
2024-09-01 03:00:00+05:30,26.4,91
2024-09-01 04:00:00+05:30,26.2,91
2024-09-01 05:00:00+05:30,25.8,93
2024-09-01 06:00:00+05:30,27.0,89
2024-09-01 07:00:00+05:30,28.1,86
2024-09-01 08:00:00+05:30,29.7,78
2024-09-01 09:00:00+05:30,30.9,71
2024-09-01 10:00:00+05:30,31.8,66
2024-09-01 11:00:00+05:30,32.6,63
2024-09-01 12:00:00+05:30,33.2,60
2024-09-01 13:00:00+05:30,33.6,59
2024-09-01 14:00:00+05:30,33.8,58
2024-09-01 15:00:00+05:30,33.7,58
2024-09-01 16:00:00+05:30,33.1,61
2024-09-01 17:00:00+05:30,32.4,67
2024-09-01 18:00:00+05:30,30.8,74
2024-09-01 19:00:00+05:30,29.6,82
2024-09-01 20:00:00+05:30,29.4,81
2024-09-01 21:00:00+05:30,28.8,81
2024-09-01 22:00:00+05:30,27.8,85
2024-09-01 23:00:00+05:30,27.4,88
2024-09-02 00:00:00+05:30,26.9,92
2024-09-02 01:00:00+05:30,26.6,94
2024-09-02 02:00:00+05:30,26.8,93
2024-09-02 03:00:00+05:30,26.8,91
2024-09-02 04:00:00+05:30,25.8,95
2024-09-02 05:00:00+05:30,25.3,94
2024-09-02 06:00:00+05:30,26.2,90
2024-09-02 07:00:00+05:30,26.4,91
2024-09-02 08:00:00+05:30,27.0,89
2024-09-02 09:00:00+05:30,27.8,87
2024-09-02 10:00:00+05:30,29.8,79
2024-09-02 11:00:00+05:30,30.6,72
2024-09-02 12:00:00+05:30,30.6,72
2024-09-02 13:00:00+05:30,31.5,70
2024-09-02 14:00:00+05:30,31.4,71
2024-09-02 15:00:00+05:30,31.5,71
2024-09-02 16:00:00+05:30,28.8,82
2024-09-02 17:00:00+05:30,29.1,82
2024-09-02 18:00:00+05:30,29.4,75
2024-09-02 19:00:00+05:30,28.4,77
2024-09-02 20:00:00+05:30,28.0,78
2024-09-02 21:00:00+05:30,27.4,81
2024-09-02 22:00:00+05:30,27.2,82
2024-09-02 23:00:00+05:30,26.9,85
2024-09-03 00:00:00+05:30,26.7,87
2024-09-03 01:00:00+05:30,26.4,89
2024-09-03 02:00:00+05:30,26.3,89
2024-09-03 03:00:00+05:30,26.2,90
2024-09-03 04:00:00+05:30,26.0,92
2024-09-03 05:00:00+05:30,25.9,92
2024-09-03 06:00:00+05:30,25.9,95
2024-09-03 07:00:00+05:30,25.5,95
2024-09-03 08:00:00+05:30,25.5,93
2024-09-03 09:00:00+05:30,25.7,90
2024-09-03 10:00:00+05:30,26.3,88
2024-09-03 11:00:00+05:30,28.9,80
2024-09-03 12:00:00+05:30,30.2,74
2024-09-03 13:00:00+05:30,31.3,72
2024-09-03 14:00:00+05:30,31.7,71
2024-09-03 15:00:00+05:30,31.9,70
2024-09-03 16:00:00+05:30,31.3,70
2024-09-03 17:00:00+05:30,30.6,74
2024-09-03 18:00:00+05:30,27.0,92
2024-09-03 19:00:00+05:30,26.9,91
2024-09-03 20:00:00+05:30,26.4,94
2024-09-03 21:00:00+05:30,26.1,95
2024-09-03 22:00:00+05:30,25.7,93
2024-09-03 23:00:00+05:30,25.3,93
2024-09-04 00:00:00+05:30,24.9,96
2024-09-04 01:00:00+05:30,24.7,97
2024-09-04 02:00:00+05:30,24.6,97
2024-09-04 03:00:00+05:30,24.5,97
2024-09-04 04:00:00+05:30,24.6,96
2024-09-04 05:00:00+05:30,24.5,97
2024-09-04 06:00:00+05:30,24.6,95
2024-09-04 07:00:00+05:30,25.5,93
2024-09-04 08:00:00+05:30,26.7,89
2024-09-04 09:00:00+05:30,27.5,85
2024-09-04 10:00:00+05:30,27.8,83
2024-09-04 11:00:00+05:30,28.9,79
2024-09-04 12:00:00+05:30,29.5,76
2024-09-04 13:00:00+05:30,30.4,74
2024-09-04 14:00:00+05:30,30.6,74
2024-09-04 15:00:00+05:30,30.8,74
2024-09-04 16:00:00+05:30,30.7,73
2024-09-04 17:00:00+05:30,30.2,74
2024-09-04 18:00:00+05:30,27.8,84
2024-09-04 19:00:00+05:30,27.2,90
2024-09-04 20:00:00+05:30,27.1,89
2024-09-04 21:00:00+05:30,27.0,90
2024-09-04 22:00:00+05:30,26.7,91
2024-09-04 23:00:00+05:30,26.3,93
2024-09-05 00:00:00+05:30,26.1,94
2024-09-05 01:00:00+05:30,26.0,95
2024-09-05 02:00:00+05:30,25.6,96
2024-09-05 03:00:00+05:30,25.3,97
2024-09-05 04:00:00+05:30,25.3,96
2024-09-05 05:00:00+05:30,25.0,98
2024-09-05 06:00:00+05:30,25.6,95
2024-09-05 07:00:00+05:30,26.6,91
2024-09-05 08:00:00+05:30,28.1,82
2024-09-05 09:00:00+05:30,29.2,74
2024-09-05 10:00:00+05:30,30.2,68
2024-09-05 11:00:00+05:30,31.0,64
2024-09-05 12:00:00+05:30,31.6,64
2024-09-05 13:00:00+05:30,31.7,64
2024-09-05 14:00:00+05:30,31.6,65
2024-09-05 15:00:00+05:30,31.6,66
2024-09-05 16:00:00+05:30,30.4,72
2024-09-05 17:00:00+05:30,28.7,83
2024-09-05 18:00:00+05:30,26.4,89
2024-09-05 19:00:00+05:30,26.1,93
2024-09-05 20:00:00+05:30,25.8,96
2024-09-05 21:00:00+05:30,25.8,96
2024-09-05 22:00:00+05:30,25.8,96
2024-09-05 23:00:00+05:30,25.9,96
2024-09-06 00:00:00+05:30,25.5,98
2024-09-06 01:00:00+05:30,25.2,99
2024-09-06 02:00:00+05:30,25.2,98
2024-09-06 03:00:00+05:30,24.2,97
2024-09-06 04:00:00+05:30,24.8,96
2024-09-06 05:00:00+05:30,24.7,97
2024-09-06 06:00:00+05:30,24.9,94
2024-09-06 07:00:00+05:30,25.4,91
2024-09-06 08:00:00+05:30,26.5,86
2024-09-06 09:00:00+05:30,28.3,78
2024-09-06 10:00:00+05:30,29.3,74
2024-09-06 11:00:00+05:30,30.4,73
2024-09-06 12:00:00+05:30,30.8,71
2024-09-06 13:00:00+05:30,28.3,80
2024-09-06 14:00:00+05:30,28.6,79
2024-09-06 15:00:00+05:30,28.6,80
2024-09-06 16:00:00+05:30,27.9,83
2024-09-06 17:00:00+05:30,27.8,82
2024-09-06 18:00:00+05:30,26.2,91
2024-09-06 19:00:00+05:30,25.9,94
2024-09-06 20:00:00+05:30,25.7,95
2024-09-06 21:00:00+05:30,25.6,96
2024-09-06 22:00:00+05:30,25.4,97
2024-09-06 23:00:00+05:30,25.3,97
2024-09-07 00:00:00+05:30,24.9,96
2024-09-07 01:00:00+05:30,24.6,96
2024-09-07 02:00:00+05:30,24.6,96
2024-09-07 03:00:00+05:30,24.4,97
2024-09-07 04:00:00+05:30,24.2,98
2024-09-07 05:00:00+05:30,24.2,98
2024-09-07 06:00:00+05:30,24.7,95
2024-09-07 07:00:00+05:30,25.3,90
2024-09-07 08:00:00+05:30,25.5,90
2024-09-07 09:00:00+05:30,26.3,87
2024-09-07 10:00:00+05:30,28.1,81
2024-09-07 11:00:00+05:30,29.4,78
2024-09-07 12:00:00+05:30,30.4,73
2024-09-07 13:00:00+05:30,30.5,71
2024-09-07 14:00:00+05:30,30.1,74
2024-09-07 15:00:00+05:30,30.2,74
2024-09-07 16:00:00+05:30,30.1,75
2024-09-07 17:00:00+05:30,29.8,75
2024-09-07 18:00:00+05:30,27.3,91
2024-09-07 19:00:00+05:30,27.2,91
2024-09-07 20:00:00+05:30,26.8,94
2024-09-07 21:00:00+05:30,26.7,95
2024-09-07 22:00:00+05:30,26.6,95
2024-09-07 23:00:00+05:30,26.4,96
2024-09-08 00:00:00+05:30,26.0,97
2024-09-08 01:00:00+05:30,25.9,97
2024-09-08 02:00:00+05:30,25.8,97
2024-09-08 03:00:00+05:30,25.5,98
2024-09-08 04:00:00+05:30,25.5,98
2024-09-08 05:00:00+05:30,24.8,97
2024-09-08 06:00:00+05:30,25.9,95
2024-09-08 07:00:00+05:30,26.3,95
2024-09-08 08:00:00+05:30,27.4,89
2024-09-08 09:00:00+05:30,28.6,84
2024-09-08 10:00:00+05:30,30.0,78
2024-09-08 11:00:00+05:30,30.7,77
2024-09-08 12:00:00+05:30,30.9,75
2024-09-08 13:00:00+05:30,31.1,75
2024-09-08 14:00:00+05:30,31.5,73
2024-09-08 15:00:00+05:30,30.7,73
2024-09-08 16:00:00+05:30,30.4,77
2024-09-08 17:00:00+05:30,29.9,82
2024-09-08 18:00:00+05:30,27.6,91
2024-09-08 19:00:00+05:30,27.2,92
2024-09-08 20:00:00+05:30,27.0,92
2024-09-08 21:00:00+05:30,26.8,93
2024-09-08 22:00:00+05:30,26.7,93
2024-09-08 23:00:00+05:30,26.5,94
2024-09-09 00:00:00+05:30,26.3,95
2024-09-09 01:00:00+05:30,26.2,95
2024-09-09 02:00:00+05:30,26.0,95
2024-09-09 03:00:00+05:30,25.7,96
2024-09-09 04:00:00+05:30,25.6,96
2024-09-09 05:00:00+05:30,25.4,96
2024-09-09 06:00:00+05:30,26.1,94
2024-09-09 07:00:00+05:30,27.0,91
2024-09-09 08:00:00+05:30,28.5,84
2024-09-09 09:00:00+05:30,29.9,75
2024-09-09 10:00:00+05:30,31.0,68
2024-09-09 11:00:00+05:30,31.7,65
2024-09-09 12:00:00+05:30,32.3,63
2024-09-09 13:00:00+05:30,32.8,60
2024-09-09 14:00:00+05:30,32.9,60
2024-09-09 15:00:00+05:30,32.8,61
2024-09-09 16:00:00+05:30,32.2,64
2024-09-09 17:00:00+05:30,31.4,71
2024-09-09 18:00:00+05:30,28.7,87
2024-09-09 19:00:00+05:30,27.2,90
2024-09-09 20:00:00+05:30,26.7,92
2024-09-09 21:00:00+05:30,26.4,94
2024-09-09 22:00:00+05:30,26.4,94
2024-09-09 23:00:00+05:30,26.6,93
2024-09-10 00:00:00+05:30,26.0,96
2024-09-10 01:00:00+05:30,25.8,97
2024-09-10 02:00:00+05:30,25.9,97
2024-09-10 03:00:00+05:30,25.5,98
2024-09-10 04:00:00+05:30,25.1,99
2024-09-10 05:00:00+05:30,24.6,99
2024-09-10 06:00:00+05:30,25.5,95
2024-09-10 07:00:00+05:30,26.0,94
2024-09-10 08:00:00+05:30,26.7,90
2024-09-10 09:00:00+05:30,28.5,81
2024-09-10 10:00:00+05:30,29.4,80
2024-09-10 11:00:00+05:30,29.8,80
2024-09-10 12:00:00+05:30,30.4,80
2024-09-10 13:00:00+05:30,30.9,79
2024-09-10 14:00:00+05:30,30.4,79
2024-09-10 15:00:00+05:30,30.0,79
2024-09-10 16:00:00+05:30,28.3,86
2024-09-10 17:00:00+05:30,27.8,88
2024-09-10 18:00:00+05:30,27.1,91
2024-09-10 19:00:00+05:30,27.1,90
2024-09-10 20:00:00+05:30,26.9,91
2024-09-10 21:00:00+05:30,26.5,94
2024-09-10 22:00:00+05:30,25.9,98
2024-09-10 23:00:00+05:30,26.0,97
2024-09-11 00:00:00+05:30,25.9,98
2024-09-11 01:00:00+05:30,25.6,99
2024-09-11 02:00:00+05:30,25.7,99
2024-09-11 03:00:00+05:30,25.8,99
2024-09-11 04:00:00+05:30,25.6,99
2024-09-11 05:00:00+05:30,25.2,99
2024-09-11 06:00:00+05:30,25.8,97
2024-09-11 07:00:00+05:30,26.8,92
2024-09-11 08:00:00+05:30,28.0,87
2024-09-11 09:00:00+05:30,29.3,81
2024-09-11 10:00:00+05:30,30.4,78
2024-09-11 11:00:00+05:30,31.2,74
2024-09-11 12:00:00+05:30,31.8,72
2024-09-11 13:00:00+05:30,29.7,76
2024-09-11 14:00:00+05:30,28.5,79
2024-09-11 15:00:00+05:30,28.8,82
2024-09-11 16:00:00+05:30,29.0,84
2024-09-11 17:00:00+05:30,29.1,86
2024-09-11 18:00:00+05:30,28.6,89
2024-09-11 19:00:00+05:30,27.9,90
2024-09-11 20:00:00+05:30,27.2,94
2024-09-11 21:00:00+05:30,27.1,93
2024-09-11 22:00:00+05:30,26.9,92
2024-09-11 23:00:00+05:30,26.9,92
2024-09-12 00:00:00+05:30,27.4,88
2024-09-12 01:00:00+05:30,26.6,90
2024-09-12 02:00:00+05:30,25.9,91
2024-09-12 03:00:00+05:30,25.9,91
2024-09-12 04:00:00+05:30,25.9,92
2024-09-12 05:00:00+05:30,25.9,92
2024-09-12 06:00:00+05:30,25.8,92
2024-09-12 07:00:00+05:30,25.7,93
2024-09-12 08:00:00+05:30,25.6,92
2024-09-12 09:00:00+05:30,25.3,93
2024-09-12 10:00:00+05:30,25.3,93
2024-09-12 11:00:00+05:30,25.5,92
2024-09-12 12:00:00+05:30,26.2,91
2024-09-12 13:00:00+05:30,25.9,91
2024-09-12 14:00:00+05:30,25.7,91
2024-09-12 15:00:00+05:30,25.1,91
2024-09-12 16:00:00+05:30,25.4,90
2024-09-12 17:00:00+05:30,25.2,91
2024-09-12 18:00:00+05:30,24.8,91
2024-09-12 19:00:00+05:30,24.4,90
2024-09-12 20:00:00+05:30,24.0,92
2024-09-12 21:00:00+05:30,24.2,94
2024-09-12 22:00:00+05:30,24.2,93
2024-09-12 23:00:00+05:30,24.0,93
2024-09-13 00:00:00+05:30,23.9,94
2024-09-13 01:00:00+05:30,23.6,94
2024-09-13 02:00:00+05:30,23.6,92
2024-09-13 03:00:00+05:30,23.4,92
2024-09-13 04:00:00+05:30,23.4,91
2024-09-13 05:00:00+05:30,23.4,90
2024-09-13 06:00:00+05:30,24.2,93
2024-09-13 07:00:00+05:30,24.4,93
2024-09-13 08:00:00+05:30,24.8,93
2024-09-13 09:00:00+05:30,25.7,88
2024-09-13 10:00:00+05:30,27.2,84
2024-09-13 11:00:00+05:30,29.4,76
2024-09-13 12:00:00+05:30,31.4,69
2024-09-13 13:00:00+05:30,27.2,84
2024-09-13 14:00:00+05:30,26.6,84
2024-09-13 15:00:00+05:30,28.7,83
2024-09-13 16:00:00+05:30,29.0,81
2024-09-13 17:00:00+05:30,27.1,84
2024-09-13 18:00:00+05:30,25.0,93
2024-09-13 19:00:00+05:30,24.5,95
2024-09-13 20:00:00+05:30,24.6,94
2024-09-13 21:00:00+05:30,24.6,96
2024-09-13 22:00:00+05:30,24.5,95
2024-09-13 23:00:00+05:30,24.3,96
2024-09-14 00:00:00+05:30,23.9,96
2024-09-14 01:00:00+05:30,23.8,96
2024-09-14 02:00:00+05:30,23.4,96
2024-09-14 03:00:00+05:30,23.2,97
2024-09-14 04:00:00+05:30,22.9,98
2024-09-14 05:00:00+05:30,22.8,99
2024-09-14 06:00:00+05:30,24.0,89
2024-09-14 07:00:00+05:30,24.8,87
2024-09-14 08:00:00+05:30,26.0,81
2024-09-14 09:00:00+05:30,26.9,79
2024-09-14 10:00:00+05:30,28.1,76
2024-09-14 11:00:00+05:30,29.0,74
2024-09-14 12:00:00+05:30,29.6,72
2024-09-14 13:00:00+05:30,29.7,70
2024-09-14 14:00:00+05:30,29.8,67
2024-09-14 15:00:00+05:30,30.0,67
2024-09-14 16:00:00+05:30,29.6,69
2024-09-14 17:00:00+05:30,28.4,78
2024-09-14 18:00:00+05:30,26.9,85
2024-09-14 19:00:00+05:30,24.0,92
2024-09-14 20:00:00+05:30,23.9,94
2024-09-14 21:00:00+05:30,23.8,94
2024-09-14 22:00:00+05:30,23.8,93
2024-09-14 23:00:00+05:30,23.7,94
2024-09-15 00:00:00+05:30,23.1,95
2024-09-15 01:00:00+05:30,23.3,94
2024-09-15 02:00:00+05:30,23.1,95
2024-09-15 03:00:00+05:30,23.5,93
2024-09-15 04:00:00+05:30,22.7,96
2024-09-15 05:00:00+05:30,22.9,96
2024-09-15 06:00:00+05:30,24.1,93
2024-09-15 07:00:00+05:30,24.9,87
2024-09-15 08:00:00+05:30,26.2,79
2024-09-15 09:00:00+05:30,27.5,74
2024-09-15 10:00:00+05:30,28.7,70
2024-09-15 11:00:00+05:30,29.9,67
2024-09-15 12:00:00+05:30,30.7,65
2024-09-15 13:00:00+05:30,31.2,63
2024-09-15 14:00:00+05:30,31.1,61
2024-09-15 15:00:00+05:30,31.2,61
2024-09-15 16:00:00+05:30,30.8,62
2024-09-15 17:00:00+05:30,29.8,68
2024-09-15 18:00:00+05:30,25.9,83
2024-09-15 19:00:00+05:30,25.7,83
2024-09-15 20:00:00+05:30,24.9,88
2024-09-15 21:00:00+05:30,24.8,88
2024-09-15 22:00:00+05:30,24.5,90
2024-09-15 23:00:00+05:30,25.4,83
2024-09-16 00:00:00+05:30,25.5,82
2024-09-16 01:00:00+05:30,23.9,92
2024-09-16 02:00:00+05:30,24.2,90
2024-09-16 03:00:00+05:30,24.2,86
2024-09-16 04:00:00+05:30,24.2,83
2024-09-16 05:00:00+05:30,23.8,81
2024-09-16 06:00:00+05:30,24.5,83
2024-09-16 07:00:00+05:30,25.1,81
2024-09-16 08:00:00+05:30,26.5,75
2024-09-16 09:00:00+05:30,28.1,71
2024-09-16 10:00:00+05:30,29.6,66
2024-09-16 11:00:00+05:30,30.7,61
2024-09-16 12:00:00+05:30,31.6,56
2024-09-16 13:00:00+05:30,31.9,54
2024-09-16 14:00:00+05:30,32.3,53
2024-09-16 15:00:00+05:30,32.1,54
2024-09-16 16:00:00+05:30,31.6,59
2024-09-16 17:00:00+05:30,30.4,66
2024-09-16 18:00:00+05:30,27.9,71
2024-09-16 19:00:00+05:30,26.7,76
2024-09-16 20:00:00+05:30,25.7,82
2024-09-16 21:00:00+05:30,25.1,84
2024-09-16 22:00:00+05:30,24.6,86
2024-09-16 23:00:00+05:30,23.9,89
2024-09-17 00:00:00+05:30,23.5,92
2024-09-17 01:00:00+05:30,23.4,92
2024-09-17 02:00:00+05:30,24.2,87
2024-09-17 03:00:00+05:30,24.5,83
2024-09-17 04:00:00+05:30,23.8,86
2024-09-17 05:00:00+05:30,23.8,86
2024-09-17 06:00:00+05:30,24.3,86
2024-09-17 07:00:00+05:30,25.0,86
2024-09-17 08:00:00+05:30,26.7,81
2024-09-17 09:00:00+05:30,28.4,74
2024-09-17 10:00:00+05:30,29.5,68
2024-09-17 11:00:00+05:30,29.9,66
2024-09-17 12:00:00+05:30,30.6,63
2024-09-17 13:00:00+05:30,31.6,60
2024-09-17 14:00:00+05:30,31.7,60
2024-09-17 15:00:00+05:30,31.5,61
2024-09-17 16:00:00+05:30,31.1,62
2024-09-17 17:00:00+05:30,30.1,71
2024-09-17 18:00:00+05:30,30.1,68
2024-09-17 19:00:00+05:30,27.9,80
2024-09-17 20:00:00+05:30,27.8,80
2024-09-17 21:00:00+05:30,28.5,72
2024-09-17 22:00:00+05:30,27.2,80
2024-09-17 23:00:00+05:30,26.3,83
2024-09-18 00:00:00+05:30,25.2,88
2024-09-18 01:00:00+05:30,25.0,89
2024-09-18 02:00:00+05:30,24.8,90
2024-09-18 03:00:00+05:30,24.9,89
2024-09-18 04:00:00+05:30,24.7,90
2024-09-18 05:00:00+05:30,24.1,94
2024-09-18 06:00:00+05:30,25.2,93
2024-09-18 07:00:00+05:30,25.5,92
2024-09-18 08:00:00+05:30,26.2,87
2024-09-18 09:00:00+05:30,26.8,86
2024-09-18 10:00:00+05:30,27.3,77
2024-09-18 11:00:00+05:30,27.3,68
2024-09-18 12:00:00+05:30,26.1,73
2024-09-18 13:00:00+05:30,25.7,77
2024-09-18 14:00:00+05:30,25.4,77
2024-09-18 15:00:00+05:30,24.6,88
2024-09-18 16:00:00+05:30,24.3,90
2024-09-18 17:00:00+05:30,24.1,89
2024-09-18 18:00:00+05:30,23.5,90
2024-09-18 19:00:00+05:30,23.3,90
2024-09-18 20:00:00+05:30,23.1,90
2024-09-18 21:00:00+05:30,23.0,91
2024-09-18 22:00:00+05:30,23.1,92
2024-09-18 23:00:00+05:30,23.0,94
2024-09-19 00:00:00+05:30,22.9,93
2024-09-19 01:00:00+05:30,23.1,92
2024-09-19 02:00:00+05:30,23.1,93
2024-09-19 03:00:00+05:30,23.1,94
2024-09-19 04:00:00+05:30,23.2,94
2024-09-19 05:00:00+05:30,23.2,95
2024-09-19 06:00:00+05:30,23.6,96
2024-09-19 07:00:00+05:30,24.8,90
2024-09-19 08:00:00+05:30,26.0,86
2024-09-19 09:00:00+05:30,27.4,82
2024-09-19 10:00:00+05:30,28.8,78
2024-09-19 11:00:00+05:30,29.4,73
2024-09-19 12:00:00+05:30,29.0,73
2024-09-19 13:00:00+05:30,29.9,74
2024-09-19 14:00:00+05:30,29.6,73
2024-09-19 15:00:00+05:30,29.9,72
2024-09-19 16:00:00+05:30,29.9,71
2024-09-19 17:00:00+05:30,29.4,75
2024-09-19 18:00:00+05:30,27.1,87
2024-09-19 19:00:00+05:30,26.6,90
2024-09-19 20:00:00+05:30,26.3,91
2024-09-19 21:00:00+05:30,26.1,93
2024-09-19 22:00:00+05:30,25.1,96
2024-09-19 23:00:00+05:30,24.8,96
2024-09-20 00:00:00+05:30,24.5,97
2024-09-20 01:00:00+05:30,24.5,98
2024-09-20 02:00:00+05:30,24.5,99
2024-09-20 03:00:00+05:30,24.6,99
2024-09-20 04:00:00+05:30,24.5,99
2024-09-20 05:00:00+05:30,24.7,98
2024-09-20 06:00:00+05:30,24.0,100
2024-09-20 07:00:00+05:30,25.2,98
2024-09-20 08:00:00+05:30,27.3,81
2024-09-20 09:00:00+05:30,28.5,74
2024-09-20 10:00:00+05:30,29.5,71
2024-09-20 11:00:00+05:30,30.3,65
2024-09-20 12:00:00+05:30,30.9,64
2024-09-20 13:00:00+05:30,31.4,61
2024-09-20 14:00:00+05:30,31.4,59
2024-09-20 15:00:00+05:30,31.2,60
2024-09-20 16:00:00+05:30,31.0,61
2024-09-20 17:00:00+05:30,29.8,70
2024-09-20 18:00:00+05:30,27.9,82
2024-09-20 19:00:00+05:30,27.1,83
2024-09-20 20:00:00+05:30,26.5,84
2024-09-20 21:00:00+05:30,26.0,85
2024-09-20 22:00:00+05:30,25.8,86
2024-09-20 23:00:00+05:30,25.5,87
2024-09-21 00:00:00+05:30,25.0,90
2024-09-21 01:00:00+05:30,24.8,91
2024-09-21 02:00:00+05:30,25.2,90
2024-09-21 03:00:00+05:30,25.4,89
2024-09-21 04:00:00+05:30,25.5,91
2024-09-21 05:00:00+05:30,25.5,92
2024-09-21 06:00:00+05:30,26.0,88
2024-09-21 07:00:00+05:30,26.4,90
2024-09-21 08:00:00+05:30,27.7,83
2024-09-21 09:00:00+05:30,29.0,76
2024-09-21 10:00:00+05:30,30.0,72
2024-09-21 11:00:00+05:30,30.8,68
2024-09-21 12:00:00+05:30,31.1,66
2024-09-21 13:00:00+05:30,31.5,64
2024-09-21 14:00:00+05:30,31.5,64
2024-09-21 15:00:00+05:30,31.7,63
2024-09-21 16:00:00+05:30,31.6,62
2024-09-21 17:00:00+05:30,30.8,72
2024-09-21 18:00:00+05:30,30.5,67
2024-09-21 19:00:00+05:30,28.1,82
2024-09-21 20:00:00+05:30,27.2,87
2024-09-21 21:00:00+05:30,26.8,88
2024-09-21 22:00:00+05:30,26.4,90
2024-09-21 23:00:00+05:30,26.2,89
2024-09-22 00:00:00+05:30,26.0,88
2024-09-22 01:00:00+05:30,25.5,91
2024-09-22 02:00:00+05:30,25.1,93
2024-09-22 03:00:00+05:30,25.8,89
2024-09-22 04:00:00+05:30,26.3,85
2024-09-22 05:00:00+05:30,26.3,86
2024-09-22 06:00:00+05:30,26.1,91
2024-09-22 07:00:00+05:30,27.3,88
2024-09-22 08:00:00+05:30,28.9,82
2024-09-22 09:00:00+05:30,30.1,77
2024-09-22 10:00:00+05:30,31.3,72
2024-09-22 11:00:00+05:30,32.1,67
2024-09-22 12:00:00+05:30,32.6,65
2024-09-22 13:00:00+05:30,33.0,61
2024-09-22 14:00:00+05:30,33.2,60
2024-09-22 15:00:00+05:30,33.1,61
2024-09-22 16:00:00+05:30,32.9,60
2024-09-22 17:00:00+05:30,31.9,72
2024-09-22 18:00:00+05:30,30.2,77
2024-09-22 19:00:00+05:30,29.2,81
2024-09-22 20:00:00+05:30,28.6,83
2024-09-22 21:00:00+05:30,28.0,86
2024-09-22 22:00:00+05:30,27.4,87
2024-09-22 23:00:00+05:30,26.6,89
2024-09-23 00:00:00+05:30,26.1,90
2024-09-23 01:00:00+05:30,25.8,91
2024-09-23 02:00:00+05:30,25.6,92
2024-09-23 03:00:00+05:30,25.3,93
2024-09-23 04:00:00+05:30,25.1,94
2024-09-23 05:00:00+05:30,24.9,94
2024-09-23 06:00:00+05:30,25.5,91
2024-09-23 07:00:00+05:30,26.8,88
2024-09-23 08:00:00+05:30,28.6,81
2024-09-23 09:00:00+05:30,30.4,73
2024-09-23 10:00:00+05:30,31.7,67
2024-09-23 11:00:00+05:30,32.5,64
2024-09-23 12:00:00+05:30,33.1,63
2024-09-23 13:00:00+05:30,33.5,61
2024-09-23 14:00:00+05:30,33.6,61
2024-09-23 15:00:00+05:30,33.4,62
2024-09-23 16:00:00+05:30,32.9,63
2024-09-23 17:00:00+05:30,31.7,70
2024-09-23 18:00:00+05:30,30.1,74
2024-09-23 19:00:00+05:30,29.1,79
2024-09-23 20:00:00+05:30,28.3,83
2024-09-23 21:00:00+05:30,27.6,86
2024-09-23 22:00:00+05:30,27.1,88
2024-09-23 23:00:00+05:30,26.9,87
2024-09-24 00:00:00+05:30,26.5,88
2024-09-24 01:00:00+05:30,26.1,90
2024-09-24 02:00:00+05:30,25.9,91
2024-09-24 03:00:00+05:30,25.6,92
2024-09-24 04:00:00+05:30,25.4,93
2024-09-24 05:00:00+05:30,25.2,95
2024-09-24 06:00:00+05:30,26.3,91
2024-09-24 07:00:00+05:30,27.4,89
2024-09-24 08:00:00+05:30,29.3,81
2024-09-24 09:00:00+05:30,30.8,72
2024-09-24 10:00:00+05:30,31.9,65
2024-09-24 11:00:00+05:30,32.6,62
2024-09-24 12:00:00+05:30,33.1,60
2024-09-24 13:00:00+05:30,33.5,58
2024-09-24 14:00:00+05:30,33.7,57
2024-09-24 15:00:00+05:30,33.7,55
2024-09-24 16:00:00+05:30,33.5,56
2024-09-24 17:00:00+05:30,32.3,67
2024-09-24 18:00:00+05:30,30.2,79
2024-09-24 19:00:00+05:30,29.3,80
2024-09-24 20:00:00+05:30,29.0,79
2024-09-24 21:00:00+05:30,28.6,82
2024-09-24 22:00:00+05:30,28.0,86
2024-09-24 23:00:00+05:30,27.7,88
2024-09-25 00:00:00+05:30,27.4,89
2024-09-25 01:00:00+05:30,27.2,90
2024-09-25 02:00:00+05:30,26.8,93
2024-09-25 03:00:00+05:30,26.8,92
2024-09-25 04:00:00+05:30,26.7,93
2024-09-25 05:00:00+05:30,26.2,93
2024-09-25 06:00:00+05:30,27.0,93
2024-09-25 07:00:00+05:30,27.8,91
2024-09-25 08:00:00+05:30,29.1,86
2024-09-25 09:00:00+05:30,30.6,79
2024-09-25 10:00:00+05:30,31.7,73
2024-09-25 11:00:00+05:30,32.6,66
2024-09-25 12:00:00+05:30,32.9,63
2024-09-25 13:00:00+05:30,32.6,65
2024-09-25 14:00:00+05:30,31.5,70
2024-09-25 15:00:00+05:30,31.1,75
2024-09-25 16:00:00+05:30,31.1,75
2024-09-25 17:00:00+05:30,30.6,77
2024-09-25 18:00:00+05:30,29.0,79
2024-09-25 19:00:00+05:30,28.4,82
2024-09-25 20:00:00+05:30,27.9,85
2024-09-25 21:00:00+05:30,27.4,86
2024-09-25 22:00:00+05:30,26.7,87
2024-09-25 23:00:00+05:30,26.3,89
2024-09-26 00:00:00+05:30,26.0,90
2024-09-26 01:00:00+05:30,25.8,92
2024-09-26 02:00:00+05:30,25.6,94
2024-09-26 03:00:00+05:30,25.5,95
2024-09-26 04:00:00+05:30,25.3,96
2024-09-26 05:00:00+05:30,25.2,96
2024-09-26 06:00:00+05:30,25.5,93
2024-09-26 07:00:00+05:30,26.2,90
2024-09-26 08:00:00+05:30,27.3,85
2024-09-26 09:00:00+05:30,28.0,85
2024-09-26 10:00:00+05:30,29.1,79
2024-09-26 11:00:00+05:30,30.0,74
2024-09-26 12:00:00+05:30,31.0,71
2024-09-26 13:00:00+05:30,31.3,69
2024-09-26 14:00:00+05:30,31.6,66
2024-09-26 15:00:00+05:30,31.5,65
2024-09-26 16:00:00+05:30,30.7,68
2024-09-26 17:00:00+05:30,29.8,75
2024-09-26 18:00:00+05:30,28.6,79
2024-09-26 19:00:00+05:30,28.1,81
2024-09-26 20:00:00+05:30,27.7,82
2024-09-26 21:00:00+05:30,27.4,82
2024-09-26 22:00:00+05:30,27.1,84
2024-09-26 23:00:00+05:30,26.7,85
2024-09-27 00:00:00+05:30,26.3,86
2024-09-27 01:00:00+05:30,26.0,87
2024-09-27 02:00:00+05:30,25.6,89
2024-09-27 03:00:00+05:30,25.3,91
2024-09-27 04:00:00+05:30,25.1,91
2024-09-27 05:00:00+05:30,25.0,90
2024-09-27 06:00:00+05:30,25.3,89
2024-09-27 07:00:00+05:30,25.9,84
2024-09-27 08:00:00+05:30,26.7,81
2024-09-27 09:00:00+05:30,27.9,78
2024-09-27 10:00:00+05:30,29.2,71
2024-09-27 11:00:00+05:30,29.6,70
2024-09-27 12:00:00+05:30,30.2,67
2024-09-27 13:00:00+05:30,31.0,64
2024-09-27 14:00:00+05:30,30.9,65
2024-09-27 15:00:00+05:30,30.5,65
2024-09-27 16:00:00+05:30,29.5,71
2024-09-27 17:00:00+05:30,29.0,75
2024-09-27 18:00:00+05:30,27.6,80
2024-09-27 19:00:00+05:30,26.6,85
2024-09-27 20:00:00+05:30,26.0,88
2024-09-27 21:00:00+05:30,25.8,89
2024-09-27 22:00:00+05:30,25.4,85
2024-09-27 23:00:00+05:30,24.8,84
2024-09-28 00:00:00+05:30,24.4,86
2024-09-28 01:00:00+05:30,23.9,89
2024-09-28 02:00:00+05:30,23.5,92
2024-09-28 03:00:00+05:30,23.2,94
2024-09-28 04:00:00+05:30,23.1,95
2024-09-28 05:00:00+05:30,23.0,96
2024-09-28 06:00:00+05:30,23.2,95
2024-09-28 07:00:00+05:30,24.2,91
2024-09-28 08:00:00+05:30,25.4,86
2024-09-28 09:00:00+05:30,26.9,80
2024-09-28 10:00:00+05:30,28.3,74
2024-09-28 11:00:00+05:30,28.9,71
2024-09-28 12:00:00+05:30,30.2,65
2024-09-28 13:00:00+05:30,30.4,63
2024-09-28 14:00:00+05:30,30.6,62
2024-09-28 15:00:00+05:30,30.4,64
2024-09-28 16:00:00+05:30,30.0,65
2024-09-28 17:00:00+05:30,29.2,71
2024-09-28 18:00:00+05:30,27.3,78
2024-09-28 19:00:00+05:30,26.5,83
2024-09-28 20:00:00+05:30,25.7,87
2024-09-28 21:00:00+05:30,25.3,88
2024-09-28 22:00:00+05:30,24.8,89
2024-09-28 23:00:00+05:30,24.2,91
2024-09-29 00:00:00+05:30,23.7,93
2024-09-29 01:00:00+05:30,23.4,95
2024-09-29 02:00:00+05:30,23.2,96
2024-09-29 03:00:00+05:30,23.1,97
2024-09-29 04:00:00+05:30,23.0,98
2024-09-29 05:00:00+05:30,22.7,98
2024-09-29 06:00:00+05:30,23.4,96
2024-09-29 07:00:00+05:30,24.2,93
2024-09-29 08:00:00+05:30,25.7,85
2024-09-29 09:00:00+05:30,27.1,78
2024-09-29 10:00:00+05:30,28.0,75
2024-09-29 11:00:00+05:30,28.7,72
2024-09-29 12:00:00+05:30,29.3,69
2024-09-29 13:00:00+05:30,30.4,66
2024-09-29 14:00:00+05:30,30.6,65
2024-09-29 15:00:00+05:30,30.4,65
2024-09-29 16:00:00+05:30,30.2,66
2024-09-29 17:00:00+05:30,29.4,74
2024-09-29 18:00:00+05:30,28.1,81
2024-09-29 19:00:00+05:30,27.7,81
2024-09-29 20:00:00+05:30,27.4,81
2024-09-29 21:00:00+05:30,25.9,90
2024-09-29 22:00:00+05:30,25.5,92
2024-09-29 23:00:00+05:30,25.9,89
2024-09-30 00:00:00+05:30,25.3,92
2024-09-30 01:00:00+05:30,24.3,95
2024-09-30 02:00:00+05:30,24.3,94
2024-09-30 03:00:00+05:30,24.3,93
2024-09-30 04:00:00+05:30,24.0,94
2024-09-30 05:00:00+05:30,23.6,96
2024-09-30 06:00:00+05:30,24.2,95
2024-09-30 07:00:00+05:30,25.3,92
2024-09-30 08:00:00+05:30,27.3,84
2024-09-30 09:00:00+05:30,29.1,74
2024-09-30 10:00:00+05:30,30.3,67
2024-09-30 11:00:00+05:30,31.1,62
2024-09-30 12:00:00+05:30,32.0,57
2024-09-30 13:00:00+05:30,32.6,54
2024-09-30 14:00:00+05:30,32.9,53
2024-09-30 15:00:00+05:30,32.6,55
2024-09-30 16:00:00+05:30,31.9,60
2024-09-30 17:00:00+05:30,30.4,68
2024-09-30 18:00:00+05:30,28.4,75
2024-09-30 19:00:00+05:30,27.1,83
2024-09-30 20:00:00+05:30,27.1,82
2024-09-30 21:00:00+05:30,26.2,86
2024-09-30 22:00:00+05:30,25.7,87
2024-09-30 23:00:00+05:30,25.5,88
2024-10-01 00:00:00+05:30,25.3,89
2024-10-01 01:00:00+05:30,24.9,91
2024-10-01 02:00:00+05:30,24.6,93
2024-10-01 03:00:00+05:30,24.3,94
2024-10-01 04:00:00+05:30,24.1,94
2024-10-01 05:00:00+05:30,23.8,94
2024-10-01 06:00:00+05:30,24.4,90
2024-10-01 07:00:00+05:30,25.6,87
2024-10-01 08:00:00+05:30,27.5,80
2024-10-01 09:00:00+05:30,29.3,72
2024-10-01 10:00:00+05:30,30.6,65
2024-10-01 11:00:00+05:30,31.6,61
2024-10-01 12:00:00+05:30,32.4,57
2024-10-01 13:00:00+05:30,33.0,57
2024-10-01 14:00:00+05:30,33.2,58
2024-10-01 15:00:00+05:30,33.3,58
2024-10-01 16:00:00+05:30,32.9,60
2024-10-01 17:00:00+05:30,31.4,68
2024-10-01 18:00:00+05:30,28.8,76
2024-10-01 19:00:00+05:30,27.8,83
2024-10-01 20:00:00+05:30,28.0,81
2024-10-01 21:00:00+05:30,27.9,80
2024-10-01 22:00:00+05:30,27.2,83
2024-10-01 23:00:00+05:30,25.7,90
2024-10-02 00:00:00+05:30,25.2,92
2024-10-02 01:00:00+05:30,25.0,92
2024-10-02 02:00:00+05:30,24.5,94
2024-10-02 03:00:00+05:30,24.3,95
2024-10-02 04:00:00+05:30,24.3,94
2024-10-02 05:00:00+05:30,24.4,93
2024-10-02 06:00:00+05:30,25.7,89
2024-10-02 07:00:00+05:30,27.0,85
2024-10-02 08:00:00+05:30,28.9,80
2024-10-02 09:00:00+05:30,30.7,73
2024-10-02 10:00:00+05:30,32.1,67
2024-10-02 11:00:00+05:30,33.2,60
2024-10-02 12:00:00+05:30,34.0,55
2024-10-02 13:00:00+05:30,34.4,52
2024-10-02 14:00:00+05:30,34.7,49
2024-10-02 15:00:00+05:30,34.6,48
2024-10-02 16:00:00+05:30,33.7,52
2024-10-02 17:00:00+05:30,31.5,63
2024-10-02 18:00:00+05:30,28.9,76
2024-10-02 19:00:00+05:30,30.4,66
2024-10-02 20:00:00+05:30,27.5,80
2024-10-02 21:00:00+05:30,26.8,80
2024-10-02 22:00:00+05:30,26.6,79
2024-10-02 23:00:00+05:30,26.0,80
2024-10-03 00:00:00+05:30,25.1,86
2024-10-03 01:00:00+05:30,24.8,87
2024-10-03 02:00:00+05:30,24.7,86
2024-10-03 03:00:00+05:30,24.7,84
2024-10-03 04:00:00+05:30,24.5,84
2024-10-03 05:00:00+05:30,24.6,80
2024-10-03 06:00:00+05:30,25.9,63
2024-10-03 07:00:00+05:30,26.4,63
2024-10-03 08:00:00+05:30,28.1,64
2024-10-03 09:00:00+05:30,29.8,58
2024-10-03 10:00:00+05:30,31.2,54
2024-10-03 11:00:00+05:30,32.3,50
2024-10-03 12:00:00+05:30,33.1,48
2024-10-03 13:00:00+05:30,33.7,47
2024-10-03 14:00:00+05:30,34.0,46
2024-10-03 15:00:00+05:30,33.9,47
2024-10-03 16:00:00+05:30,33.1,55
2024-10-03 17:00:00+05:30,30.6,74
2024-10-03 18:00:00+05:30,29.2,71
2024-10-03 19:00:00+05:30,28.0,76
2024-10-03 20:00:00+05:30,26.7,81
2024-10-03 21:00:00+05:30,28.3,73
2024-10-03 22:00:00+05:30,25.0,88
2024-10-03 23:00:00+05:30,25.6,83
2024-10-04 00:00:00+05:30,24.9,86
2024-10-04 01:00:00+05:30,23.8,92
2024-10-04 02:00:00+05:30,23.8,92
2024-10-04 03:00:00+05:30,23.5,92
2024-10-04 04:00:00+05:30,23.7,90
2024-10-04 05:00:00+05:30,23.4,90
2024-10-04 06:00:00+05:30,25.3,67
2024-10-04 07:00:00+05:30,26.1,65
2024-10-04 08:00:00+05:30,27.8,63
2024-10-04 09:00:00+05:30,29.5,56
2024-10-04 10:00:00+05:30,31.0,52
2024-10-04 11:00:00+05:30,32.1,50
2024-10-04 12:00:00+05:30,33.0,49
2024-10-04 13:00:00+05:30,33.4,49
2024-10-04 14:00:00+05:30,33.6,50
2024-10-04 15:00:00+05:30,33.5,51
2024-10-04 16:00:00+05:30,33.0,56
2024-10-04 17:00:00+05:30,31.0,73
2024-10-04 18:00:00+05:30,28.8,74
2024-10-04 19:00:00+05:30,27.7,78
2024-10-04 20:00:00+05:30,27.8,76
2024-10-04 21:00:00+05:30,26.9,80
2024-10-04 22:00:00+05:30,25.8,85
2024-10-04 23:00:00+05:30,25.5,86
2024-10-05 00:00:00+05:30,25.0,88
2024-10-05 01:00:00+05:30,25.0,87
2024-10-05 02:00:00+05:30,24.2,92
2024-10-05 03:00:00+05:30,23.9,93
2024-10-05 04:00:00+05:30,23.5,94
2024-10-05 05:00:00+05:30,23.7,89
2024-10-05 06:00:00+05:30,25.4,73
2024-10-05 07:00:00+05:30,26.1,69
2024-10-05 08:00:00+05:30,27.7,66
2024-10-05 09:00:00+05:30,29.2,63
2024-10-05 10:00:00+05:30,30.6,61
2024-10-05 11:00:00+05:30,32.0,56
2024-10-05 12:00:00+05:30,32.9,53
2024-10-05 13:00:00+05:30,33.5,50
2024-10-05 14:00:00+05:30,33.7,48
2024-10-05 15:00:00+05:30,33.5,48
2024-10-05 16:00:00+05:30,32.9,54
2024-10-05 17:00:00+05:30,30.8,71
2024-10-05 18:00:00+05:30,28.2,70
2024-10-05 19:00:00+05:30,29.9,59
2024-10-05 20:00:00+05:30,29.2,61
2024-10-05 21:00:00+05:30,26.0,75
2024-10-05 22:00:00+05:30,25.9,73
2024-10-05 23:00:00+05:30,25.5,72
2024-10-06 00:00:00+05:30,25.8,71
2024-10-06 01:00:00+05:30,25.1,75
2024-10-06 02:00:00+05:30,24.1,81
2024-10-06 03:00:00+05:30,24.1,79
2024-10-06 04:00:00+05:30,23.3,82
2024-10-06 05:00:00+05:30,23.2,80
2024-10-06 06:00:00+05:30,23.7,84
2024-10-06 07:00:00+05:30,25.0,80
2024-10-06 08:00:00+05:30,27.2,73
2024-10-06 09:00:00+05:30,29.3,65
2024-10-06 10:00:00+05:30,30.8,59
2024-10-06 11:00:00+05:30,32.0,55
2024-10-06 12:00:00+05:30,33.0,49
2024-10-06 13:00:00+05:30,33.5,45
2024-10-06 14:00:00+05:30,33.6,43
2024-10-06 15:00:00+05:30,32.8,43
2024-10-06 16:00:00+05:30,31.4,51
2024-10-06 17:00:00+05:30,29.6,60
2024-10-06 18:00:00+05:30,29.0,59
2024-10-06 19:00:00+05:30,27.4,65
2024-10-06 20:00:00+05:30,26.1,72
2024-10-06 21:00:00+05:30,25.1,77
2024-10-06 22:00:00+05:30,24.5,80
2024-10-06 23:00:00+05:30,24.1,81
2024-10-07 00:00:00+05:30,23.6,83
2024-10-07 01:00:00+05:30,23.1,85
2024-10-07 02:00:00+05:30,22.8,86
2024-10-07 03:00:00+05:30,22.9,85
2024-10-07 04:00:00+05:30,21.8,91
2024-10-07 05:00:00+05:30,21.6,92
2024-10-07 06:00:00+05:30,22.6,90
2024-10-07 07:00:00+05:30,24.0,85
2024-10-07 08:00:00+05:30,25.9,77
2024-10-07 09:00:00+05:30,27.7,69
2024-10-07 10:00:00+05:30,29.3,62
2024-10-07 11:00:00+05:30,30.7,56
2024-10-07 12:00:00+05:30,31.7,51
2024-10-07 13:00:00+05:30,32.4,49
2024-10-07 14:00:00+05:30,32.6,47
2024-10-07 15:00:00+05:30,32.4,47
2024-10-07 16:00:00+05:30,31.7,51
2024-10-07 17:00:00+05:30,29.7,61
2024-10-07 18:00:00+05:30,27.6,67
2024-10-07 19:00:00+05:30,26.5,72
2024-10-07 20:00:00+05:30,26.0,74
2024-10-07 21:00:00+05:30,25.7,73
2024-10-07 22:00:00+05:30,24.8,78
2024-10-07 23:00:00+05:30,23.5,86
2024-10-08 00:00:00+05:30,23.2,89
2024-10-08 01:00:00+05:30,23.5,88
2024-10-08 02:00:00+05:30,22.9,91
2024-10-08 03:00:00+05:30,22.1,94
2024-10-08 04:00:00+05:30,22.1,94
2024-10-08 05:00:00+05:30,22.3,93
2024-10-08 06:00:00+05:30,23.1,93
2024-10-08 07:00:00+05:30,24.4,88
2024-10-08 08:00:00+05:30,26.5,80
2024-10-08 09:00:00+05:30,28.4,74
2024-10-08 10:00:00+05:30,30.1,64
2024-10-08 11:00:00+05:30,31.1,57
2024-10-08 12:00:00+05:30,31.9,52
2024-10-08 13:00:00+05:30,32.5,47
2024-10-08 14:00:00+05:30,32.8,44
2024-10-08 15:00:00+05:30,32.5,44
2024-10-08 16:00:00+05:30,31.7,48
2024-10-08 17:00:00+05:30,29.8,55
2024-10-08 18:00:00+05:30,27.8,64
2024-10-08 19:00:00+05:30,27.0,66
2024-10-08 20:00:00+05:30,25.4,75
2024-10-08 21:00:00+05:30,24.4,80
2024-10-08 22:00:00+05:30,24.3,81
2024-10-08 23:00:00+05:30,23.9,82
2024-10-09 00:00:00+05:30,24.5,77
2024-10-09 01:00:00+05:30,24.3,77
2024-10-09 02:00:00+05:30,22.5,85
2024-10-09 03:00:00+05:30,22.0,86
2024-10-09 04:00:00+05:30,21.1,89
2024-10-09 05:00:00+05:30,20.3,92
2024-10-09 06:00:00+05:30,21.9,85
2024-10-09 07:00:00+05:30,23.3,80
2024-10-09 08:00:00+05:30,25.5,72
2024-10-09 09:00:00+05:30,27.7,63
2024-10-09 10:00:00+05:30,29.5,56
2024-10-09 11:00:00+05:30,30.9,49
2024-10-09 12:00:00+05:30,31.7,46
2024-10-09 13:00:00+05:30,32.4,43
2024-10-09 14:00:00+05:30,32.5,42
2024-10-09 15:00:00+05:30,32.1,42
2024-10-09 16:00:00+05:30,31.3,45
2024-10-09 17:00:00+05:30,29.6,50
2024-10-09 18:00:00+05:30,27.6,60
2024-10-09 19:00:00+05:30,26.5,64
2024-10-09 20:00:00+05:30,24.9,74
2024-10-09 21:00:00+05:30,24.3,76
2024-10-09 22:00:00+05:30,24.3,75
2024-10-09 23:00:00+05:30,24.2,74
2024-10-10 00:00:00+05:30,23.6,76
2024-10-10 01:00:00+05:30,23.0,78
2024-10-10 02:00:00+05:30,22.8,79
2024-10-10 03:00:00+05:30,22.4,82
2024-10-10 04:00:00+05:30,21.9,82
2024-10-10 05:00:00+05:30,21.0,82
2024-10-10 06:00:00+05:30,22.3,76
2024-10-10 07:00:00+05:30,23.4,75
2024-10-10 08:00:00+05:30,25.4,68
2024-10-10 09:00:00+05:30,27.4,59
2024-10-10 10:00:00+05:30,29.2,52
2024-10-10 11:00:00+05:30,30.7,45
2024-10-10 12:00:00+05:30,31.8,40
2024-10-10 13:00:00+05:30,32.3,38
2024-10-10 14:00:00+05:30,32.5,36
2024-10-10 15:00:00+05:30,32.2,36
2024-10-10 16:00:00+05:30,31.3,39
2024-10-10 17:00:00+05:30,29.0,46
2024-10-10 18:00:00+05:30,26.3,57
2024-10-10 19:00:00+05:30,25.2,64
2024-10-10 20:00:00+05:30,24.3,67
2024-10-10 21:00:00+05:30,23.8,67
2024-10-10 22:00:00+05:30,22.9,67
2024-10-10 23:00:00+05:30,22.2,69
2024-10-11 00:00:00+05:30,21.4,73
2024-10-11 01:00:00+05:30,21.1,72
2024-10-11 02:00:00+05:30,20.5,71
2024-10-11 03:00:00+05:30,19.8,71
2024-10-11 04:00:00+05:30,19.1,73
2024-10-11 05:00:00+05:30,18.5,74
2024-10-11 06:00:00+05:30,19.1,73
2024-10-11 07:00:00+05:30,20.9,68
2024-10-11 08:00:00+05:30,23.8,61
2024-10-11 09:00:00+05:30,26.6,53
2024-10-11 10:00:00+05:30,29.0,47
2024-10-11 11:00:00+05:30,30.7,40
2024-10-11 12:00:00+05:30,31.5,36
2024-10-11 13:00:00+05:30,31.9,35
2024-10-11 14:00:00+05:30,31.9,35
2024-10-11 15:00:00+05:30,31.5,36
2024-10-11 16:00:00+05:30,30.7,39
2024-10-11 17:00:00+05:30,28.2,47
2024-10-11 18:00:00+05:30,25.2,61
2024-10-11 19:00:00+05:30,24.2,65
2024-10-11 20:00:00+05:30,23.7,65
2024-10-11 21:00:00+05:30,23.6,63
2024-10-11 22:00:00+05:30,22.6,67
2024-10-11 23:00:00+05:30,22.4,67
2024-10-12 00:00:00+05:30,21.9,70
2024-10-12 01:00:00+05:30,21.0,75
2024-10-12 02:00:00+05:30,20.1,81
2024-10-12 03:00:00+05:30,19.3,84
2024-10-12 04:00:00+05:30,19.3,84
2024-10-12 05:00:00+05:30,18.7,86
2024-10-12 06:00:00+05:30,19.7,82
2024-10-12 07:00:00+05:30,21.4,76
2024-10-12 08:00:00+05:30,24.2,69
2024-10-12 09:00:00+05:30,27.3,56
2024-10-12 10:00:00+05:30,29.5,47
2024-10-12 11:00:00+05:30,30.7,42
2024-10-12 12:00:00+05:30,31.5,38
2024-10-12 13:00:00+05:30,32.1,36
2024-10-12 14:00:00+05:30,32.2,34
2024-10-12 15:00:00+05:30,32.0,34
2024-10-12 16:00:00+05:30,31.1,40
2024-10-12 17:00:00+05:30,28.3,55
2024-10-12 18:00:00+05:30,27.4,54
2024-10-12 19:00:00+05:30,25.6,61
2024-10-12 20:00:00+05:30,23.8,70
2024-10-12 21:00:00+05:30,23.2,73
2024-10-12 22:00:00+05:30,22.1,78
2024-10-12 23:00:00+05:30,22.2,75
2024-10-13 00:00:00+05:30,21.8,74
2024-10-13 01:00:00+05:30,21.5,74
2024-10-13 02:00:00+05:30,21.2,75
2024-10-13 03:00:00+05:30,20.8,77
2024-10-13 04:00:00+05:30,21.5,72
2024-10-13 05:00:00+05:30,22.4,68
2024-10-13 06:00:00+05:30,19.0,90
2024-10-13 07:00:00+05:30,21.1,83
2024-10-13 08:00:00+05:30,24.3,72
2024-10-13 09:00:00+05:30,27.5,59
2024-10-13 10:00:00+05:30,29.7,45
2024-10-13 11:00:00+05:30,30.9,36
2024-10-13 12:00:00+05:30,31.7,33
2024-10-13 13:00:00+05:30,32.2,32
2024-10-13 14:00:00+05:30,32.4,31
2024-10-13 15:00:00+05:30,32.1,32
2024-10-13 16:00:00+05:30,30.9,39
2024-10-13 17:00:00+05:30,28.2,51
2024-10-13 18:00:00+05:30,27.9,46
2024-10-13 19:00:00+05:30,27.0,51
2024-10-13 20:00:00+05:30,25.7,56
2024-10-13 21:00:00+05:30,25.3,59
2024-10-13 22:00:00+05:30,25.2,60
2024-10-13 23:00:00+05:30,23.7,65
2024-10-14 00:00:00+05:30,23.4,68
2024-10-14 01:00:00+05:30,21.9,72
2024-10-14 02:00:00+05:30,21.2,76
2024-10-14 03:00:00+05:30,21.0,75
2024-10-14 04:00:00+05:30,20.4,77
2024-10-14 05:00:00+05:30,20.2,77
2024-10-14 06:00:00+05:30,20.4,83
2024-10-14 07:00:00+05:30,22.2,76
2024-10-14 08:00:00+05:30,24.4,69
2024-10-14 09:00:00+05:30,26.6,61
2024-10-14 10:00:00+05:30,28.6,53
2024-10-14 11:00:00+05:30,30.1,44
2024-10-14 12:00:00+05:30,31.2,37
2024-10-14 13:00:00+05:30,31.8,33
2024-10-14 14:00:00+05:30,31.8,33
2024-10-14 15:00:00+05:30,31.4,34
2024-10-14 16:00:00+05:30,30.3,39
2024-10-14 17:00:00+05:30,27.8,47
2024-10-14 18:00:00+05:30,26.4,48
2024-10-14 19:00:00+05:30,24.8,53
2024-10-14 20:00:00+05:30,24.4,58
2024-10-14 21:00:00+05:30,25.5,52
2024-10-14 22:00:00+05:30,22.4,64
2024-10-14 23:00:00+05:30,22.3,63
2024-10-15 00:00:00+05:30,21.5,67
2024-10-15 01:00:00+05:30,21.2,69
2024-10-15 02:00:00+05:30,20.8,69
2024-10-15 03:00:00+05:30,20.0,72
2024-10-15 04:00:00+05:30,19.8,72
2024-10-15 05:00:00+05:30,19.3,74
2024-10-15 06:00:00+05:30,19.8,77
2024-10-15 07:00:00+05:30,21.1,73
2024-10-15 08:00:00+05:30,23.7,67
2024-10-15 09:00:00+05:30,26.4,57
2024-10-15 10:00:00+05:30,28.6,49
2024-10-15 11:00:00+05:30,30.2,44
2024-10-15 12:00:00+05:30,31.1,41
2024-10-15 13:00:00+05:30,31.7,39
2024-10-15 14:00:00+05:30,32.0,37
2024-10-15 15:00:00+05:30,31.8,36
2024-10-15 16:00:00+05:30,30.9,40
2024-10-15 17:00:00+05:30,27.9,51
2024-10-15 18:00:00+05:30,25.9,57
2024-10-15 19:00:00+05:30,25.0,62
2024-10-15 20:00:00+05:30,25.7,59
2024-10-15 21:00:00+05:30,23.3,66
2024-10-15 22:00:00+05:30,22.7,67
2024-10-15 23:00:00+05:30,21.5,72
2024-10-16 00:00:00+05:30,20.7,77
2024-10-16 01:00:00+05:30,19.9,81
2024-10-16 02:00:00+05:30,19.5,81
2024-10-16 03:00:00+05:30,19.2,79
2024-10-16 04:00:00+05:30,18.6,80
2024-10-16 05:00:00+05:30,18.6,76
2024-10-16 06:00:00+05:30,19.7,74
2024-10-16 07:00:00+05:30,21.3,70
2024-10-16 08:00:00+05:30,24.2,65
2024-10-16 09:00:00+05:30,27.1,55
2024-10-16 10:00:00+05:30,29.4,46
2024-10-16 11:00:00+05:30,31.0,40
2024-10-16 12:00:00+05:30,31.8,37
2024-10-16 13:00:00+05:30,32.4,35
2024-10-16 14:00:00+05:30,32.6,33
2024-10-16 15:00:00+05:30,32.3,34
2024-10-16 16:00:00+05:30,30.7,44
2024-10-16 17:00:00+05:30,28.4,54
2024-10-16 18:00:00+05:30,26.6,62
2024-10-16 19:00:00+05:30,25.1,67
2024-10-16 20:00:00+05:30,25.4,63
2024-10-16 21:00:00+05:30,25.7,56
2024-10-16 22:00:00+05:30,24.5,67
2024-10-16 23:00:00+05:30,24.2,66
2024-10-17 00:00:00+05:30,22.9,73
2024-10-17 01:00:00+05:30,22.4,75
2024-10-17 02:00:00+05:30,22.6,75
2024-10-17 03:00:00+05:30,21.5,81
2024-10-17 04:00:00+05:30,20.6,85
2024-10-17 05:00:00+05:30,20.0,88
2024-10-17 06:00:00+05:30,20.0,91
2024-10-17 07:00:00+05:30,22.1,82
2024-10-17 08:00:00+05:30,24.8,75
2024-10-17 09:00:00+05:30,27.6,64
2024-10-17 10:00:00+05:30,29.6,54
2024-10-17 11:00:00+05:30,30.9,48
2024-10-17 12:00:00+05:30,31.7,45
2024-10-17 13:00:00+05:30,32.4,41
2024-10-17 14:00:00+05:30,32.8,38
2024-10-17 15:00:00+05:30,33.1,35
2024-10-17 16:00:00+05:30,32.2,43
2024-10-17 17:00:00+05:30,28.6,62
2024-10-17 18:00:00+05:30,27.3,65
2024-10-17 19:00:00+05:30,25.8,70
2024-10-17 20:00:00+05:30,24.3,74
2024-10-17 21:00:00+05:30,23.4,77
2024-10-17 22:00:00+05:30,22.7,80
2024-10-17 23:00:00+05:30,22.0,84
2024-10-18 00:00:00+05:30,21.8,84
2024-10-18 01:00:00+05:30,21.3,86
2024-10-18 02:00:00+05:30,21.2,85
2024-10-18 03:00:00+05:30,20.2,91
2024-10-18 04:00:00+05:30,19.7,93
2024-10-18 05:00:00+05:30,19.6,94
2024-10-18 06:00:00+05:30,19.7,95
2024-10-18 07:00:00+05:30,21.8,86
2024-10-18 08:00:00+05:30,25.0,74
2024-10-18 09:00:00+05:30,27.7,64
2024-10-18 10:00:00+05:30,30.0,56
2024-10-18 11:00:00+05:30,31.6,46
2024-10-18 12:00:00+05:30,32.5,42
2024-10-18 13:00:00+05:30,33.0,39
2024-10-18 14:00:00+05:30,33.4,36
2024-10-18 15:00:00+05:30,33.5,34
2024-10-18 16:00:00+05:30,32.4,43
2024-10-18 17:00:00+05:30,28.9,62
2024-10-18 18:00:00+05:30,27.1,64
2024-10-18 19:00:00+05:30,26.2,63
2024-10-18 20:00:00+05:30,25.8,64
2024-10-18 21:00:00+05:30,24.0,74
2024-10-18 22:00:00+05:30,23.1,79
2024-10-18 23:00:00+05:30,22.5,82
2024-10-19 00:00:00+05:30,22.1,84
2024-10-19 01:00:00+05:30,21.7,85
2024-10-19 02:00:00+05:30,21.8,84
2024-10-19 03:00:00+05:30,21.6,84
2024-10-19 04:00:00+05:30,20.9,86
2024-10-19 05:00:00+05:30,20.7,87
2024-10-19 06:00:00+05:30,20.6,90
2024-10-19 07:00:00+05:30,22.6,82
2024-10-19 08:00:00+05:30,25.2,75
2024-10-19 09:00:00+05:30,28.0,65
2024-10-19 10:00:00+05:30,30.1,57
2024-10-19 11:00:00+05:30,31.3,52
2024-10-19 12:00:00+05:30,32.2,48
2024-10-19 13:00:00+05:30,33.0,43
2024-10-19 14:00:00+05:30,33.6,37
2024-10-19 15:00:00+05:30,33.7,34
2024-10-19 16:00:00+05:30,32.3,43
2024-10-19 17:00:00+05:30,28.7,62
2024-10-19 18:00:00+05:30,27.8,66
2024-10-19 19:00:00+05:30,27.0,66
2024-10-19 20:00:00+05:30,26.1,68
2024-10-19 21:00:00+05:30,24.4,78
2024-10-19 22:00:00+05:30,25.7,71
2024-10-19 23:00:00+05:30,25.1,74
2024-10-20 00:00:00+05:30,23.9,79
2024-10-20 01:00:00+05:30,24.1,78
2024-10-20 02:00:00+05:30,23.5,81
2024-10-20 03:00:00+05:30,21.6,90
2024-10-20 04:00:00+05:30,20.8,94
2024-10-20 05:00:00+05:30,20.4,96
2024-10-20 06:00:00+05:30,20.8,95
2024-10-20 07:00:00+05:30,22.6,87
2024-10-20 08:00:00+05:30,25.4,78
2024-10-20 09:00:00+05:30,28.1,69
2024-10-20 10:00:00+05:30,30.2,58
2024-10-20 11:00:00+05:30,31.6,49
2024-10-20 12:00:00+05:30,32.3,44
2024-10-20 13:00:00+05:30,32.7,41
2024-10-20 14:00:00+05:30,32.8,39
2024-10-20 15:00:00+05:30,32.8,38
2024-10-20 16:00:00+05:30,32.2,47
2024-10-20 17:00:00+05:30,30.4,50
2024-10-20 18:00:00+05:30,26.9,67
2024-10-20 19:00:00+05:30,25.7,71
2024-10-20 20:00:00+05:30,25.2,72
2024-10-20 21:00:00+05:30,24.4,75
2024-10-20 22:00:00+05:30,22.9,83
2024-10-20 23:00:00+05:30,22.4,85
2024-10-21 00:00:00+05:30,22.0,86
2024-10-21 01:00:00+05:30,21.6,87
2024-10-21 02:00:00+05:30,20.8,90
2024-10-21 03:00:00+05:30,20.8,89
2024-10-21 04:00:00+05:30,20.7,88
2024-10-21 05:00:00+05:30,20.2,89
2024-10-21 06:00:00+05:30,19.8,95
2024-10-21 07:00:00+05:30,21.8,85
2024-10-21 08:00:00+05:30,24.6,76
2024-10-21 09:00:00+05:30,27.5,65
2024-10-21 10:00:00+05:30,29.3,58
2024-10-21 11:00:00+05:30,30.4,54
2024-10-21 12:00:00+05:30,31.1,50
2024-10-21 13:00:00+05:30,31.9,46
2024-10-21 14:00:00+05:30,32.1,44
2024-10-21 15:00:00+05:30,31.9,43
2024-10-21 16:00:00+05:30,30.8,47
2024-10-21 17:00:00+05:30,28.6,55
2024-10-21 18:00:00+05:30,26.7,67
2024-10-21 19:00:00+05:30,25.1,75
2024-10-21 20:00:00+05:30,24.7,77
2024-10-21 21:00:00+05:30,23.8,82
2024-10-21 22:00:00+05:30,22.9,85
2024-10-21 23:00:00+05:30,22.1,88
2024-10-22 00:00:00+05:30,22.1,87
2024-10-22 01:00:00+05:30,22.9,81
2024-10-22 02:00:00+05:30,21.3,88
2024-10-22 03:00:00+05:30,20.1,93
2024-10-22 04:00:00+05:30,19.9,93
2024-10-22 05:00:00+05:30,19.5,93
2024-10-22 06:00:00+05:30,19.7,94
2024-10-22 07:00:00+05:30,21.5,87
2024-10-22 08:00:00+05:30,24.1,77
2024-10-22 09:00:00+05:30,26.7,68
2024-10-22 10:00:00+05:30,28.6,58
2024-10-22 11:00:00+05:30,29.8,52
2024-10-22 12:00:00+05:30,30.6,48
2024-10-22 13:00:00+05:30,31.1,45
2024-10-22 14:00:00+05:30,31.2,44
2024-10-22 15:00:00+05:30,31.1,43
2024-10-22 16:00:00+05:30,30.2,47
2024-10-22 17:00:00+05:30,27.5,58
2024-10-22 18:00:00+05:30,26.5,63
2024-10-22 19:00:00+05:30,25.9,64
2024-10-22 20:00:00+05:30,24.4,71
2024-10-22 21:00:00+05:30,23.1,79
2024-10-22 22:00:00+05:30,22.6,82
2024-10-22 23:00:00+05:30,22.2,84
2024-10-23 00:00:00+05:30,22.0,84
2024-10-23 01:00:00+05:30,22.7,80
2024-10-23 02:00:00+05:30,20.4,91
2024-10-23 03:00:00+05:30,20.2,92
2024-10-23 04:00:00+05:30,20.0,93
2024-10-23 05:00:00+05:30,19.7,93
2024-10-23 06:00:00+05:30,20.5,92
2024-10-23 07:00:00+05:30,22.2,83
2024-10-23 08:00:00+05:30,24.7,75
2024-10-23 09:00:00+05:30,27.3,65
2024-10-23 10:00:00+05:30,29.5,55
2024-10-23 11:00:00+05:30,30.9,46
2024-10-23 12:00:00+05:30,31.8,40
2024-10-23 13:00:00+05:30,32.3,36
2024-10-23 14:00:00+05:30,32.3,34
2024-10-23 15:00:00+05:30,31.9,34
2024-10-23 16:00:00+05:30,30.8,39
2024-10-23 17:00:00+05:30,28.6,45
2024-10-23 18:00:00+05:30,27.5,57
2024-10-23 19:00:00+05:30,26.2,61
2024-10-23 20:00:00+05:30,25.3,61
2024-10-23 21:00:00+05:30,24.5,61
2024-10-23 22:00:00+05:30,24.0,60
2024-10-23 23:00:00+05:30,23.4,60
2024-10-24 00:00:00+05:30,22.8,62
2024-10-24 01:00:00+05:30,22.1,65
2024-10-24 02:00:00+05:30,21.5,67
2024-10-24 03:00:00+05:30,21.0,70
2024-10-24 04:00:00+05:30,20.5,73
2024-10-24 05:00:00+05:30,20.2,75
2024-10-24 06:00:00+05:30,20.5,78
2024-10-24 07:00:00+05:30,21.5,76
2024-10-24 08:00:00+05:30,23.7,70
2024-10-24 09:00:00+05:30,26.0,64
2024-10-24 10:00:00+05:30,28.0,58
2024-10-24 11:00:00+05:30,29.8,53
2024-10-24 12:00:00+05:30,31.3,47
2024-10-24 13:00:00+05:30,32.2,43
2024-10-24 14:00:00+05:30,32.6,39
2024-10-24 15:00:00+05:30,32.3,40
2024-10-24 16:00:00+05:30,31.2,46
2024-10-24 17:00:00+05:30,28.5,54
2024-10-24 18:00:00+05:30,27.0,59
2024-10-24 19:00:00+05:30,25.6,63
2024-10-24 20:00:00+05:30,24.7,64
2024-10-24 21:00:00+05:30,24.0,60
2024-10-24 22:00:00+05:30,23.3,59
2024-10-24 23:00:00+05:30,22.5,62
2024-10-25 00:00:00+05:30,21.7,65
2024-10-25 01:00:00+05:30,21.1,68
2024-10-25 02:00:00+05:30,20.4,72
2024-10-25 03:00:00+05:30,19.8,75
2024-10-25 04:00:00+05:30,19.1,79
2024-10-25 05:00:00+05:30,18.4,83
2024-10-25 06:00:00+05:30,19.1,82
2024-10-25 07:00:00+05:30,20.6,78
2024-10-25 08:00:00+05:30,23.2,71
2024-10-25 09:00:00+05:30,25.8,64
2024-10-25 10:00:00+05:30,28.1,58
2024-10-25 11:00:00+05:30,29.9,52
2024-10-25 12:00:00+05:30,31.2,46
2024-10-25 13:00:00+05:30,32.0,41
2024-10-25 14:00:00+05:30,32.1,39
2024-10-25 15:00:00+05:30,31.8,40
2024-10-25 16:00:00+05:30,30.8,44
2024-10-25 17:00:00+05:30,28.3,52
2024-10-25 18:00:00+05:30,26.7,58
2024-10-25 19:00:00+05:30,25.8,58
2024-10-25 20:00:00+05:30,24.7,55
2024-10-25 21:00:00+05:30,23.1,59
2024-10-25 22:00:00+05:30,22.0,63
2024-10-25 23:00:00+05:30,21.8,66
2024-10-26 00:00:00+05:30,21.0,72
2024-10-26 01:00:00+05:30,20.8,75
2024-10-26 02:00:00+05:30,20.2,77
2024-10-26 03:00:00+05:30,19.4,82
2024-10-26 04:00:00+05:30,19.0,83
2024-10-26 05:00:00+05:30,18.7,85
2024-10-26 06:00:00+05:30,19.0,86
2024-10-26 07:00:00+05:30,20.4,81
2024-10-26 08:00:00+05:30,22.8,73
2024-10-26 09:00:00+05:30,25.0,65
2024-10-26 10:00:00+05:30,26.9,59
2024-10-26 11:00:00+05:30,28.7,53
2024-10-26 12:00:00+05:30,30.1,48
2024-10-26 13:00:00+05:30,31.0,44
2024-10-26 14:00:00+05:30,31.3,43
2024-10-26 15:00:00+05:30,31.2,43
2024-10-26 16:00:00+05:30,30.3,47
2024-10-26 17:00:00+05:30,27.0,61
2024-10-26 18:00:00+05:30,26.2,62
2024-10-26 19:00:00+05:30,25.3,65
2024-10-26 20:00:00+05:30,23.7,72
2024-10-26 21:00:00+05:30,22.5,78
2024-10-26 22:00:00+05:30,21.8,81
2024-10-26 23:00:00+05:30,21.4,84
2024-10-27 00:00:00+05:30,21.0,87
2024-10-27 01:00:00+05:30,20.9,91
2024-10-27 02:00:00+05:30,20.5,94
2024-10-27 03:00:00+05:30,20.1,96
2024-10-27 04:00:00+05:30,19.9,96
2024-10-27 05:00:00+05:30,19.7,97
2024-10-27 06:00:00+05:30,20.2,97
2024-10-27 07:00:00+05:30,21.7,92
2024-10-27 08:00:00+05:30,23.9,84
2024-10-27 09:00:00+05:30,26.5,74
2024-10-27 10:00:00+05:30,28.5,63
2024-10-27 11:00:00+05:30,29.7,56
2024-10-27 12:00:00+05:30,30.4,52
2024-10-27 13:00:00+05:30,30.9,50
2024-10-27 14:00:00+05:30,31.1,49
2024-10-27 15:00:00+05:30,31.1,48
2024-10-27 16:00:00+05:30,30.5,50
2024-10-27 17:00:00+05:30,27.7,64
2024-10-27 18:00:00+05:30,26.6,71
2024-10-27 19:00:00+05:30,25.5,76
2024-10-27 20:00:00+05:30,24.8,78
2024-10-27 21:00:00+05:30,24.6,78
2024-10-27 22:00:00+05:30,23.3,83
2024-10-27 23:00:00+05:30,22.6,86
2024-10-28 00:00:00+05:30,22.4,87
2024-10-28 01:00:00+05:30,21.8,90
2024-10-28 02:00:00+05:30,20.9,93
2024-10-28 03:00:00+05:30,20.5,95
2024-10-28 04:00:00+05:30,20.4,95
2024-10-28 05:00:00+05:30,20.4,95
2024-10-28 06:00:00+05:30,21.2,93
2024-10-28 07:00:00+05:30,22.6,87
2024-10-28 08:00:00+05:30,25.1,78
2024-10-28 09:00:00+05:30,27.5,67
2024-10-28 10:00:00+05:30,29.2,57
2024-10-28 11:00:00+05:30,30.2,52
2024-10-28 12:00:00+05:30,30.8,49
2024-10-28 13:00:00+05:30,31.3,47
2024-10-28 14:00:00+05:30,31.4,46
2024-10-28 15:00:00+05:30,31.2,46
2024-10-28 16:00:00+05:30,30.5,48
2024-10-28 17:00:00+05:30,28.0,59
2024-10-28 18:00:00+05:30,26.9,65
2024-10-28 19:00:00+05:30,25.8,70
2024-10-28 20:00:00+05:30,24.6,76
2024-10-28 21:00:00+05:30,23.8,80
2024-10-28 22:00:00+05:30,23.1,84
2024-10-28 23:00:00+05:30,22.8,86
2024-10-29 00:00:00+05:30,22.2,88
2024-10-29 01:00:00+05:30,21.5,92
2024-10-29 02:00:00+05:30,20.6,95
2024-10-29 03:00:00+05:30,20.3,96
2024-10-29 04:00:00+05:30,20.2,96
2024-10-29 05:00:00+05:30,20.0,95
2024-10-29 06:00:00+05:30,20.5,96
2024-10-29 07:00:00+05:30,22.2,91
2024-10-29 08:00:00+05:30,25.0,79
2024-10-29 09:00:00+05:30,27.6,67
2024-10-29 10:00:00+05:30,29.6,59
2024-10-29 11:00:00+05:30,30.9,53
2024-10-29 12:00:00+05:30,31.8,50
2024-10-29 13:00:00+05:30,32.4,47
2024-10-29 14:00:00+05:30,32.9,45
2024-10-29 15:00:00+05:30,33.0,43
2024-10-29 16:00:00+05:30,32.3,47
2024-10-29 17:00:00+05:30,29.3,60
2024-10-29 18:00:00+05:30,27.9,64
2024-10-29 19:00:00+05:30,26.7,68
2024-10-29 20:00:00+05:30,25.5,74
2024-10-29 21:00:00+05:30,24.8,78
2024-10-29 22:00:00+05:30,23.9,82
2024-10-29 23:00:00+05:30,23.4,84
2024-10-30 00:00:00+05:30,22.9,86
2024-10-30 01:00:00+05:30,22.7,87
2024-10-30 02:00:00+05:30,22.3,88
2024-10-30 03:00:00+05:30,21.7,91
2024-10-30 04:00:00+05:30,21.5,93
2024-10-30 05:00:00+05:30,21.2,94
2024-10-30 06:00:00+05:30,21.1,95
2024-10-30 07:00:00+05:30,22.4,90
2024-10-30 08:00:00+05:30,25.1,77
2024-10-30 09:00:00+05:30,28.1,57
2024-10-30 10:00:00+05:30,30.2,48
2024-10-30 11:00:00+05:30,31.9,45
2024-10-30 12:00:00+05:30,32.9,47
2024-10-30 13:00:00+05:30,33.7,43
2024-10-30 14:00:00+05:30,34.3,36
2024-10-30 15:00:00+05:30,33.8,36
2024-10-30 16:00:00+05:30,32.7,40
2024-10-30 17:00:00+05:30,29.6,49
2024-10-30 18:00:00+05:30,28.5,60
2024-10-30 19:00:00+05:30,27.5,65
2024-10-30 20:00:00+05:30,25.8,74
2024-10-30 21:00:00+05:30,25.1,77
2024-10-30 22:00:00+05:30,24.5,79
2024-10-30 23:00:00+05:30,24.1,81
2024-10-31 00:00:00+05:30,23.0,85
2024-10-31 01:00:00+05:30,21.8,90
2024-10-31 02:00:00+05:30,21.0,91
2024-10-31 03:00:00+05:30,20.5,92
2024-10-31 04:00:00+05:30,20.7,90
2024-10-31 05:00:00+05:30,20.8,88
2024-10-31 06:00:00+05:30,20.7,88
2024-10-31 07:00:00+05:30,21.9,82
2024-10-31 08:00:00+05:30,24.4,73
2024-10-31 09:00:00+05:30,27.3,62
2024-10-31 10:00:00+05:30,29.8,51
2024-10-31 11:00:00+05:30,31.4,43
2024-10-31 12:00:00+05:30,32.3,40
2024-10-31 13:00:00+05:30,32.8,38
2024-10-31 14:00:00+05:30,32.9,35
2024-10-31 15:00:00+05:30,32.6,34
2024-10-31 16:00:00+05:30,31.6,37
2024-10-31 17:00:00+05:30,29.0,44
2024-10-31 18:00:00+05:30,27.6,55
2024-10-31 19:00:00+05:30,26.0,62
2024-10-31 20:00:00+05:30,24.8,67
2024-10-31 21:00:00+05:30,24.1,67
2024-10-31 22:00:00+05:30,23.7,60
2024-10-31 23:00:00+05:30,23.3,54
2024-11-01 00:00:00+05:30,22.4,54
2024-11-01 01:00:00+05:30,21.6,57
2024-11-01 02:00:00+05:30,21.0,61
2024-11-01 03:00:00+05:30,20.5,65
2024-11-01 04:00:00+05:30,20.0,69
2024-11-01 05:00:00+05:30,19.6,72
2024-11-01 06:00:00+05:30,19.3,80
2024-11-01 07:00:00+05:30,20.3,78
2024-11-01 08:00:00+05:30,22.9,70
2024-11-01 09:00:00+05:30,25.9,60
2024-11-01 10:00:00+05:30,28.5,50
2024-11-01 11:00:00+05:30,30.5,38
2024-11-01 12:00:00+05:30,31.5,31
2024-11-01 13:00:00+05:30,32.0,28
2024-11-01 14:00:00+05:30,32.1,26
2024-11-01 15:00:00+05:30,31.9,25
2024-11-01 16:00:00+05:30,30.4,30
2024-11-01 17:00:00+05:30,25.8,45
2024-11-01 18:00:00+05:30,26.5,45
2024-11-01 19:00:00+05:30,24.4,53
2024-11-01 20:00:00+05:30,22.9,60
2024-11-01 21:00:00+05:30,22.6,61
2024-11-01 22:00:00+05:30,22.4,58
2024-11-01 23:00:00+05:30,21.1,60
2024-11-02 00:00:00+05:30,20.0,65
2024-11-02 01:00:00+05:30,19.6,69
2024-11-02 02:00:00+05:30,19.4,67
2024-11-02 03:00:00+05:30,18.2,72
2024-11-02 04:00:00+05:30,17.9,73
2024-11-02 05:00:00+05:30,17.9,72
2024-11-02 06:00:00+05:30,16.9,84
2024-11-02 07:00:00+05:30,19.0,75
2024-11-02 08:00:00+05:30,22.1,66
2024-11-02 09:00:00+05:30,25.4,56
2024-11-02 10:00:00+05:30,28.2,46
2024-11-02 11:00:00+05:30,30.1,40
2024-11-02 12:00:00+05:30,31.1,37
2024-11-02 13:00:00+05:30,31.7,34
2024-11-02 14:00:00+05:30,31.8,32
2024-11-02 15:00:00+05:30,31.5,33
2024-11-02 16:00:00+05:30,30.0,41
2024-11-02 17:00:00+05:30,25.8,57
2024-11-02 18:00:00+05:30,25.7,50
2024-11-02 19:00:00+05:30,24.4,55
2024-11-02 20:00:00+05:30,23.8,57
2024-11-02 21:00:00+05:30,22.6,62
2024-11-02 22:00:00+05:30,21.2,68
2024-11-02 23:00:00+05:30,20.2,72
2024-11-03 00:00:00+05:30,19.3,77
2024-11-03 01:00:00+05:30,19.2,76
2024-11-03 02:00:00+05:30,18.3,81
2024-11-03 03:00:00+05:30,17.8,83
2024-11-03 04:00:00+05:30,17.2,86
2024-11-03 05:00:00+05:30,17.1,85
2024-11-03 06:00:00+05:30,18.1,85
2024-11-03 07:00:00+05:30,18.8,83
2024-11-03 08:00:00+05:30,21.8,74
2024-11-03 09:00:00+05:30,25.4,62
2024-11-03 10:00:00+05:30,28.0,49
2024-11-03 11:00:00+05:30,29.6,39
2024-11-03 12:00:00+05:30,30.7,32
2024-11-03 13:00:00+05:30,31.2,28
2024-11-03 14:00:00+05:30,31.2,28
2024-11-03 15:00:00+05:30,30.7,30
2024-11-03 16:00:00+05:30,29.2,37
2024-11-03 17:00:00+05:30,25.2,51
2024-11-03 18:00:00+05:30,23.6,57
2024-11-03 19:00:00+05:30,22.7,59
2024-11-03 20:00:00+05:30,21.8,62
2024-11-03 21:00:00+05:30,20.8,67
2024-11-03 22:00:00+05:30,20.6,70
2024-11-03 23:00:00+05:30,19.3,77
2024-11-04 00:00:00+05:30,18.7,81
2024-11-04 01:00:00+05:30,18.4,82
2024-11-04 02:00:00+05:30,18.1,83
2024-11-04 03:00:00+05:30,18.2,83
2024-11-04 04:00:00+05:30,17.6,87
2024-11-04 05:00:00+05:30,17.2,89
2024-11-04 06:00:00+05:30,17.2,89
2024-11-04 07:00:00+05:30,18.3,84
2024-11-04 08:00:00+05:30,21.3,74
2024-11-04 09:00:00+05:30,24.4,62
2024-11-04 10:00:00+05:30,27.0,52
2024-11-04 11:00:00+05:30,28.6,46
2024-11-04 12:00:00+05:30,29.6,41
2024-11-04 13:00:00+05:30,30.3,39
2024-11-04 14:00:00+05:30,30.5,38
2024-11-04 15:00:00+05:30,30.3,37
2024-11-04 16:00:00+05:30,29.2,43
2024-11-04 17:00:00+05:30,25.5,56
2024-11-04 18:00:00+05:30,23.5,68
2024-11-04 19:00:00+05:30,22.7,72
2024-11-04 20:00:00+05:30,23.3,67
2024-11-04 21:00:00+05:30,21.4,76
2024-11-04 22:00:00+05:30,19.9,84
2024-11-04 23:00:00+05:30,19.4,87
2024-11-05 00:00:00+05:30,19.0,88
2024-11-05 01:00:00+05:30,19.0,89
2024-11-05 02:00:00+05:30,19.1,90
2024-11-05 03:00:00+05:30,18.8,93
2024-11-05 04:00:00+05:30,18.4,95
2024-11-05 05:00:00+05:30,18.0,96
2024-11-05 06:00:00+05:30,18.1,96
2024-11-05 07:00:00+05:30,19.2,94
2024-11-05 08:00:00+05:30,21.5,85
2024-11-05 09:00:00+05:30,24.0,75
2024-11-05 10:00:00+05:30,26.3,65
2024-11-05 11:00:00+05:30,27.8,58
2024-11-05 12:00:00+05:30,28.5,54
2024-11-05 13:00:00+05:30,29.0,52
2024-11-05 14:00:00+05:30,29.1,51
2024-11-05 15:00:00+05:30,29.0,50
2024-11-05 16:00:00+05:30,28.3,51
2024-11-05 17:00:00+05:30,25.6,58
2024-11-05 18:00:00+05:30,24.0,64
2024-11-05 19:00:00+05:30,23.0,68
2024-11-05 20:00:00+05:30,22.2,74
2024-11-05 21:00:00+05:30,21.7,78
2024-11-05 22:00:00+05:30,20.7,83
2024-11-05 23:00:00+05:30,19.8,87
2024-11-06 00:00:00+05:30,20.0,84
2024-11-06 01:00:00+05:30,19.3,87
2024-11-06 02:00:00+05:30,19.2,86
2024-11-06 03:00:00+05:30,20.0,81
2024-11-06 04:00:00+05:30,19.7,83
2024-11-06 05:00:00+05:30,19.0,86
2024-11-06 06:00:00+05:30,18.2,94
2024-11-06 07:00:00+05:30,19.3,91
2024-11-06 08:00:00+05:30,22.2,81
2024-11-06 09:00:00+05:30,25.4,66
2024-11-06 10:00:00+05:30,27.6,55
2024-11-06 11:00:00+05:30,28.7,49
2024-11-06 12:00:00+05:30,29.4,45
2024-11-06 13:00:00+05:30,29.9,43
2024-11-06 14:00:00+05:30,30.2,42
2024-11-06 15:00:00+05:30,30.0,43
2024-11-06 16:00:00+05:30,29.0,47
2024-11-06 17:00:00+05:30,25.8,59
2024-11-06 18:00:00+05:30,24.8,63
2024-11-06 19:00:00+05:30,23.3,70
2024-11-06 20:00:00+05:30,25.4,58
2024-11-06 21:00:00+05:30,24.8,61
2024-11-06 22:00:00+05:30,24.2,64
2024-11-06 23:00:00+05:30,22.4,73
2024-11-07 00:00:00+05:30,20.4,83
2024-11-07 01:00:00+05:30,19.7,87
2024-11-07 02:00:00+05:30,19.5,87
2024-11-07 03:00:00+05:30,19.0,90
2024-11-07 04:00:00+05:30,18.6,90
2024-11-07 05:00:00+05:30,18.4,91
2024-11-07 06:00:00+05:30,18.4,93
2024-11-07 07:00:00+05:30,19.8,87
2024-11-07 08:00:00+05:30,22.6,77
2024-11-07 09:00:00+05:30,25.4,67
2024-11-07 10:00:00+05:30,27.4,59
2024-11-07 11:00:00+05:30,28.5,52
2024-11-07 12:00:00+05:30,29.2,47
2024-11-07 13:00:00+05:30,29.8,44
2024-11-07 14:00:00+05:30,29.9,42
2024-11-07 15:00:00+05:30,29.7,42
2024-11-07 16:00:00+05:30,28.9,49
2024-11-07 17:00:00+05:30,25.5,64
2024-11-07 18:00:00+05:30,24.6,65
2024-11-07 19:00:00+05:30,24.3,66
2024-11-07 20:00:00+05:30,23.2,72
2024-11-07 21:00:00+05:30,22.1,78
2024-11-07 22:00:00+05:30,22.2,77
2024-11-07 23:00:00+05:30,23.6,69
2024-11-08 00:00:00+05:30,21.0,82
2024-11-08 01:00:00+05:30,19.8,88
2024-11-08 02:00:00+05:30,19.6,88
2024-11-08 03:00:00+05:30,20.5,83
2024-11-08 04:00:00+05:30,18.9,91
2024-11-08 05:00:00+05:30,18.2,93
2024-11-08 06:00:00+05:30,18.4,92
2024-11-08 07:00:00+05:30,20.4,83
2024-11-08 08:00:00+05:30,23.2,74
2024-11-08 09:00:00+05:30,25.9,65
2024-11-08 10:00:00+05:30,28.0,55
2024-11-08 11:00:00+05:30,29.0,51
2024-11-08 12:00:00+05:30,29.6,48
2024-11-08 13:00:00+05:30,30.0,47
2024-11-08 14:00:00+05:30,30.1,46
2024-11-08 15:00:00+05:30,29.9,46
2024-11-08 16:00:00+05:30,29.1,50
2024-11-08 17:00:00+05:30,26.5,59
2024-11-08 18:00:00+05:30,25.4,64
2024-11-08 19:00:00+05:30,23.7,74
2024-11-08 20:00:00+05:30,23.2,76
2024-11-08 21:00:00+05:30,22.6,78
2024-11-08 22:00:00+05:30,21.8,81
2024-11-08 23:00:00+05:30,21.0,86
2024-11-09 00:00:00+05:30,20.1,91
2024-11-09 01:00:00+05:30,19.7,93
2024-11-09 02:00:00+05:30,19.6,93
2024-11-09 03:00:00+05:30,19.2,95
2024-11-09 04:00:00+05:30,19.0,95
2024-11-09 05:00:00+05:30,18.9,95
2024-11-09 06:00:00+05:30,19.3,94
2024-11-09 07:00:00+05:30,20.3,89
2024-11-09 08:00:00+05:30,22.7,79
2024-11-09 09:00:00+05:30,25.4,68
2024-11-09 10:00:00+05:30,27.5,58
2024-11-09 11:00:00+05:30,29.0,50
2024-11-09 12:00:00+05:30,29.7,47
2024-11-09 13:00:00+05:30,30.2,46
2024-11-09 14:00:00+05:30,30.5,44
2024-11-09 15:00:00+05:30,30.2,44
2024-11-09 16:00:00+05:30,29.3,48
2024-11-09 17:00:00+05:30,26.8,57
2024-11-09 18:00:00+05:30,25.7,61
2024-11-09 19:00:00+05:30,24.7,65
2024-11-09 20:00:00+05:30,23.6,71
2024-11-09 21:00:00+05:30,22.5,75
2024-11-09 22:00:00+05:30,21.5,79
2024-11-09 23:00:00+05:30,20.9,82
2024-11-10 00:00:00+05:30,20.5,84
2024-11-10 01:00:00+05:30,20.2,86
2024-11-10 02:00:00+05:30,19.9,89
2024-11-10 03:00:00+05:30,19.5,91
2024-11-10 04:00:00+05:30,19.2,92
2024-11-10 05:00:00+05:30,18.9,93
2024-11-10 06:00:00+05:30,19.2,93
2024-11-10 07:00:00+05:30,20.0,89
2024-11-10 08:00:00+05:30,22.2,80
2024-11-10 09:00:00+05:30,24.6,71
2024-11-10 10:00:00+05:30,26.6,63
2024-11-10 11:00:00+05:30,28.1,57
2024-11-10 12:00:00+05:30,29.2,53
2024-11-10 13:00:00+05:30,29.8,50
2024-11-10 14:00:00+05:30,30.1,48
2024-11-10 15:00:00+05:30,29.9,48
2024-11-10 16:00:00+05:30,29.1,54
2024-11-10 17:00:00+05:30,27.1,60
2024-11-10 18:00:00+05:30,25.1,68
2024-11-10 19:00:00+05:30,24.3,71
2024-11-10 20:00:00+05:30,25.0,66
2024-11-10 21:00:00+05:30,22.1,83
2024-11-10 22:00:00+05:30,22.2,84
2024-11-10 23:00:00+05:30,21.5,87
2024-11-11 00:00:00+05:30,20.6,91
2024-11-11 01:00:00+05:30,20.0,93
2024-11-11 02:00:00+05:30,19.5,94
2024-11-11 03:00:00+05:30,19.0,96
2024-11-11 04:00:00+05:30,18.6,97
2024-11-11 05:00:00+05:30,18.4,98
2024-11-11 06:00:00+05:30,18.8,98
2024-11-11 07:00:00+05:30,19.9,94
2024-11-11 08:00:00+05:30,22.4,85
2024-11-11 09:00:00+05:30,24.9,75
2024-11-11 10:00:00+05:30,27.0,66
2024-11-11 11:00:00+05:30,28.3,58
2024-11-11 12:00:00+05:30,29.0,53
2024-11-11 13:00:00+05:30,29.5,51
2024-11-11 14:00:00+05:30,29.6,50
2024-11-11 15:00:00+05:30,29.5,48
2024-11-11 16:00:00+05:30,28.6,52
2024-11-11 17:00:00+05:30,26.0,62
2024-11-11 18:00:00+05:30,24.5,73
2024-11-11 19:00:00+05:30,26.1,63
2024-11-11 20:00:00+05:30,25.5,66
2024-11-11 21:00:00+05:30,22.0,82
2024-11-11 22:00:00+05:30,21.3,85
2024-11-11 23:00:00+05:30,20.2,92
2024-11-12 00:00:00+05:30,19.7,93
2024-11-12 01:00:00+05:30,19.9,92
2024-11-12 02:00:00+05:30,20.8,88
2024-11-12 03:00:00+05:30,20.4,90
2024-11-12 04:00:00+05:30,20.0,92
2024-11-12 05:00:00+05:30,19.4,94
2024-11-12 06:00:00+05:30,18.7,98
2024-11-12 07:00:00+05:30,19.7,97
2024-11-12 08:00:00+05:30,22.8,83
2024-11-12 09:00:00+05:30,26.0,70
2024-11-12 10:00:00+05:30,28.1,58
2024-11-12 11:00:00+05:30,29.4,50
2024-11-12 12:00:00+05:30,30.6,38
2024-11-12 13:00:00+05:30,31.3,28
2024-11-12 14:00:00+05:30,31.2,24
2024-11-12 15:00:00+05:30,30.6,26
2024-11-12 16:00:00+05:30,28.9,34
2024-11-12 17:00:00+05:30,25.2,45
2024-11-12 18:00:00+05:30,28.1,36
2024-11-12 19:00:00+05:30,27.1,42
2024-11-12 20:00:00+05:30,26.1,47
2024-11-12 21:00:00+05:30,25.3,48
2024-11-12 22:00:00+05:30,24.5,50
2024-11-12 23:00:00+05:30,23.3,53
2024-11-13 00:00:00+05:30,22.4,57
2024-11-13 01:00:00+05:30,21.3,62
2024-11-13 02:00:00+05:30,21.0,62
2024-11-13 03:00:00+05:30,20.8,63
2024-11-13 04:00:00+05:30,20.1,66
2024-11-13 05:00:00+05:30,19.3,71
2024-11-13 06:00:00+05:30,19.1,88
2024-11-13 07:00:00+05:30,19.8,85
2024-11-13 08:00:00+05:30,21.6,77
2024-11-13 09:00:00+05:30,24.1,66
2024-11-13 10:00:00+05:30,26.4,55
2024-11-13 11:00:00+05:30,28.1,44
2024-11-13 12:00:00+05:30,29.4,37
2024-11-13 13:00:00+05:30,30.1,33
2024-11-13 14:00:00+05:30,30.3,30
2024-11-13 15:00:00+05:30,30.1,29
2024-11-13 16:00:00+05:30,29.3,30
2024-11-13 17:00:00+05:30,27.7,36
2024-11-13 18:00:00+05:30,25.7,51
2024-11-13 19:00:00+05:30,24.7,56
2024-11-13 20:00:00+05:30,23.8,61
2024-11-13 21:00:00+05:30,23.0,64
2024-11-13 22:00:00+05:30,22.3,66
2024-11-13 23:00:00+05:30,21.8,68
2024-11-14 00:00:00+05:30,21.3,70
2024-11-14 01:00:00+05:30,20.9,73
2024-11-14 02:00:00+05:30,20.1,75
2024-11-14 03:00:00+05:30,19.9,77
2024-11-14 04:00:00+05:30,18.8,81
2024-11-14 05:00:00+05:30,18.2,84
2024-11-14 06:00:00+05:30,17.9,93
2024-11-14 07:00:00+05:30,18.4,90
2024-11-14 08:00:00+05:30,20.5,80
2024-11-14 09:00:00+05:30,23.3,66
2024-11-14 10:00:00+05:30,26.0,55
2024-11-14 11:00:00+05:30,27.8,43
2024-11-14 12:00:00+05:30,29.2,35
2024-11-14 13:00:00+05:30,30.0,30
2024-11-14 14:00:00+05:30,30.1,28
2024-11-14 15:00:00+05:30,29.8,28
2024-11-14 16:00:00+05:30,28.9,31
2024-11-14 17:00:00+05:30,27.5,36
2024-11-14 18:00:00+05:30,25.8,50
2024-11-14 19:00:00+05:30,24.9,51
2024-11-14 20:00:00+05:30,23.7,55
2024-11-14 21:00:00+05:30,22.5,60
2024-11-14 22:00:00+05:30,21.9,63
2024-11-14 23:00:00+05:30,21.2,66
2024-11-15 00:00:00+05:30,20.6,67
2024-11-15 01:00:00+05:30,20.2,68
2024-11-15 02:00:00+05:30,19.8,68
2024-11-15 03:00:00+05:30,19.4,70
2024-11-15 04:00:00+05:30,18.8,72
2024-11-15 05:00:00+05:30,18.7,72
2024-11-15 06:00:00+05:30,18.4,80
2024-11-15 07:00:00+05:30,19.1,76
2024-11-15 08:00:00+05:30,21.2,67
2024-11-15 09:00:00+05:30,23.9,56
2024-11-15 10:00:00+05:30,26.4,45
2024-11-15 11:00:00+05:30,27.9,36
2024-11-15 12:00:00+05:30,28.7,33
2024-11-15 13:00:00+05:30,29.2,30
2024-11-15 14:00:00+05:30,29.3,29
2024-11-15 15:00:00+05:30,29.0,28
2024-11-15 16:00:00+05:30,28.2,29
2024-11-15 17:00:00+05:30,26.8,33
2024-11-15 18:00:00+05:30,25.9,42
2024-11-15 19:00:00+05:30,24.9,46
2024-11-15 20:00:00+05:30,24.0,51
2024-11-15 21:00:00+05:30,23.4,54
2024-11-15 22:00:00+05:30,22.7,57
2024-11-15 23:00:00+05:30,21.7,62
2024-11-16 00:00:00+05:30,20.3,69
2024-11-16 01:00:00+05:30,19.6,74
2024-11-16 02:00:00+05:30,19.2,76
2024-11-16 03:00:00+05:30,18.9,77
2024-11-16 04:00:00+05:30,18.7,77
2024-11-16 05:00:00+05:30,18.4,78
2024-11-16 06:00:00+05:30,18.0,84
2024-11-16 07:00:00+05:30,18.4,82
2024-11-16 08:00:00+05:30,20.2,73
2024-11-16 09:00:00+05:30,23.1,61
2024-11-16 10:00:00+05:30,25.5,51
2024-11-16 11:00:00+05:30,27.1,43
2024-11-16 12:00:00+05:30,28.4,36
2024-11-16 13:00:00+05:30,29.0,32
2024-11-16 14:00:00+05:30,29.0,32
2024-11-16 15:00:00+05:30,28.6,33
2024-11-16 16:00:00+05:30,27.8,34
2024-11-16 17:00:00+05:30,26.5,38
2024-11-16 18:00:00+05:30,25.7,42
2024-11-16 19:00:00+05:30,25.0,44
2024-11-16 20:00:00+05:30,24.1,48
2024-11-16 21:00:00+05:30,23.1,54
2024-11-16 22:00:00+05:30,22.1,59
2024-11-16 23:00:00+05:30,21.4,65
2024-11-17 00:00:00+05:30,20.7,68
2024-11-17 01:00:00+05:30,20.1,70
2024-11-17 02:00:00+05:30,19.7,72
2024-11-17 03:00:00+05:30,19.4,72
2024-11-17 04:00:00+05:30,19.1,73
2024-11-17 05:00:00+05:30,18.8,75
2024-11-17 06:00:00+05:30,17.3,89
2024-11-17 07:00:00+05:30,17.9,86
2024-11-17 08:00:00+05:30,19.9,76
2024-11-17 09:00:00+05:30,22.6,65
2024-11-17 10:00:00+05:30,25.0,55
2024-11-17 11:00:00+05:30,26.7,47
2024-11-17 12:00:00+05:30,27.8,42
2024-11-17 13:00:00+05:30,28.5,38
2024-11-17 14:00:00+05:30,28.6,36
2024-11-17 15:00:00+05:30,28.2,36
2024-11-17 16:00:00+05:30,27.4,38
2024-11-17 17:00:00+05:30,26.2,42
2024-11-17 18:00:00+05:30,24.8,47
2024-11-17 19:00:00+05:30,23.7,54
2024-11-17 20:00:00+05:30,22.7,57
2024-11-17 21:00:00+05:30,22.0,59
2024-11-17 22:00:00+05:30,21.2,61
2024-11-17 23:00:00+05:30,20.4,64
2024-11-18 00:00:00+05:30,19.6,65
2024-11-18 01:00:00+05:30,19.1,66
2024-11-18 02:00:00+05:30,18.4,67
2024-11-18 03:00:00+05:30,17.7,69
2024-11-18 04:00:00+05:30,17.0,71
2024-11-18 05:00:00+05:30,16.6,74
2024-11-18 06:00:00+05:30,16.1,90
2024-11-18 07:00:00+05:30,16.5,89
2024-11-18 08:00:00+05:30,18.1,81
2024-11-18 09:00:00+05:30,20.5,71
2024-11-18 10:00:00+05:30,22.7,61
2024-11-18 11:00:00+05:30,24.3,49
2024-11-18 12:00:00+05:30,25.5,42
2024-11-18 13:00:00+05:30,26.2,37
2024-11-18 14:00:00+05:30,26.5,34
2024-11-18 15:00:00+05:30,26.3,34
2024-11-18 16:00:00+05:30,25.6,35
2024-11-18 17:00:00+05:30,24.4,39
2024-11-18 18:00:00+05:30,22.8,50
2024-11-18 19:00:00+05:30,22.1,53
2024-11-18 20:00:00+05:30,21.5,53
2024-11-18 21:00:00+05:30,20.7,56
2024-11-18 22:00:00+05:30,19.8,58
2024-11-18 23:00:00+05:30,19.2,60
2024-11-19 00:00:00+05:30,18.5,62
2024-11-19 01:00:00+05:30,17.9,63
2024-11-19 02:00:00+05:30,17.3,65
2024-11-19 03:00:00+05:30,16.5,67
2024-11-19 04:00:00+05:30,15.9,70
2024-11-19 05:00:00+05:30,15.4,71
2024-11-19 06:00:00+05:30,14.6,79
2024-11-19 07:00:00+05:30,14.9,77
2024-11-19 08:00:00+05:30,16.6,69
2024-11-19 09:00:00+05:30,19.5,57
2024-11-19 10:00:00+05:30,22.3,47
2024-11-19 11:00:00+05:30,24.3,39
2024-11-19 12:00:00+05:30,25.5,31
2024-11-19 13:00:00+05:30,26.0,29
2024-11-19 14:00:00+05:30,26.2,28
2024-11-19 15:00:00+05:30,25.8,28
2024-11-19 16:00:00+05:30,25.1,30
2024-11-19 17:00:00+05:30,23.5,34
2024-11-19 18:00:00+05:30,22.3,42
2024-11-19 19:00:00+05:30,21.5,44
2024-11-19 20:00:00+05:30,20.8,45
2024-11-19 21:00:00+05:30,19.9,47
2024-11-19 22:00:00+05:30,18.9,51
2024-11-19 23:00:00+05:30,18.1,53
2024-11-20 00:00:00+05:30,17.5,55
2024-11-20 01:00:00+05:30,17.0,56
2024-11-20 02:00:00+05:30,16.5,57
2024-11-20 03:00:00+05:30,16.1,59
2024-11-20 04:00:00+05:30,15.5,62
2024-11-20 05:00:00+05:30,14.9,64
2024-11-20 06:00:00+05:30,14.1,75
2024-11-20 07:00:00+05:30,14.5,73
2024-11-20 08:00:00+05:30,16.3,66
2024-11-20 09:00:00+05:30,19.2,55
2024-11-20 10:00:00+05:30,22.1,45
2024-11-20 11:00:00+05:30,24.3,37
2024-11-20 12:00:00+05:30,25.5,29
2024-11-20 13:00:00+05:30,26.1,27
2024-11-20 14:00:00+05:30,26.3,27
2024-11-20 15:00:00+05:30,26.0,27
2024-11-20 16:00:00+05:30,25.3,28
2024-11-20 17:00:00+05:30,23.4,34
2024-11-20 18:00:00+05:30,22.7,42
2024-11-20 19:00:00+05:30,21.9,44
2024-11-20 20:00:00+05:30,21.0,46
2024-11-20 21:00:00+05:30,20.0,50
2024-11-20 22:00:00+05:30,19.0,53
2024-11-20 23:00:00+05:30,18.2,56
2024-11-21 00:00:00+05:30,17.6,58
2024-11-21 01:00:00+05:30,17.1,59
2024-11-21 02:00:00+05:30,16.4,61
2024-11-21 03:00:00+05:30,15.8,64
2024-11-21 04:00:00+05:30,15.3,65
2024-11-21 05:00:00+05:30,14.9,66
2024-11-21 06:00:00+05:30,14.1,72
2024-11-21 07:00:00+05:30,14.4,70
2024-11-21 08:00:00+05:30,16.0,64
2024-11-21 09:00:00+05:30,19.0,53
2024-11-21 10:00:00+05:30,21.9,46
2024-11-21 11:00:00+05:30,23.9,40
2024-11-21 12:00:00+05:30,25.2,33
2024-11-21 13:00:00+05:30,25.8,30
2024-11-21 14:00:00+05:30,26.1,29
2024-11-21 15:00:00+05:30,25.8,29
2024-11-21 16:00:00+05:30,25.0,30
2024-11-21 17:00:00+05:30,22.9,38
2024-11-21 18:00:00+05:30,22.7,41
2024-11-21 19:00:00+05:30,22.0,44
2024-11-21 20:00:00+05:30,21.3,46
2024-11-21 21:00:00+05:30,20.3,50
2024-11-21 22:00:00+05:30,19.2,56
2024-11-21 23:00:00+05:30,18.6,59
2024-11-22 00:00:00+05:30,18.2,61
2024-11-22 01:00:00+05:30,17.8,62
2024-11-22 02:00:00+05:30,17.0,65
2024-11-22 03:00:00+05:30,16.2,68
2024-11-22 04:00:00+05:30,15.6,71
2024-11-22 05:00:00+05:30,15.2,72
2024-11-22 06:00:00+05:30,14.5,78
2024-11-22 07:00:00+05:30,15.0,74
2024-11-22 08:00:00+05:30,16.8,67
2024-11-22 09:00:00+05:30,19.7,55
2024-11-22 10:00:00+05:30,22.7,46
2024-11-22 11:00:00+05:30,24.5,40
2024-11-22 12:00:00+05:30,25.6,36
2024-11-22 13:00:00+05:30,26.2,33
2024-11-22 14:00:00+05:30,26.4,32
2024-11-22 15:00:00+05:30,26.1,33
2024-11-22 16:00:00+05:30,25.4,36
2024-11-22 17:00:00+05:30,23.4,44
2024-11-22 18:00:00+05:30,23.4,48
2024-11-22 19:00:00+05:30,22.7,50
2024-11-22 20:00:00+05:30,21.9,53
2024-11-22 21:00:00+05:30,20.8,56
2024-11-22 22:00:00+05:30,19.9,60
2024-11-22 23:00:00+05:30,19.1,64
2024-11-23 00:00:00+05:30,18.5,67
2024-11-23 01:00:00+05:30,17.8,70
2024-11-23 02:00:00+05:30,17.1,73
2024-11-23 03:00:00+05:30,16.4,76
2024-11-23 04:00:00+05:30,15.9,78
2024-11-23 05:00:00+05:30,15.4,80
2024-11-23 06:00:00+05:30,14.6,87
2024-11-23 07:00:00+05:30,15.3,80
2024-11-23 08:00:00+05:30,17.2,69
2024-11-23 09:00:00+05:30,20.1,55
2024-11-23 10:00:00+05:30,23.2,42
2024-11-23 11:00:00+05:30,25.4,35
2024-11-23 12:00:00+05:30,26.8,30
2024-11-23 13:00:00+05:30,27.5,27
2024-11-23 14:00:00+05:30,27.7,25
2024-11-23 15:00:00+05:30,27.5,25
2024-11-23 16:00:00+05:30,26.9,26
2024-11-23 17:00:00+05:30,24.4,36
2024-11-23 18:00:00+05:30,24.3,41
2024-11-23 19:00:00+05:30,23.3,47
2024-11-23 20:00:00+05:30,22.2,52
2024-11-23 21:00:00+05:30,20.8,58
2024-11-23 22:00:00+05:30,20.2,60
2024-11-23 23:00:00+05:30,19.6,61
2024-11-24 00:00:00+05:30,19.6,57
2024-11-24 01:00:00+05:30,19.3,56
2024-11-24 02:00:00+05:30,18.8,57
2024-11-24 03:00:00+05:30,18.4,58
2024-11-24 04:00:00+05:30,18.0,59
2024-11-24 05:00:00+05:30,17.7,59
2024-11-24 06:00:00+05:30,16.8,64
2024-11-24 07:00:00+05:30,16.7,63
2024-11-24 08:00:00+05:30,17.9,58
2024-11-24 09:00:00+05:30,20.2,50
2024-11-24 10:00:00+05:30,22.9,41
2024-11-24 11:00:00+05:30,25.3,34
2024-11-24 12:00:00+05:30,26.9,30
2024-11-24 13:00:00+05:30,27.7,27
2024-11-24 14:00:00+05:30,28.0,26
2024-11-24 15:00:00+05:30,27.7,27
2024-11-24 16:00:00+05:30,26.9,29
2024-11-24 17:00:00+05:30,25.0,35
2024-11-24 18:00:00+05:30,24.5,38
2024-11-24 19:00:00+05:30,23.7,42
2024-11-24 20:00:00+05:30,23.0,44
2024-11-24 21:00:00+05:30,22.1,47
2024-11-24 22:00:00+05:30,21.4,50
2024-11-24 23:00:00+05:30,20.7,54
2024-11-25 00:00:00+05:30,20.0,57
2024-11-25 01:00:00+05:30,19.3,61
2024-11-25 02:00:00+05:30,18.8,63
2024-11-25 03:00:00+05:30,17.9,66
2024-11-25 04:00:00+05:30,17.4,69
2024-11-25 05:00:00+05:30,17.0,71
2024-11-25 06:00:00+05:30,15.8,80
2024-11-25 07:00:00+05:30,16.0,80
2024-11-25 08:00:00+05:30,17.5,73
2024-11-25 09:00:00+05:30,20.0,64
2024-11-25 10:00:00+05:30,22.8,54
2024-11-25 11:00:00+05:30,24.6,45
2024-11-25 12:00:00+05:30,25.5,37
2024-11-25 13:00:00+05:30,26.0,37
2024-11-25 14:00:00+05:30,26.1,38
2024-11-25 15:00:00+05:30,25.7,40
2024-11-25 16:00:00+05:30,25.0,43
2024-11-25 17:00:00+05:30,23.8,48
2024-11-25 18:00:00+05:30,23.4,49
2024-11-25 19:00:00+05:30,22.5,51
2024-11-25 20:00:00+05:30,21.5,53
2024-11-25 21:00:00+05:30,20.7,55
2024-11-25 22:00:00+05:30,20.1,57
2024-11-25 23:00:00+05:30,19.4,59
2024-11-26 00:00:00+05:30,18.6,61
2024-11-26 01:00:00+05:30,17.7,64
2024-11-26 02:00:00+05:30,16.9,68
2024-11-26 03:00:00+05:30,16.3,71
2024-11-26 04:00:00+05:30,15.8,73
2024-11-26 05:00:00+05:30,15.3,77
2024-11-26 06:00:00+05:30,14.6,82
2024-11-26 07:00:00+05:30,14.7,81
2024-11-26 08:00:00+05:30,16.3,74
2024-11-26 09:00:00+05:30,19.1,61
2024-11-26 10:00:00+05:30,22.0,49
2024-11-26 11:00:00+05:30,24.0,40
2024-11-26 12:00:00+05:30,25.1,35
2024-11-26 13:00:00+05:30,25.7,32
2024-11-26 14:00:00+05:30,25.8,30
2024-11-26 15:00:00+05:30,25.5,29
2024-11-26 16:00:00+05:30,24.6,31
2024-11-26 17:00:00+05:30,23.0,36
2024-11-26 18:00:00+05:30,22.9,39
2024-11-26 19:00:00+05:30,22.0,42
2024-11-26 20:00:00+05:30,21.1,45
2024-11-26 21:00:00+05:30,20.2,48
2024-11-26 22:00:00+05:30,19.3,51
2024-11-26 23:00:00+05:30,18.4,54
2024-11-27 00:00:00+05:30,17.6,57
2024-11-27 01:00:00+05:30,16.8,61
2024-11-27 02:00:00+05:30,16.3,64
2024-11-27 03:00:00+05:30,15.7,65
2024-11-27 04:00:00+05:30,15.4,66
2024-11-27 05:00:00+05:30,15.0,67
2024-11-27 06:00:00+05:30,14.1,75
2024-11-27 07:00:00+05:30,14.1,76
2024-11-27 08:00:00+05:30,16.1,67
2024-11-27 09:00:00+05:30,18.8,56
2024-11-27 10:00:00+05:30,21.6,46
2024-11-27 11:00:00+05:30,23.7,38
2024-11-27 12:00:00+05:30,25.0,33
2024-11-27 13:00:00+05:30,25.8,29
2024-11-27 14:00:00+05:30,26.0,26
2024-11-27 15:00:00+05:30,25.7,26
2024-11-27 16:00:00+05:30,24.8,27
2024-11-27 17:00:00+05:30,22.5,36
2024-11-27 18:00:00+05:30,21.7,43
2024-11-27 19:00:00+05:30,20.8,46
2024-11-27 20:00:00+05:30,19.9,49
2024-11-27 21:00:00+05:30,19.1,52
2024-11-27 22:00:00+05:30,18.4,54
2024-11-27 23:00:00+05:30,17.6,58
2024-11-28 00:00:00+05:30,16.9,61
2024-11-28 01:00:00+05:30,16.0,65
2024-11-28 02:00:00+05:30,15.2,69
2024-11-28 03:00:00+05:30,14.4,73
2024-11-28 04:00:00+05:30,13.9,75
2024-11-28 05:00:00+05:30,13.6,77
2024-11-28 06:00:00+05:30,12.6,84
2024-11-28 07:00:00+05:30,12.9,83
2024-11-28 08:00:00+05:30,15.2,71
2024-11-28 09:00:00+05:30,18.4,59
2024-11-28 10:00:00+05:30,21.1,50
2024-11-28 11:00:00+05:30,23.1,41
2024-11-28 12:00:00+05:30,24.4,35
2024-11-28 13:00:00+05:30,25.2,30
2024-11-28 14:00:00+05:30,25.5,27
2024-11-28 15:00:00+05:30,25.2,27
2024-11-28 16:00:00+05:30,24.2,31
2024-11-28 17:00:00+05:30,22.2,40
2024-11-28 18:00:00+05:30,21.8,43
2024-11-28 19:00:00+05:30,20.7,48
2024-11-28 20:00:00+05:30,19.8,52
2024-11-28 21:00:00+05:30,18.6,57
2024-11-28 22:00:00+05:30,17.6,63
2024-11-28 23:00:00+05:30,16.9,67
2024-11-29 00:00:00+05:30,16.3,70
2024-11-29 01:00:00+05:30,15.5,75
2024-11-29 02:00:00+05:30,14.9,79
2024-11-29 03:00:00+05:30,14.2,84
2024-11-29 04:00:00+05:30,13.7,88
2024-11-29 05:00:00+05:30,13.2,90
2024-11-29 06:00:00+05:30,12.1,93
2024-11-29 07:00:00+05:30,12.2,95
2024-11-29 08:00:00+05:30,14.1,85
2024-11-29 09:00:00+05:30,17.2,72
2024-11-29 10:00:00+05:30,19.9,61
2024-11-29 11:00:00+05:30,21.8,52
2024-11-29 12:00:00+05:30,23.1,46
2024-11-29 13:00:00+05:30,24.0,41
2024-11-29 14:00:00+05:30,24.5,38
2024-11-29 15:00:00+05:30,24.5,37
2024-11-29 16:00:00+05:30,23.8,39
2024-11-29 17:00:00+05:30,21.9,47
2024-11-29 18:00:00+05:30,21.8,48
2024-11-29 19:00:00+05:30,20.4,55
2024-11-29 20:00:00+05:30,19.3,60
2024-11-29 21:00:00+05:30,18.4,65
2024-11-29 22:00:00+05:30,17.6,68
2024-11-29 23:00:00+05:30,16.9,71
2024-11-30 00:00:00+05:30,16.3,73
2024-11-30 01:00:00+05:30,15.7,76
2024-11-30 02:00:00+05:30,15.0,79
2024-11-30 03:00:00+05:30,14.5,82
2024-11-30 04:00:00+05:30,13.8,85
2024-11-30 05:00:00+05:30,13.4,86
2024-11-30 06:00:00+05:30,12.4,89
2024-11-30 07:00:00+05:30,12.8,86
2024-11-30 08:00:00+05:30,14.6,77
2024-11-30 09:00:00+05:30,17.5,65
2024-11-30 10:00:00+05:30,20.4,54
2024-11-30 11:00:00+05:30,22.5,45
2024-11-30 12:00:00+05:30,23.9,39
2024-11-30 13:00:00+05:30,24.5,36
2024-11-30 14:00:00+05:30,24.7,35
2024-11-30 15:00:00+05:30,24.5,36
2024-11-30 16:00:00+05:30,23.6,41
2024-11-30 17:00:00+05:30,21.9,49
2024-11-30 18:00:00+05:30,22.0,48
2024-11-30 19:00:00+05:30,21.4,51
2024-11-30 20:00:00+05:30,20.8,53
2024-11-30 21:00:00+05:30,20.1,57
2024-11-30 22:00:00+05:30,19.2,62
2024-11-30 23:00:00+05:30,18.3,67
2024-12-01 00:00:00+05:30,17.7,71
2024-12-01 01:00:00+05:30,16.9,75
2024-12-01 02:00:00+05:30,16.4,77
2024-12-01 03:00:00+05:30,15.8,79
2024-12-01 04:00:00+05:30,15.4,80
2024-12-01 05:00:00+05:30,14.9,82
2024-12-01 06:00:00+05:30,13.9,86
2024-12-01 07:00:00+05:30,14.2,84
2024-12-01 08:00:00+05:30,15.9,75
2024-12-01 09:00:00+05:30,18.1,65
2024-12-01 10:00:00+05:30,20.3,56
2024-12-01 11:00:00+05:30,22.2,47
2024-12-01 12:00:00+05:30,23.8,40
2024-12-01 13:00:00+05:30,24.7,36
2024-12-01 14:00:00+05:30,25.1,36
2024-12-01 15:00:00+05:30,24.8,38
2024-12-01 16:00:00+05:30,24.0,42
2024-12-01 17:00:00+05:30,22.6,47
2024-12-01 18:00:00+05:30,22.4,49
2024-12-01 19:00:00+05:30,21.6,52
2024-12-01 20:00:00+05:30,20.8,56
2024-12-01 21:00:00+05:30,19.8,61
2024-12-01 22:00:00+05:30,18.8,65
2024-12-01 23:00:00+05:30,18.1,68
2024-12-02 00:00:00+05:30,17.7,70
2024-12-02 01:00:00+05:30,17.0,73
2024-12-02 02:00:00+05:30,16.2,76
2024-12-02 03:00:00+05:30,15.6,78
2024-12-02 04:00:00+05:30,15.1,79
2024-12-02 05:00:00+05:30,14.6,80
2024-12-02 06:00:00+05:30,13.5,87
2024-12-02 07:00:00+05:30,13.5,86
2024-12-02 08:00:00+05:30,15.4,75
2024-12-02 09:00:00+05:30,17.9,63
2024-12-02 10:00:00+05:30,20.4,53
2024-12-02 11:00:00+05:30,22.7,44
2024-12-02 12:00:00+05:30,24.4,36
2024-12-02 13:00:00+05:30,25.5,32
2024-12-02 14:00:00+05:30,25.9,31
2024-12-02 15:00:00+05:30,25.7,31
2024-12-02 16:00:00+05:30,24.9,33
2024-12-02 17:00:00+05:30,22.7,42
2024-12-02 18:00:00+05:30,22.7,45
2024-12-02 19:00:00+05:30,21.9,48
2024-12-02 20:00:00+05:30,21.1,52
2024-12-02 21:00:00+05:30,20.3,55
2024-12-02 22:00:00+05:30,19.4,59
2024-12-02 23:00:00+05:30,18.4,65
2024-12-03 00:00:00+05:30,17.6,69
2024-12-03 01:00:00+05:30,17.3,71
2024-12-03 02:00:00+05:30,16.9,72
2024-12-03 03:00:00+05:30,16.5,72
2024-12-03 04:00:00+05:30,15.7,74
2024-12-03 05:00:00+05:30,14.9,77
2024-12-03 06:00:00+05:30,13.9,83
2024-12-03 07:00:00+05:30,14.1,82
2024-12-03 08:00:00+05:30,16.0,73
2024-12-03 09:00:00+05:30,18.4,62
2024-12-03 10:00:00+05:30,21.0,51
2024-12-03 11:00:00+05:30,23.4,43
2024-12-03 12:00:00+05:30,25.2,36
2024-12-03 13:00:00+05:30,26.3,31
2024-12-03 14:00:00+05:30,26.6,30
2024-12-03 15:00:00+05:30,26.1,32
2024-12-03 16:00:00+05:30,25.1,36
2024-12-03 17:00:00+05:30,23.5,42
2024-12-03 18:00:00+05:30,23.5,43
2024-12-03 19:00:00+05:30,22.5,48
2024-12-03 20:00:00+05:30,21.6,51
2024-12-03 21:00:00+05:30,20.9,52
2024-12-03 22:00:00+05:30,20.0,55
2024-12-03 23:00:00+05:30,19.2,57
2024-12-04 00:00:00+05:30,18.6,56
2024-12-04 01:00:00+05:30,18.2,54
2024-12-04 02:00:00+05:30,17.9,53
2024-12-04 03:00:00+05:30,17.4,54
2024-12-04 04:00:00+05:30,16.8,56
2024-12-04 05:00:00+05:30,16.5,58
2024-12-04 06:00:00+05:30,15.5,73
2024-12-04 07:00:00+05:30,15.4,73
2024-12-04 08:00:00+05:30,16.7,68
2024-12-04 09:00:00+05:30,18.8,60
2024-12-04 10:00:00+05:30,21.1,51
2024-12-04 11:00:00+05:30,23.4,42
2024-12-04 12:00:00+05:30,25.0,35
2024-12-04 13:00:00+05:30,25.7,33
2024-12-04 14:00:00+05:30,25.8,32
2024-12-04 15:00:00+05:30,25.4,33
2024-12-04 16:00:00+05:30,24.4,35
2024-12-04 17:00:00+05:30,23.1,38
2024-12-04 18:00:00+05:30,22.7,38
2024-12-04 19:00:00+05:30,21.6,41
2024-12-04 20:00:00+05:30,20.6,43
2024-12-04 21:00:00+05:30,19.7,44
2024-12-04 22:00:00+05:30,18.9,45
2024-12-04 23:00:00+05:30,18.1,46
2024-12-05 00:00:00+05:30,17.5,47
2024-12-05 01:00:00+05:30,16.8,49
2024-12-05 02:00:00+05:30,16.0,52
2024-12-05 03:00:00+05:30,15.3,55
2024-12-05 04:00:00+05:30,14.7,58
2024-12-05 05:00:00+05:30,14.2,60
2024-12-05 06:00:00+05:30,12.6,64
2024-12-05 07:00:00+05:30,12.6,63
2024-12-05 08:00:00+05:30,14.0,57
2024-12-05 09:00:00+05:30,16.3,48
2024-12-05 10:00:00+05:30,18.9,39
2024-12-05 11:00:00+05:30,21.4,32
2024-12-05 12:00:00+05:30,23.0,27
2024-12-05 13:00:00+05:30,23.8,24
2024-12-05 14:00:00+05:30,23.9,24
2024-12-05 15:00:00+05:30,23.5,26
2024-12-05 16:00:00+05:30,22.6,29
2024-12-05 17:00:00+05:30,21.2,31
2024-12-05 18:00:00+05:30,20.9,32
2024-12-05 19:00:00+05:30,19.9,36
2024-12-05 20:00:00+05:30,18.9,39
2024-12-05 21:00:00+05:30,18.1,40
2024-12-05 22:00:00+05:30,17.5,42
2024-12-05 23:00:00+05:30,17.1,42
2024-12-06 00:00:00+05:30,16.8,42
2024-12-06 01:00:00+05:30,16.1,43
2024-12-06 02:00:00+05:30,15.1,46
2024-12-06 03:00:00+05:30,14.3,49
2024-12-06 04:00:00+05:30,13.8,49
2024-12-06 05:00:00+05:30,13.4,51
2024-12-06 06:00:00+05:30,12.2,64
2024-12-06 07:00:00+05:30,12.2,66
2024-12-06 08:00:00+05:30,13.6,61
2024-12-06 09:00:00+05:30,16.2,52
2024-12-06 10:00:00+05:30,19.3,41
2024-12-06 11:00:00+05:30,21.8,32
2024-12-06 12:00:00+05:30,23.1,32
2024-12-06 13:00:00+05:30,23.7,32
2024-12-06 14:00:00+05:30,23.8,31
2024-12-06 15:00:00+05:30,23.4,32
2024-12-06 16:00:00+05:30,22.6,34
2024-12-06 17:00:00+05:30,21.0,38
2024-12-06 18:00:00+05:30,20.5,40
2024-12-06 19:00:00+05:30,19.7,43
2024-12-06 20:00:00+05:30,18.7,44
2024-12-06 21:00:00+05:30,17.7,45
2024-12-06 22:00:00+05:30,16.5,48
2024-12-06 23:00:00+05:30,15.9,49
2024-12-07 00:00:00+05:30,15.4,51
2024-12-07 01:00:00+05:30,14.6,52
2024-12-07 02:00:00+05:30,14.0,54
2024-12-07 03:00:00+05:30,13.3,57
2024-12-07 04:00:00+05:30,12.4,61
2024-12-07 05:00:00+05:30,11.7,62
2024-12-07 06:00:00+05:30,10.3,69
2024-12-07 07:00:00+05:30,10.3,70
2024-12-07 08:00:00+05:30,12.4,62
2024-12-07 09:00:00+05:30,15.4,53
2024-12-07 10:00:00+05:30,18.5,43
2024-12-07 11:00:00+05:30,20.8,34
2024-12-07 12:00:00+05:30,22.1,27
2024-12-07 13:00:00+05:30,22.8,24
2024-12-07 14:00:00+05:30,23.0,22
2024-12-07 15:00:00+05:30,22.9,21
2024-12-07 16:00:00+05:30,22.4,21
2024-12-07 17:00:00+05:30,19.8,30
2024-12-07 18:00:00+05:30,19.2,38
2024-12-07 19:00:00+05:30,18.0,44
2024-12-07 20:00:00+05:30,17.2,49
2024-12-07 21:00:00+05:30,16.3,53
2024-12-07 22:00:00+05:30,15.2,58
2024-12-07 23:00:00+05:30,14.5,59
2024-12-08 00:00:00+05:30,13.8,59
2024-12-08 01:00:00+05:30,13.2,61
2024-12-08 02:00:00+05:30,12.5,63
2024-12-08 03:00:00+05:30,12.1,65
2024-12-08 04:00:00+05:30,11.7,67
2024-12-08 05:00:00+05:30,11.3,69
2024-12-08 06:00:00+05:30,10.6,74
2024-12-08 07:00:00+05:30,10.7,73
2024-12-08 08:00:00+05:30,12.1,67
2024-12-08 09:00:00+05:30,14.7,56
2024-12-08 10:00:00+05:30,17.7,46
2024-12-08 11:00:00+05:30,20.3,38
2024-12-08 12:00:00+05:30,21.6,34
2024-12-08 13:00:00+05:30,22.2,34
2024-12-08 14:00:00+05:30,22.5,35
2024-12-08 15:00:00+05:30,22.2,36
2024-12-08 16:00:00+05:30,21.5,39
2024-12-08 17:00:00+05:30,20.0,45
2024-12-08 18:00:00+05:30,18.3,48
2024-12-08 19:00:00+05:30,17.5,57
2024-12-08 20:00:00+05:30,16.9,59
2024-12-08 21:00:00+05:30,15.5,67
2024-12-08 22:00:00+05:30,14.9,70
2024-12-08 23:00:00+05:30,14.8,68
2024-12-09 00:00:00+05:30,13.6,72
2024-12-09 01:00:00+05:30,13.1,74
2024-12-09 02:00:00+05:30,12.4,81
2024-12-09 03:00:00+05:30,11.8,85
2024-12-09 04:00:00+05:30,11.3,87
2024-12-09 05:00:00+05:30,10.5,91
2024-12-09 06:00:00+05:30,10.7,90
2024-12-09 07:00:00+05:30,10.6,91
2024-12-09 08:00:00+05:30,12.3,82
2024-12-09 09:00:00+05:30,14.4,71
2024-12-09 10:00:00+05:30,16.2,63
2024-12-09 11:00:00+05:30,17.7,58
2024-12-09 12:00:00+05:30,19.0,54
2024-12-09 13:00:00+05:30,19.8,50
2024-12-09 14:00:00+05:30,20.2,46
2024-12-09 15:00:00+05:30,20.1,43
2024-12-09 16:00:00+05:30,19.5,44
2024-12-09 17:00:00+05:30,18.1,51
2024-12-09 18:00:00+05:30,17.8,53
2024-12-09 19:00:00+05:30,17.2,55
2024-12-09 20:00:00+05:30,16.6,56
2024-12-09 21:00:00+05:30,15.5,61
2024-12-09 22:00:00+05:30,14.7,63
2024-12-09 23:00:00+05:30,13.9,65
2024-12-10 00:00:00+05:30,13.2,68
2024-12-10 01:00:00+05:30,12.6,70
2024-12-10 02:00:00+05:30,12.3,71
2024-12-10 03:00:00+05:30,11.8,71
2024-12-10 04:00:00+05:30,11.3,71
2024-12-10 05:00:00+05:30,10.9,73
2024-12-10 06:00:00+05:30,10.1,84
2024-12-10 07:00:00+05:30,9.9,84
2024-12-10 08:00:00+05:30,11.3,77
2024-12-10 09:00:00+05:30,13.4,67
2024-12-10 10:00:00+05:30,15.7,58
2024-12-10 11:00:00+05:30,17.9,48
2024-12-10 12:00:00+05:30,19.7,30
2024-12-10 13:00:00+05:30,20.4,19
2024-12-10 14:00:00+05:30,20.4,19
2024-12-10 15:00:00+05:30,19.9,20
2024-12-10 16:00:00+05:30,18.9,24
2024-12-10 17:00:00+05:30,17.3,30
2024-12-10 18:00:00+05:30,17.3,33
2024-12-10 19:00:00+05:30,16.2,37
2024-12-10 20:00:00+05:30,15.3,39
2024-12-10 21:00:00+05:30,14.2,43
2024-12-10 22:00:00+05:30,13.3,45
2024-12-10 23:00:00+05:30,12.6,48
2024-12-11 00:00:00+05:30,12.0,49
2024-12-11 01:00:00+05:30,11.4,50
2024-12-11 02:00:00+05:30,10.9,50
2024-12-11 03:00:00+05:30,10.6,49
2024-12-11 04:00:00+05:30,10.2,49
2024-12-11 05:00:00+05:30,9.9,49
2024-12-11 06:00:00+05:30,8.9,56
2024-12-11 07:00:00+05:30,8.7,57
2024-12-11 08:00:00+05:30,10.0,53
2024-12-11 09:00:00+05:30,12.1,48
2024-12-11 10:00:00+05:30,14.7,41
2024-12-11 11:00:00+05:30,17.2,35
2024-12-11 12:00:00+05:30,19.1,30
2024-12-11 13:00:00+05:30,20.2,27
2024-12-11 14:00:00+05:30,20.6,26
2024-12-11 15:00:00+05:30,20.3,27
2024-12-11 16:00:00+05:30,19.4,30
2024-12-11 17:00:00+05:30,17.6,36
2024-12-11 18:00:00+05:30,17.7,36
2024-12-11 19:00:00+05:30,16.8,40
2024-12-11 20:00:00+05:30,15.7,44
2024-12-11 21:00:00+05:30,14.7,47
2024-12-11 22:00:00+05:30,13.8,51
2024-12-11 23:00:00+05:30,13.1,53
2024-12-12 00:00:00+05:30,12.2,56
2024-12-12 01:00:00+05:30,11.5,59
2024-12-12 02:00:00+05:30,10.8,63
2024-12-12 03:00:00+05:30,10.2,65
2024-12-12 04:00:00+05:30,9.8,67
2024-12-12 05:00:00+05:30,9.4,69
2024-12-12 06:00:00+05:30,8.3,73
2024-12-12 07:00:00+05:30,8.3,73
2024-12-12 08:00:00+05:30,9.8,66
2024-12-12 09:00:00+05:30,12.4,56
2024-12-12 10:00:00+05:30,15.5,46
2024-12-12 11:00:00+05:30,18.1,38
2024-12-12 12:00:00+05:30,19.7,32
2024-12-12 13:00:00+05:30,20.5,30
2024-12-12 14:00:00+05:30,20.8,29
2024-12-12 15:00:00+05:30,20.5,31
2024-12-12 16:00:00+05:30,19.6,33
2024-12-12 17:00:00+05:30,18.1,39
2024-12-12 18:00:00+05:30,18.0,41
2024-12-12 19:00:00+05:30,17.1,46
2024-12-12 20:00:00+05:30,16.2,48
2024-12-12 21:00:00+05:30,15.5,50
2024-12-12 22:00:00+05:30,14.9,51
2024-12-12 23:00:00+05:30,14.0,54
2024-12-13 00:00:00+05:30,13.2,57
2024-12-13 01:00:00+05:30,12.8,59
2024-12-13 02:00:00+05:30,12.2,61
2024-12-13 03:00:00+05:30,11.6,62
2024-12-13 04:00:00+05:30,11.1,63
2024-12-13 05:00:00+05:30,10.7,63
2024-12-13 06:00:00+05:30,9.5,71
2024-12-13 07:00:00+05:30,9.5,69
2024-12-13 08:00:00+05:30,10.8,62
2024-12-13 09:00:00+05:30,12.9,53
2024-12-13 10:00:00+05:30,15.5,43
2024-12-13 11:00:00+05:30,17.8,37
2024-12-13 12:00:00+05:30,19.5,31
2024-12-13 13:00:00+05:30,20.5,28
2024-12-13 14:00:00+05:30,20.8,27
2024-12-13 15:00:00+05:30,20.5,28
2024-12-13 16:00:00+05:30,19.6,31
2024-12-13 17:00:00+05:30,18.2,35
2024-12-13 18:00:00+05:30,18.3,36
2024-12-13 19:00:00+05:30,17.5,37
2024-12-13 20:00:00+05:30,16.7,37
2024-12-13 21:00:00+05:30,15.9,37
2024-12-13 22:00:00+05:30,15.2,39
2024-12-13 23:00:00+05:30,14.4,41
2024-12-14 00:00:00+05:30,13.6,43
2024-12-14 01:00:00+05:30,12.9,46
2024-12-14 02:00:00+05:30,12.2,47
2024-12-14 03:00:00+05:30,11.6,49
2024-12-14 04:00:00+05:30,11.1,49
2024-12-14 05:00:00+05:30,10.7,50
2024-12-14 06:00:00+05:30,9.4,58
2024-12-14 07:00:00+05:30,9.0,60
2024-12-14 08:00:00+05:30,10.1,56
2024-12-14 09:00:00+05:30,12.1,49
2024-12-14 10:00:00+05:30,14.6,41
2024-12-14 11:00:00+05:30,17.0,34
2024-12-14 12:00:00+05:30,19.0,30
2024-12-14 13:00:00+05:30,20.3,28
2024-12-14 14:00:00+05:30,20.9,27
2024-12-14 15:00:00+05:30,20.9,28
2024-12-14 16:00:00+05:30,20.1,30
2024-12-14 17:00:00+05:30,18.4,34
2024-12-14 18:00:00+05:30,18.4,36
2024-12-14 19:00:00+05:30,17.4,41
2024-12-14 20:00:00+05:30,16.3,45
2024-12-14 21:00:00+05:30,15.5,47
2024-12-14 22:00:00+05:30,14.7,49
2024-12-14 23:00:00+05:30,14.0,51
2024-12-15 00:00:00+05:30,13.2,53
2024-12-15 01:00:00+05:30,12.3,56
2024-12-15 02:00:00+05:30,11.6,58
2024-12-15 03:00:00+05:30,10.9,59
2024-12-15 04:00:00+05:30,10.3,61
2024-12-15 05:00:00+05:30,9.8,62
2024-12-15 06:00:00+05:30,7.8,74
2024-12-15 07:00:00+05:30,7.7,74
2024-12-15 08:00:00+05:30,9.4,66
2024-12-15 09:00:00+05:30,11.9,56
2024-12-15 10:00:00+05:30,14.7,47
2024-12-15 11:00:00+05:30,17.1,40
2024-12-15 12:00:00+05:30,19.0,34
2024-12-15 13:00:00+05:30,20.3,29
2024-12-15 14:00:00+05:30,20.9,27
2024-12-15 15:00:00+05:30,20.9,27
2024-12-15 16:00:00+05:30,20.0,30
2024-12-15 17:00:00+05:30,17.3,42
2024-12-15 18:00:00+05:30,17.1,48
2024-12-15 19:00:00+05:30,16.1,54
2024-12-15 20:00:00+05:30,15.1,58
2024-12-15 21:00:00+05:30,14.2,63
2024-12-15 22:00:00+05:30,13.3,68
2024-12-15 23:00:00+05:30,12.5,72
2024-12-16 00:00:00+05:30,11.6,77
2024-12-16 01:00:00+05:30,10.8,82
2024-12-16 02:00:00+05:30,10.1,86
2024-12-16 03:00:00+05:30,9.6,89
2024-12-16 04:00:00+05:30,9.3,90
2024-12-16 05:00:00+05:30,8.9,92
2024-12-16 06:00:00+05:30,7.6,94
2024-12-16 07:00:00+05:30,7.4,96
2024-12-16 08:00:00+05:30,8.5,92
2024-12-16 09:00:00+05:30,10.7,82
2024-12-16 10:00:00+05:30,13.5,72
2024-12-16 11:00:00+05:30,16.3,60
2024-12-16 12:00:00+05:30,18.3,51
2024-12-16 13:00:00+05:30,19.7,44
2024-12-16 14:00:00+05:30,20.6,40
2024-12-16 15:00:00+05:30,20.8,39
2024-12-16 16:00:00+05:30,19.9,43
2024-12-16 17:00:00+05:30,17.6,54
2024-12-16 18:00:00+05:30,17.7,58
2024-12-16 19:00:00+05:30,16.5,68
2024-12-16 20:00:00+05:30,15.8,71
2024-12-16 21:00:00+05:30,14.9,75
2024-12-16 22:00:00+05:30,14.1,79
2024-12-16 23:00:00+05:30,13.2,84
2024-12-17 00:00:00+05:30,12.2,89
2024-12-17 01:00:00+05:30,11.4,93
2024-12-17 02:00:00+05:30,10.7,96
2024-12-17 03:00:00+05:30,10.1,98
2024-12-17 04:00:00+05:30,9.6,100
2024-12-17 05:00:00+05:30,9.1,100
2024-12-17 06:00:00+05:30,8.2,100
2024-12-17 07:00:00+05:30,7.6,100
2024-12-17 08:00:00+05:30,8.8,97
2024-12-17 09:00:00+05:30,9.8,94
2024-12-17 10:00:00+05:30,12.1,87
2024-12-17 11:00:00+05:30,15.5,71
2024-12-17 12:00:00+05:30,18.3,58
2024-12-17 13:00:00+05:30,19.7,50
2024-12-17 14:00:00+05:30,20.4,46
2024-12-17 15:00:00+05:30,20.4,45
2024-12-17 16:00:00+05:30,19.6,48
2024-12-17 17:00:00+05:30,17.5,59
2024-12-17 18:00:00+05:30,17.4,62
2024-12-17 19:00:00+05:30,16.6,66
2024-12-17 20:00:00+05:30,15.7,71
2024-12-17 21:00:00+05:30,14.7,74
2024-12-17 22:00:00+05:30,13.8,75
2024-12-17 23:00:00+05:30,12.9,78
2024-12-18 00:00:00+05:30,12.1,83
2024-12-18 01:00:00+05:30,11.4,87
2024-12-18 02:00:00+05:30,11.0,88
2024-12-18 03:00:00+05:30,10.5,90
2024-12-18 04:00:00+05:30,10.0,91
2024-12-18 05:00:00+05:30,9.6,93
2024-12-18 06:00:00+05:30,8.6,96
2024-12-18 07:00:00+05:30,8.1,98
2024-12-18 08:00:00+05:30,9.0,93
2024-12-18 09:00:00+05:30,11.3,80
2024-12-18 10:00:00+05:30,14.5,66
2024-12-18 11:00:00+05:30,17.5,54
2024-12-18 12:00:00+05:30,19.4,45
2024-12-18 13:00:00+05:30,20.6,39
2024-12-18 14:00:00+05:30,21.2,35
2024-12-18 15:00:00+05:30,21.2,33
2024-12-18 16:00:00+05:30,20.4,35
2024-12-18 17:00:00+05:30,18.1,44
2024-12-18 18:00:00+05:30,17.8,51
2024-12-18 19:00:00+05:30,16.5,62
2024-12-18 20:00:00+05:30,15.9,64
2024-12-18 21:00:00+05:30,15.1,67
2024-12-18 22:00:00+05:30,14.1,71
2024-12-18 23:00:00+05:30,13.2,75
2024-12-19 00:00:00+05:30,12.4,78
2024-12-19 01:00:00+05:30,11.6,81
2024-12-19 02:00:00+05:30,11.1,82
2024-12-19 03:00:00+05:30,10.5,84
2024-12-19 04:00:00+05:30,9.8,86
2024-12-19 05:00:00+05:30,9.2,89
2024-12-19 06:00:00+05:30,8.3,91
2024-12-19 07:00:00+05:30,7.8,94
2024-12-19 08:00:00+05:30,9.6,87
2024-12-19 09:00:00+05:30,12.8,71
2024-12-19 10:00:00+05:30,16.0,59
2024-12-19 11:00:00+05:30,18.1,49
2024-12-19 12:00:00+05:30,19.6,40
2024-12-19 13:00:00+05:30,20.6,35
2024-12-19 14:00:00+05:30,21.0,33
2024-12-19 15:00:00+05:30,20.9,34
2024-12-19 16:00:00+05:30,20.2,36
2024-12-19 17:00:00+05:30,18.2,45
2024-12-19 18:00:00+05:30,17.7,50
2024-12-19 19:00:00+05:30,16.7,56
2024-12-19 20:00:00+05:30,15.7,63
2024-12-19 21:00:00+05:30,14.6,68
2024-12-19 22:00:00+05:30,13.8,72
2024-12-19 23:00:00+05:30,13.2,74
2024-12-20 00:00:00+05:30,12.5,77
2024-12-20 01:00:00+05:30,11.9,79
2024-12-20 02:00:00+05:30,11.5,82
2024-12-20 03:00:00+05:30,11.0,84
2024-12-20 04:00:00+05:30,10.5,87
2024-12-20 05:00:00+05:30,10.1,88
2024-12-20 06:00:00+05:30,9.6,92
2024-12-20 07:00:00+05:30,9.4,93
2024-12-20 08:00:00+05:30,11.1,83
2024-12-20 09:00:00+05:30,14.2,68
2024-12-20 10:00:00+05:30,17.4,56
2024-12-20 11:00:00+05:30,19.6,48
2024-12-20 12:00:00+05:30,21.2,41
2024-12-20 13:00:00+05:30,22.3,35
2024-12-20 14:00:00+05:30,22.8,34
2024-12-20 15:00:00+05:30,22.8,34
2024-12-20 16:00:00+05:30,21.9,39
2024-12-20 17:00:00+05:30,19.8,49
2024-12-20 18:00:00+05:30,19.3,52
2024-12-20 19:00:00+05:30,18.5,57
2024-12-20 20:00:00+05:30,17.4,66
2024-12-20 21:00:00+05:30,16.4,71
2024-12-20 22:00:00+05:30,15.6,74
2024-12-20 23:00:00+05:30,14.7,77
2024-12-21 00:00:00+05:30,13.9,80
2024-12-21 01:00:00+05:30,13.1,82
2024-12-21 02:00:00+05:30,12.5,83
2024-12-21 03:00:00+05:30,12.0,84
2024-12-21 04:00:00+05:30,11.5,84
2024-12-21 05:00:00+05:30,11.0,85
2024-12-21 06:00:00+05:30,9.4,93
2024-12-21 07:00:00+05:30,9.4,92
2024-12-21 08:00:00+05:30,10.8,85
2024-12-21 09:00:00+05:30,13.3,71
2024-12-21 10:00:00+05:30,16.0,58
2024-12-21 11:00:00+05:30,18.6,47
2024-12-21 12:00:00+05:30,20.7,38
2024-12-21 13:00:00+05:30,21.9,33
2024-12-21 14:00:00+05:30,22.2,32
2024-12-21 15:00:00+05:30,22.0,34
2024-12-21 16:00:00+05:30,21.1,38
2024-12-21 17:00:00+05:30,18.9,48
2024-12-21 18:00:00+05:30,18.6,50
2024-12-21 19:00:00+05:30,17.6,55
2024-12-21 20:00:00+05:30,16.6,59
2024-12-21 21:00:00+05:30,15.4,64
2024-12-21 22:00:00+05:30,14.5,68
2024-12-21 23:00:00+05:30,13.8,71
2024-12-22 00:00:00+05:30,12.9,74
2024-12-22 01:00:00+05:30,12.2,77
2024-12-22 02:00:00+05:30,11.7,79
2024-12-22 03:00:00+05:30,11.7,79
2024-12-22 04:00:00+05:30,11.6,79
2024-12-22 05:00:00+05:30,11.6,79
2024-12-22 06:00:00+05:30,10.3,85
2024-12-22 07:00:00+05:30,10.1,86
2024-12-22 08:00:00+05:30,11.2,81
2024-12-22 09:00:00+05:30,14.0,67
2024-12-22 10:00:00+05:30,17.2,52
2024-12-22 11:00:00+05:30,19.6,43
2024-12-22 12:00:00+05:30,21.0,39
2024-12-22 13:00:00+05:30,21.9,37
2024-12-22 14:00:00+05:30,22.4,35
2024-12-22 15:00:00+05:30,22.3,34
2024-12-22 16:00:00+05:30,21.6,36
2024-12-22 17:00:00+05:30,19.7,42
2024-12-22 18:00:00+05:30,18.6,46
2024-12-22 19:00:00+05:30,17.4,53
2024-12-22 20:00:00+05:30,16.6,60
2024-12-22 21:00:00+05:30,15.6,66
2024-12-22 22:00:00+05:30,14.6,70
2024-12-22 23:00:00+05:30,13.8,72
2024-12-23 00:00:00+05:30,13.4,71
2024-12-23 01:00:00+05:30,13.1,70
2024-12-23 02:00:00+05:30,12.4,72
2024-12-23 03:00:00+05:30,12.0,73
2024-12-23 04:00:00+05:30,11.5,75
2024-12-23 05:00:00+05:30,11.1,77
2024-12-23 06:00:00+05:30,12.3,76
2024-12-23 07:00:00+05:30,12.2,76
2024-12-23 08:00:00+05:30,12.7,74
2024-12-23 09:00:00+05:30,13.7,72
2024-12-23 10:00:00+05:30,14.7,67
2024-12-23 11:00:00+05:30,15.2,66
2024-12-23 12:00:00+05:30,16.6,63
2024-12-23 13:00:00+05:30,18.2,53
2024-12-23 14:00:00+05:30,16.7,59
2024-12-23 15:00:00+05:30,16.7,62
2024-12-23 16:00:00+05:30,17.1,60
2024-12-23 17:00:00+05:30,16.5,62
2024-12-23 18:00:00+05:30,16.2,67
2024-12-23 19:00:00+05:30,15.2,71
2024-12-23 20:00:00+05:30,14.4,74
2024-12-23 21:00:00+05:30,14.1,74
2024-12-23 22:00:00+05:30,13.0,81
2024-12-23 23:00:00+05:30,12.4,85
2024-12-24 00:00:00+05:30,11.9,87
2024-12-24 01:00:00+05:30,11.3,89
2024-12-24 02:00:00+05:30,11.7,87
2024-12-24 03:00:00+05:30,11.9,85
2024-12-24 04:00:00+05:30,11.6,87
2024-12-24 05:00:00+05:30,10.9,91
2024-12-24 06:00:00+05:30,11.7,88
2024-12-24 07:00:00+05:30,11.4,89
2024-12-24 08:00:00+05:30,12.2,86
2024-12-24 09:00:00+05:30,13.2,85
2024-12-24 10:00:00+05:30,14.7,80
2024-12-24 11:00:00+05:30,16.8,72
2024-12-24 12:00:00+05:30,17.7,69
2024-12-24 13:00:00+05:30,18.0,65
2024-12-24 14:00:00+05:30,18.6,62
2024-12-24 15:00:00+05:30,18.3,64
2024-12-24 16:00:00+05:30,18.1,68
2024-12-24 17:00:00+05:30,16.4,79
2024-12-24 18:00:00+05:30,15.6,84
2024-12-24 19:00:00+05:30,14.9,83
2024-12-24 20:00:00+05:30,14.6,83
2024-12-24 21:00:00+05:30,15.0,82
2024-12-24 22:00:00+05:30,14.3,84
2024-12-24 23:00:00+05:30,13.4,88
2024-12-25 00:00:00+05:30,12.8,93
2024-12-25 01:00:00+05:30,12.5,93
2024-12-25 02:00:00+05:30,12.1,94
2024-12-25 03:00:00+05:30,11.8,94
2024-12-25 04:00:00+05:30,10.9,95
2024-12-25 05:00:00+05:30,10.4,95
2024-12-25 06:00:00+05:30,11.1,95
2024-12-25 07:00:00+05:30,11.0,95
2024-12-25 08:00:00+05:30,12.0,93
2024-12-25 09:00:00+05:30,14.1,85
2024-12-25 10:00:00+05:30,16.2,74
2024-12-25 11:00:00+05:30,18.1,64
2024-12-25 12:00:00+05:30,19.5,57
2024-12-25 13:00:00+05:30,20.3,53
2024-12-25 14:00:00+05:30,20.7,51
2024-12-25 15:00:00+05:30,20.5,51
2024-12-25 16:00:00+05:30,19.8,54
2024-12-25 17:00:00+05:30,17.8,67
2024-12-25 18:00:00+05:30,17.3,71
2024-12-25 19:00:00+05:30,16.5,74
2024-12-25 20:00:00+05:30,15.7,77
2024-12-25 21:00:00+05:30,14.9,79
2024-12-25 22:00:00+05:30,14.1,82
2024-12-25 23:00:00+05:30,13.6,84
2024-12-26 00:00:00+05:30,13.0,86
2024-12-26 01:00:00+05:30,12.4,87
2024-12-26 02:00:00+05:30,11.8,89
2024-12-26 03:00:00+05:30,11.3,90
2024-12-26 04:00:00+05:30,11.0,91
2024-12-26 05:00:00+05:30,10.4,93
2024-12-26 06:00:00+05:30,10.1,94
2024-12-26 07:00:00+05:30,9.9,95
2024-12-26 08:00:00+05:30,11.2,91
2024-12-26 09:00:00+05:30,13.7,82
2024-12-26 10:00:00+05:30,16.5,71
2024-12-26 11:00:00+05:30,19.1,60
2024-12-26 12:00:00+05:30,21.0,50
2024-12-26 13:00:00+05:30,22.0,44
2024-12-26 14:00:00+05:30,22.4,41
2024-12-26 15:00:00+05:30,22.3,41
2024-12-26 16:00:00+05:30,21.5,54
2024-12-26 17:00:00+05:30,19.8,58
2024-12-26 18:00:00+05:30,19.3,57
2024-12-26 19:00:00+05:30,18.1,61
2024-12-26 20:00:00+05:30,17.5,66
2024-12-26 21:00:00+05:30,16.8,70
2024-12-26 22:00:00+05:30,16.0,74
2024-12-26 23:00:00+05:30,15.3,78
2024-12-27 00:00:00+05:30,14.9,77
2024-12-27 01:00:00+05:30,15.1,73
2024-12-27 02:00:00+05:30,14.3,79
2024-12-27 03:00:00+05:30,14.8,75
2024-12-27 04:00:00+05:30,14.2,80
2024-12-27 05:00:00+05:30,13.6,80
2024-12-27 06:00:00+05:30,14.2,90
2024-12-27 07:00:00+05:30,14.1,89
2024-12-27 08:00:00+05:30,14.7,84
2024-12-27 09:00:00+05:30,15.0,88
2024-12-27 10:00:00+05:30,15.5,88
2024-12-27 11:00:00+05:30,16.5,85
2024-12-27 12:00:00+05:30,17.1,78
2024-12-27 13:00:00+05:30,16.9,78
2024-12-27 14:00:00+05:30,16.3,84
2024-12-27 15:00:00+05:30,15.8,88
2024-12-27 16:00:00+05:30,15.0,90
2024-12-27 17:00:00+05:30,14.3,93
2024-12-27 18:00:00+05:30,14.4,96
2024-12-27 19:00:00+05:30,14.4,96
2024-12-27 20:00:00+05:30,14.5,95
2024-12-27 21:00:00+05:30,14.4,94
2024-12-27 22:00:00+05:30,14.4,93
2024-12-27 23:00:00+05:30,14.1,93
2024-12-28 00:00:00+05:30,13.8,93
2024-12-28 01:00:00+05:30,13.1,93
2024-12-28 02:00:00+05:30,13.4,93
2024-12-28 03:00:00+05:30,13.2,94
2024-12-28 04:00:00+05:30,12.8,94
2024-12-28 05:00:00+05:30,12.7,94
2024-12-28 06:00:00+05:30,13.2,95
2024-12-28 07:00:00+05:30,13.8,95
2024-12-28 08:00:00+05:30,14.4,94
2024-12-28 09:00:00+05:30,15.2,92
2024-12-28 10:00:00+05:30,16.1,87
2024-12-28 11:00:00+05:30,17.1,83
2024-12-28 12:00:00+05:30,17.8,81
2024-12-28 13:00:00+05:30,17.8,79
2024-12-28 14:00:00+05:30,18.2,78
2024-12-28 15:00:00+05:30,18.1,78
2024-12-28 16:00:00+05:30,17.7,80
2024-12-28 17:00:00+05:30,16.7,87
2024-12-28 18:00:00+05:30,15.7,92
2024-12-28 19:00:00+05:30,15.0,94
2024-12-28 20:00:00+05:30,14.5,95
2024-12-28 21:00:00+05:30,14.0,95
2024-12-28 22:00:00+05:30,13.0,97
2024-12-28 23:00:00+05:30,12.9,96
2024-12-29 00:00:00+05:30,12.5,97
2024-12-29 01:00:00+05:30,12.0,97
2024-12-29 02:00:00+05:30,11.6,97
2024-12-29 03:00:00+05:30,11.3,97
2024-12-29 04:00:00+05:30,11.0,97
2024-12-29 05:00:00+05:30,10.7,97
2024-12-29 06:00:00+05:30,12.6,98
2024-12-29 07:00:00+05:30,12.6,96
2024-12-29 08:00:00+05:30,12.6,96
2024-12-29 09:00:00+05:30,13.2,93
2024-12-29 10:00:00+05:30,14.7,85
2024-12-29 11:00:00+05:30,16.0,80
2024-12-29 12:00:00+05:30,17.1,75
2024-12-29 13:00:00+05:30,18.0,70
2024-12-29 14:00:00+05:30,18.5,66
2024-12-29 15:00:00+05:30,18.4,64
2024-12-29 16:00:00+05:30,17.8,68
2024-12-29 17:00:00+05:30,16.1,76
2024-12-29 18:00:00+05:30,14.1,86
2024-12-29 19:00:00+05:30,13.4,88
2024-12-29 20:00:00+05:30,12.7,90
2024-12-29 21:00:00+05:30,12.2,90
2024-12-29 22:00:00+05:30,11.7,91
2024-12-29 23:00:00+05:30,11.2,93
2024-12-30 00:00:00+05:30,10.9,94
2024-12-30 01:00:00+05:30,10.6,95
2024-12-30 02:00:00+05:30,10.4,95
2024-12-30 03:00:00+05:30,10.2,96
2024-12-30 04:00:00+05:30,9.8,97
2024-12-30 05:00:00+05:30,9.5,97
2024-12-30 06:00:00+05:30,10.8,100
2024-12-30 07:00:00+05:30,10.8,100
2024-12-30 08:00:00+05:30,11.0,99
2024-12-30 09:00:00+05:30,11.9,94
2024-12-30 10:00:00+05:30,13.4,86
2024-12-30 11:00:00+05:30,15.2,78
2024-12-30 12:00:00+05:30,16.5,74
2024-12-30 13:00:00+05:30,17.6,71
2024-12-30 14:00:00+05:30,18.2,69
2024-12-30 15:00:00+05:30,18.4,68
2024-12-30 16:00:00+05:30,18.0,70
2024-12-30 17:00:00+05:30,16.0,79
2024-12-30 18:00:00+05:30,12.8,86
2024-12-30 19:00:00+05:30,12.1,89
2024-12-30 20:00:00+05:30,11.5,90
2024-12-30 21:00:00+05:30,11.0,91
2024-12-30 22:00:00+05:30,10.4,93
2024-12-30 23:00:00+05:30,9.9,94
2024-12-31 00:00:00+05:30,9.4,96
2024-12-31 01:00:00+05:30,8.9,97
2024-12-31 02:00:00+05:30,8.8,97
2024-12-31 03:00:00+05:30,8.6,97
2024-12-31 04:00:00+05:30,7.5,98
2024-12-31 05:00:00+05:30,7.2,98
2024-12-31 06:00:00+05:30,9.5,100
2024-12-31 07:00:00+05:30,9.3,99
2024-12-31 08:00:00+05:30,9.6,98
2024-12-31 09:00:00+05:30,10.4,97
2024-12-31 10:00:00+05:30,11.8,91
2024-12-31 11:00:00+05:30,13.1,85
2024-12-31 12:00:00+05:30,14.6,77
2024-12-31 13:00:00+05:30,15.3,73
2024-12-31 14:00:00+05:30,15.9,68
2024-12-31 15:00:00+05:30,16.0,68
2024-12-31 16:00:00+05:30,15.6,71
2024-12-31 17:00:00+05:30,14.1,80
2024-12-31 18:00:00+05:30,12.3,85
2024-12-31 19:00:00+05:30,11.4,89
2024-12-31 20:00:00+05:30,10.8,91
2024-12-31 21:00:00+05:30,10.2,93
2024-12-31 22:00:00+05:30,9.6,95
2024-12-31 23:00:00+05:30,9.0,96
2025-01-01 00:00:00+05:30,8.2,100
2025-01-01 01:00:00+05:30,7.7,100
2025-01-01 02:00:00+05:30,7.5,100
2025-01-01 03:00:00+05:30,7.8,99
2025-01-01 04:00:00+05:30,7.4,100
2025-01-01 05:00:00+05:30,7.6,99
2025-01-01 06:00:00+05:30,8.1,99
2025-01-01 07:00:00+05:30,8.0,99
2025-01-01 08:00:00+05:30,8.4,99
2025-01-01 09:00:00+05:30,9.4,97
2025-01-01 10:00:00+05:30,11.3,89
2025-01-01 11:00:00+05:30,13.2,81
2025-01-01 12:00:00+05:30,14.6,77
2025-01-01 13:00:00+05:30,15.8,73
2025-01-01 14:00:00+05:30,16.6,72
2025-01-01 15:00:00+05:30,16.9,70
2025-01-01 16:00:00+05:30,16.5,72
2025-01-01 17:00:00+05:30,14.9,80
2025-01-01 18:00:00+05:30,12.2,88
2025-01-01 19:00:00+05:30,11.5,90
2025-01-01 20:00:00+05:30,10.9,92
2025-01-01 21:00:00+05:30,10.4,93
2025-01-01 22:00:00+05:30,10.1,94
2025-01-01 23:00:00+05:30,9.7,96
2025-01-02 00:00:00+05:30,9.3,96
2025-01-02 01:00:00+05:30,8.9,97
2025-01-02 02:00:00+05:30,8.7,97
2025-01-02 03:00:00+05:30,8.5,98
2025-01-02 04:00:00+05:30,8.4,98
2025-01-02 05:00:00+05:30,8.8,98
2025-01-02 06:00:00+05:30,8.6,98
2025-01-02 07:00:00+05:30,8.5,98
2025-01-02 08:00:00+05:30,9.7,95
2025-01-02 09:00:00+05:30,11.6,90
2025-01-02 10:00:00+05:30,13.5,83
2025-01-02 11:00:00+05:30,15.1,77
2025-01-02 12:00:00+05:30,16.6,73
2025-01-02 13:00:00+05:30,17.7,69
2025-01-02 14:00:00+05:30,18.3,66
2025-01-02 15:00:00+05:30,18.4,66
2025-01-02 16:00:00+05:30,17.9,71
2025-01-02 17:00:00+05:30,16.0,79
2025-01-02 18:00:00+05:30,13.7,83
2025-01-02 19:00:00+05:30,13.2,84
2025-01-02 20:00:00+05:30,12.5,86
2025-01-02 21:00:00+05:30,11.9,88
2025-01-02 22:00:00+05:30,11.3,90
2025-01-02 23:00:00+05:30,10.5,93
2025-01-03 00:00:00+05:30,9.7,96
2025-01-03 01:00:00+05:30,9.4,96
2025-01-03 02:00:00+05:30,9.2,97
2025-01-03 03:00:00+05:30,8.9,98
2025-01-03 04:00:00+05:30,8.6,100
2025-01-03 05:00:00+05:30,8.1,100
2025-01-03 06:00:00+05:30,9.0,100
2025-01-03 07:00:00+05:30,8.8,99
2025-01-03 08:00:00+05:30,9.5,98
2025-01-03 09:00:00+05:30,10.4,99
2025-01-03 10:00:00+05:30,12.2,96
2025-01-03 11:00:00+05:30,14.5,86
2025-01-03 12:00:00+05:30,16.6,77
2025-01-03 13:00:00+05:30,18.2,70
2025-01-03 14:00:00+05:30,19.1,67
2025-01-03 15:00:00+05:30,19.3,66
2025-01-03 16:00:00+05:30,18.7,74
2025-01-03 17:00:00+05:30,16.7,80
2025-01-03 18:00:00+05:30,14.5,84
2025-01-03 19:00:00+05:30,13.6,87
2025-01-03 20:00:00+05:30,12.7,90
2025-01-03 21:00:00+05:30,11.9,93
2025-01-03 22:00:00+05:30,11.0,95
2025-01-03 23:00:00+05:30,10.6,96
2025-01-04 00:00:00+05:30,10.2,97
2025-01-04 01:00:00+05:30,9.7,98
2025-01-04 02:00:00+05:30,8.4,100
2025-01-04 03:00:00+05:30,8.0,100
2025-01-04 04:00:00+05:30,7.8,100
2025-01-04 05:00:00+05:30,7.6,100
2025-01-04 06:00:00+05:30,8.2,99
2025-01-04 07:00:00+05:30,8.4,99
2025-01-04 08:00:00+05:30,9.6,93
2025-01-04 09:00:00+05:30,10.7,95
2025-01-04 10:00:00+05:30,12.3,98
2025-01-04 11:00:00+05:30,14.5,93
2025-01-04 12:00:00+05:30,17.1,80
2025-01-04 13:00:00+05:30,18.8,73
2025-01-04 14:00:00+05:30,19.9,68
2025-01-04 15:00:00+05:30,20.2,67
2025-01-04 16:00:00+05:30,19.5,73
2025-01-04 17:00:00+05:30,17.2,81
2025-01-04 18:00:00+05:30,14.3,84
2025-01-04 19:00:00+05:30,13.8,87
2025-01-04 20:00:00+05:30,13.0,90
2025-01-04 21:00:00+05:30,12.3,93
2025-01-04 22:00:00+05:30,11.6,95
2025-01-04 23:00:00+05:30,11.0,95
2025-01-05 00:00:00+05:30,9.7,96
2025-01-05 01:00:00+05:30,8.8,97
2025-01-05 02:00:00+05:30,8.3,98
2025-01-05 03:00:00+05:30,8.2,98
2025-01-05 04:00:00+05:30,7.9,100
2025-01-05 05:00:00+05:30,7.8,100
2025-01-05 06:00:00+05:30,8.5,99
2025-01-05 07:00:00+05:30,8.4,99
2025-01-05 08:00:00+05:30,9.0,99
2025-01-05 09:00:00+05:30,10.0,98
2025-01-05 10:00:00+05:30,11.6,90
2025-01-05 11:00:00+05:30,13.7,85
2025-01-05 12:00:00+05:30,15.6,80
2025-01-05 13:00:00+05:30,17.0,76
2025-01-05 14:00:00+05:30,18.0,72
2025-01-05 15:00:00+05:30,18.3,71
2025-01-05 16:00:00+05:30,17.9,74
2025-01-05 17:00:00+05:30,16.2,80
2025-01-05 18:00:00+05:30,14.0,87
2025-01-05 19:00:00+05:30,13.3,90
2025-01-05 20:00:00+05:30,12.7,91
2025-01-05 21:00:00+05:30,12.2,92
2025-01-05 22:00:00+05:30,11.4,94
2025-01-05 23:00:00+05:30,10.6,95
2025-01-06 00:00:00+05:30,10.2,97
2025-01-06 01:00:00+05:30,9.7,98
2025-01-06 02:00:00+05:30,9.5,98
2025-01-06 03:00:00+05:30,8.7,99
2025-01-06 04:00:00+05:30,8.9,99
2025-01-06 05:00:00+05:30,8.8,100
2025-01-06 06:00:00+05:30,9.5,100
2025-01-06 07:00:00+05:30,10.1,99
2025-01-06 08:00:00+05:30,10.4,99
2025-01-06 09:00:00+05:30,12.0,93
2025-01-06 10:00:00+05:30,13.4,91
2025-01-06 11:00:00+05:30,15.4,82
2025-01-06 12:00:00+05:30,16.5,78
2025-01-06 13:00:00+05:30,17.3,73
2025-01-06 14:00:00+05:30,18.0,69
2025-01-06 15:00:00+05:30,18.2,71
2025-01-06 16:00:00+05:30,17.6,75
2025-01-06 17:00:00+05:30,16.3,80
2025-01-06 18:00:00+05:30,14.3,85
2025-01-06 19:00:00+05:30,13.7,87
2025-01-06 20:00:00+05:30,13.5,87
2025-01-06 21:00:00+05:30,13.1,88
2025-01-06 22:00:00+05:30,12.5,91
2025-01-06 23:00:00+05:30,12.0,94
2025-01-07 00:00:00+05:30,11.6,95
2025-01-07 01:00:00+05:30,11.3,96
2025-01-07 02:00:00+05:30,11.0,96
2025-01-07 03:00:00+05:30,10.7,97
2025-01-07 04:00:00+05:30,10.5,97
2025-01-07 05:00:00+05:30,10.3,97
2025-01-07 06:00:00+05:30,11.2,99
2025-01-07 07:00:00+05:30,11.0,100
2025-01-07 08:00:00+05:30,11.3,98
2025-01-07 09:00:00+05:30,11.6,97
2025-01-07 10:00:00+05:30,13.1,91
2025-01-07 11:00:00+05:30,14.2,87
2025-01-07 12:00:00+05:30,15.6,79
2025-01-07 13:00:00+05:30,17.1,71
2025-01-07 14:00:00+05:30,17.8,68
2025-01-07 15:00:00+05:30,17.8,69
2025-01-07 16:00:00+05:30,17.2,72
2025-01-07 17:00:00+05:30,15.9,78
2025-01-07 18:00:00+05:30,14.0,85
2025-01-07 19:00:00+05:30,13.6,87
2025-01-07 20:00:00+05:30,13.0,89
2025-01-07 21:00:00+05:30,12.5,91
2025-01-07 22:00:00+05:30,11.9,92
2025-01-07 23:00:00+05:30,11.4,91
2025-01-08 00:00:00+05:30,10.8,90
2025-01-08 01:00:00+05:30,10.3,89
2025-01-08 02:00:00+05:30,9.8,89
2025-01-08 03:00:00+05:30,9.5,89
2025-01-08 04:00:00+05:30,9.3,88
2025-01-08 05:00:00+05:30,9.1,87
2025-01-08 06:00:00+05:30,9.0,89
2025-01-08 07:00:00+05:30,8.8,89
2025-01-08 08:00:00+05:30,9.7,85
2025-01-08 09:00:00+05:30,11.3,81
2025-01-08 10:00:00+05:30,13.2,74
2025-01-08 11:00:00+05:30,15.0,68
2025-01-08 12:00:00+05:30,16.7,62
2025-01-08 13:00:00+05:30,17.8,57
2025-01-08 14:00:00+05:30,18.3,53
2025-01-08 15:00:00+05:30,18.2,53
2025-01-08 16:00:00+05:30,17.5,58
2025-01-08 17:00:00+05:30,15.4,68
2025-01-08 18:00:00+05:30,15.0,71
2025-01-08 19:00:00+05:30,14.1,74
2025-01-08 20:00:00+05:30,13.3,76
2025-01-08 21:00:00+05:30,12.4,79
2025-01-08 22:00:00+05:30,11.6,81
2025-01-08 23:00:00+05:30,10.9,83
2025-01-09 00:00:00+05:30,10.3,84
2025-01-09 01:00:00+05:30,9.6,87
2025-01-09 02:00:00+05:30,8.8,90
2025-01-09 03:00:00+05:30,8.3,91
2025-01-09 04:00:00+05:30,8.0,91
2025-01-09 05:00:00+05:30,7.6,92
2025-01-09 06:00:00+05:30,7.3,97
2025-01-09 07:00:00+05:30,6.7,99
2025-01-09 08:00:00+05:30,7.8,99
2025-01-09 09:00:00+05:30,10.2,97
2025-01-09 10:00:00+05:30,13.4,86
2025-01-09 11:00:00+05:30,15.6,74
2025-01-09 12:00:00+05:30,17.0,66
2025-01-09 13:00:00+05:30,17.9,61
2025-01-09 14:00:00+05:30,18.4,59
2025-01-09 15:00:00+05:30,18.4,58
2025-01-09 16:00:00+05:30,18.1,60
2025-01-09 17:00:00+05:30,16.1,70
2025-01-09 18:00:00+05:30,15.2,73
2025-01-09 19:00:00+05:30,14.4,74
2025-01-09 20:00:00+05:30,13.3,78
2025-01-09 21:00:00+05:30,12.3,82
2025-01-09 22:00:00+05:30,11.3,86
2025-01-09 23:00:00+05:30,10.4,90
2025-01-10 00:00:00+05:30,9.6,94
2025-01-10 01:00:00+05:30,9.0,96
2025-01-10 02:00:00+05:30,8.4,98
2025-01-10 03:00:00+05:30,7.9,100
2025-01-10 04:00:00+05:30,7.8,100
2025-01-10 05:00:00+05:30,7.5,100
2025-01-10 06:00:00+05:30,7.9,100
2025-01-10 07:00:00+05:30,7.5,99
2025-01-10 08:00:00+05:30,7.8,99
2025-01-10 09:00:00+05:30,9.5,100
2025-01-10 10:00:00+05:30,11.6,95
2025-01-10 11:00:00+05:30,14.0,84
2025-01-10 12:00:00+05:30,15.9,76
2025-01-10 13:00:00+05:30,17.0,68
2025-01-10 14:00:00+05:30,17.6,62
2025-01-10 15:00:00+05:30,17.6,60
2025-01-10 16:00:00+05:30,17.1,64
2025-01-10 17:00:00+05:30,15.2,75
2025-01-10 18:00:00+05:30,13.5,83
2025-01-10 19:00:00+05:30,12.3,88
2025-01-10 20:00:00+05:30,11.5,91
2025-01-10 21:00:00+05:30,11.0,92
2025-01-10 22:00:00+05:30,10.5,93
2025-01-10 23:00:00+05:30,10.1,93
2025-01-11 00:00:00+05:30,9.7,93
2025-01-11 01:00:00+05:30,9.3,94
2025-01-11 02:00:00+05:30,9.0,94
2025-01-11 03:00:00+05:30,8.0,96
2025-01-11 04:00:00+05:30,7.6,96
2025-01-11 05:00:00+05:30,7.5,97
2025-01-11 06:00:00+05:30,8.9,98
2025-01-11 07:00:00+05:30,9.0,99
2025-01-11 08:00:00+05:30,9.9,98
2025-01-11 09:00:00+05:30,11.2,94
2025-01-11 10:00:00+05:30,13.2,84
2025-01-11 11:00:00+05:30,15.1,80
2025-01-11 12:00:00+05:30,16.1,76
2025-01-11 13:00:00+05:30,16.7,73
2025-01-11 14:00:00+05:30,17.1,71
2025-01-11 15:00:00+05:30,16.8,72
2025-01-11 16:00:00+05:30,16.5,74
2025-01-11 17:00:00+05:30,15.1,84
2025-01-11 18:00:00+05:30,13.6,90
2025-01-11 19:00:00+05:30,13.1,93
2025-01-11 20:00:00+05:30,12.9,86
2025-01-11 21:00:00+05:30,12.3,88
2025-01-11 22:00:00+05:30,11.6,91
2025-01-11 23:00:00+05:30,11.6,91
2025-01-12 00:00:00+05:30,11.4,92
2025-01-12 01:00:00+05:30,10.1,94
2025-01-12 02:00:00+05:30,10.8,93
2025-01-12 03:00:00+05:30,10.8,94
2025-01-12 04:00:00+05:30,10.5,91
2025-01-12 05:00:00+05:30,10.2,94
2025-01-12 06:00:00+05:30,11.3,93
2025-01-12 07:00:00+05:30,11.0,93
2025-01-12 08:00:00+05:30,12.1,93
2025-01-12 09:00:00+05:30,13.9,88
2025-01-12 10:00:00+05:30,14.9,87
2025-01-12 11:00:00+05:30,16.5,78
2025-01-12 12:00:00+05:30,17.6,71
2025-01-12 13:00:00+05:30,18.1,71
2025-01-12 14:00:00+05:30,18.1,68
2025-01-12 15:00:00+05:30,18.1,66
2025-01-12 16:00:00+05:30,18.0,65
2025-01-12 17:00:00+05:30,16.3,75
2025-01-12 18:00:00+05:30,12.9,93
2025-01-12 19:00:00+05:30,12.7,93
2025-01-12 20:00:00+05:30,12.5,93
2025-01-12 21:00:00+05:30,12.0,95
2025-01-12 22:00:00+05:30,11.4,95
2025-01-12 23:00:00+05:30,10.9,96
2025-01-13 00:00:00+05:30,10.3,96
2025-01-13 01:00:00+05:30,10.0,96
2025-01-13 02:00:00+05:30,9.7,97
2025-01-13 03:00:00+05:30,9.6,98
2025-01-13 04:00:00+05:30,9.4,98
2025-01-13 05:00:00+05:30,9.1,98
2025-01-13 06:00:00+05:30,10.1,98
2025-01-13 07:00:00+05:30,9.9,97
2025-01-13 08:00:00+05:30,10.8,95
2025-01-13 09:00:00+05:30,12.5,89
2025-01-13 10:00:00+05:30,14.1,84
2025-01-13 11:00:00+05:30,15.8,77
2025-01-13 12:00:00+05:30,17.3,72
2025-01-13 13:00:00+05:30,18.5,68
2025-01-13 14:00:00+05:30,19.1,65
2025-01-13 15:00:00+05:30,19.2,64
2025-01-13 16:00:00+05:30,18.7,68
2025-01-13 17:00:00+05:30,16.9,78
2025-01-13 18:00:00+05:30,15.8,81
2025-01-13 19:00:00+05:30,15.1,84
2025-01-13 20:00:00+05:30,14.4,86
2025-01-13 21:00:00+05:30,13.7,87
2025-01-13 22:00:00+05:30,13.0,89
2025-01-13 23:00:00+05:30,12.3,91
2025-01-14 00:00:00+05:30,11.7,92
2025-01-14 01:00:00+05:30,11.3,93
2025-01-14 02:00:00+05:30,10.8,94
2025-01-14 03:00:00+05:30,10.2,95
2025-01-14 04:00:00+05:30,9.8,95
2025-01-14 05:00:00+05:30,9.2,95
2025-01-14 06:00:00+05:30,9.3,96
2025-01-14 07:00:00+05:30,8.9,97
2025-01-14 08:00:00+05:30,10.0,95
2025-01-14 09:00:00+05:30,11.7,91
2025-01-14 10:00:00+05:30,13.6,83
2025-01-14 11:00:00+05:30,15.3,76
2025-01-14 12:00:00+05:30,16.7,71
2025-01-14 13:00:00+05:30,17.6,68
2025-01-14 14:00:00+05:30,18.2,65
2025-01-14 15:00:00+05:30,18.4,64
2025-01-14 16:00:00+05:30,18.1,65
2025-01-14 17:00:00+05:30,16.2,77
2025-01-14 18:00:00+05:30,15.3,80
2025-01-14 19:00:00+05:30,14.6,81
2025-01-14 20:00:00+05:30,13.8,83
2025-01-14 21:00:00+05:30,13.2,86
2025-01-14 22:00:00+05:30,12.4,89
2025-01-14 23:00:00+05:30,11.4,93
2025-01-15 00:00:00+05:30,10.7,96
2025-01-15 01:00:00+05:30,10.4,97
2025-01-15 02:00:00+05:30,9.8,100
2025-01-15 03:00:00+05:30,9.0,100
2025-01-15 04:00:00+05:30,9.0,99
2025-01-15 05:00:00+05:30,8.4,100
2025-01-15 06:00:00+05:30,8.4,99
2025-01-15 07:00:00+05:30,8.3,100
2025-01-15 08:00:00+05:30,8.5,97
2025-01-15 09:00:00+05:30,10.3,97
2025-01-15 10:00:00+05:30,11.6,99
2025-01-15 11:00:00+05:30,14.8,86
2025-01-15 12:00:00+05:30,17.1,77
2025-01-15 13:00:00+05:30,17.9,70
2025-01-15 14:00:00+05:30,18.4,66
2025-01-15 15:00:00+05:30,18.4,66
2025-01-15 16:00:00+05:30,18.0,68
2025-01-15 17:00:00+05:30,16.4,80
2025-01-15 18:00:00+05:30,14.3,83
2025-01-15 19:00:00+05:30,14.1,84
2025-01-15 20:00:00+05:30,13.2,88
2025-01-15 21:00:00+05:30,13.4,89
2025-01-15 22:00:00+05:30,12.9,93
2025-01-15 23:00:00+05:30,11.9,95
2025-01-16 00:00:00+05:30,11.8,95
2025-01-16 01:00:00+05:30,11.5,95
2025-01-16 02:00:00+05:30,11.2,97
2025-01-16 03:00:00+05:30,11.4,95
2025-01-16 04:00:00+05:30,11.5,94
2025-01-16 05:00:00+05:30,11.6,95
2025-01-16 06:00:00+05:30,12.1,98
2025-01-16 07:00:00+05:30,12.2,95
2025-01-16 08:00:00+05:30,12.5,95
2025-01-16 09:00:00+05:30,13.2,93
2025-01-16 10:00:00+05:30,14.2,88
2025-01-16 11:00:00+05:30,16.1,76
2025-01-16 12:00:00+05:30,17.3,69
2025-01-16 13:00:00+05:30,17.9,66
2025-01-16 14:00:00+05:30,18.4,63
2025-01-16 15:00:00+05:30,18.4,62
2025-01-16 16:00:00+05:30,18.1,64
2025-01-16 17:00:00+05:30,16.9,74
2025-01-16 18:00:00+05:30,14.8,81
2025-01-16 19:00:00+05:30,14.1,82
2025-01-16 20:00:00+05:30,13.4,85
2025-01-16 21:00:00+05:30,12.7,88
2025-01-16 22:00:00+05:30,12.1,88
2025-01-16 23:00:00+05:30,11.4,90
2025-01-17 00:00:00+05:30,11.0,92
2025-01-17 01:00:00+05:30,10.7,92
2025-01-17 02:00:00+05:30,10.5,93
2025-01-17 03:00:00+05:30,10.3,93
2025-01-17 04:00:00+05:30,10.0,92
2025-01-17 05:00:00+05:30,9.7,91
2025-01-17 06:00:00+05:30,9.6,95
2025-01-17 07:00:00+05:30,9.4,95
2025-01-17 08:00:00+05:30,10.5,92
2025-01-17 09:00:00+05:30,12.2,88
2025-01-17 10:00:00+05:30,14.2,82
2025-01-17 11:00:00+05:30,16.1,75
2025-01-17 12:00:00+05:30,17.6,68
2025-01-17 13:00:00+05:30,18.6,60
2025-01-17 14:00:00+05:30,19.0,57
2025-01-17 15:00:00+05:30,18.9,58
2025-01-17 16:00:00+05:30,18.2,62
2025-01-17 17:00:00+05:30,16.4,70
2025-01-17 18:00:00+05:30,14.4,76
2025-01-17 19:00:00+05:30,13.5,79
2025-01-17 20:00:00+05:30,12.7,83
2025-01-17 21:00:00+05:30,11.9,86
2025-01-17 22:00:00+05:30,10.8,90
2025-01-17 23:00:00+05:30,10.2,93
2025-01-18 00:00:00+05:30,9.8,95
2025-01-18 01:00:00+05:30,8.8,97
2025-01-18 02:00:00+05:30,8.5,98
2025-01-18 03:00:00+05:30,8.3,100
2025-01-18 04:00:00+05:30,8.0,100
2025-01-18 05:00:00+05:30,7.8,100
2025-01-18 06:00:00+05:30,9.4,99
2025-01-18 07:00:00+05:30,9.3,100
2025-01-18 08:00:00+05:30,9.9,98
2025-01-18 09:00:00+05:30,10.6,97
2025-01-18 10:00:00+05:30,12.3,89
2025-01-18 11:00:00+05:30,13.9,83
2025-01-18 12:00:00+05:30,15.7,75
2025-01-18 13:00:00+05:30,17.2,69
2025-01-18 14:00:00+05:30,17.9,64
2025-01-18 15:00:00+05:30,18.0,60
2025-01-18 16:00:00+05:30,17.7,62
2025-01-18 17:00:00+05:30,16.2,73
2025-01-18 18:00:00+05:30,15.2,81
2025-01-18 19:00:00+05:30,14.0,84
2025-01-18 20:00:00+05:30,12.7,89
2025-01-18 21:00:00+05:30,12.0,92
2025-01-18 22:00:00+05:30,11.1,95
2025-01-18 23:00:00+05:30,10.1,100
2025-01-19 00:00:00+05:30,9.4,100
2025-01-19 01:00:00+05:30,9.2,100
2025-01-19 02:00:00+05:30,8.5,100
2025-01-19 03:00:00+05:30,8.4,100
2025-01-19 04:00:00+05:30,8.2,100
2025-01-19 05:00:00+05:30,8.2,97
2025-01-19 06:00:00+05:30,9.7,98
2025-01-19 07:00:00+05:30,9.6,99
2025-01-19 08:00:00+05:30,10.0,97
2025-01-19 09:00:00+05:30,11.2,96
2025-01-19 10:00:00+05:30,13.2,93
2025-01-19 11:00:00+05:30,15.2,89
2025-01-19 12:00:00+05:30,18.2,75
2025-01-19 13:00:00+05:30,20.0,67
2025-01-19 14:00:00+05:30,21.0,63
2025-01-19 15:00:00+05:30,21.3,63
2025-01-19 16:00:00+05:30,20.9,67
2025-01-19 17:00:00+05:30,19.1,78
2025-01-19 18:00:00+05:30,18.6,81
2025-01-19 19:00:00+05:30,17.5,84
2025-01-19 20:00:00+05:30,16.7,86
2025-01-19 21:00:00+05:30,15.8,87
2025-01-19 22:00:00+05:30,14.9,90
2025-01-19 23:00:00+05:30,14.8,89
2025-01-20 00:00:00+05:30,14.4,89
2025-01-20 01:00:00+05:30,13.9,89
2025-01-20 02:00:00+05:30,13.4,90
2025-01-20 03:00:00+05:30,13.0,91
2025-01-20 04:00:00+05:30,12.7,91
2025-01-20 05:00:00+05:30,12.6,91
2025-01-20 06:00:00+05:30,12.3,93
2025-01-20 07:00:00+05:30,12.0,93
2025-01-20 08:00:00+05:30,12.8,92
2025-01-20 09:00:00+05:30,14.6,87
2025-01-20 10:00:00+05:30,16.9,80
2025-01-20 11:00:00+05:30,19.1,74
2025-01-20 12:00:00+05:30,20.6,70
2025-01-20 13:00:00+05:30,21.6,67
2025-01-20 14:00:00+05:30,22.3,63
2025-01-20 15:00:00+05:30,22.3,61
2025-01-20 16:00:00+05:30,21.5,65
2025-01-20 17:00:00+05:30,19.8,74
2025-01-20 18:00:00+05:30,19.0,78
2025-01-20 19:00:00+05:30,18.3,82
2025-01-20 20:00:00+05:30,17.5,85
2025-01-20 21:00:00+05:30,16.9,86
2025-01-20 22:00:00+05:30,16.1,87
2025-01-20 23:00:00+05:30,15.4,88
2025-01-21 00:00:00+05:30,14.7,90
2025-01-21 01:00:00+05:30,14.1,91
2025-01-21 02:00:00+05:30,13.6,91
2025-01-21 03:00:00+05:30,13.2,91
2025-01-21 04:00:00+05:30,12.7,91
2025-01-21 05:00:00+05:30,12.3,91
2025-01-21 06:00:00+05:30,11.8,90
2025-01-21 07:00:00+05:30,11.4,90
2025-01-21 08:00:00+05:30,12.4,87
2025-01-21 09:00:00+05:30,14.2,82
2025-01-21 10:00:00+05:30,16.5,75
2025-01-21 11:00:00+05:30,18.7,67
2025-01-21 12:00:00+05:30,20.4,62
2025-01-21 13:00:00+05:30,21.5,56
2025-01-21 14:00:00+05:30,22.1,53
2025-01-21 15:00:00+05:30,22.0,53
2025-01-21 16:00:00+05:30,21.2,58
2025-01-21 17:00:00+05:30,19.3,68
2025-01-21 18:00:00+05:30,18.2,72
2025-01-21 19:00:00+05:30,17.4,76
2025-01-21 20:00:00+05:30,16.6,79
2025-01-21 21:00:00+05:30,15.8,80
2025-01-21 22:00:00+05:30,15.2,81
2025-01-21 23:00:00+05:30,14.5,84
2025-01-22 00:00:00+05:30,13.8,86
2025-01-22 01:00:00+05:30,13.2,88
2025-01-22 02:00:00+05:30,12.6,90
2025-01-22 03:00:00+05:30,12.2,91
2025-01-22 04:00:00+05:30,11.6,92
2025-01-22 05:00:00+05:30,11.0,93
2025-01-22 06:00:00+05:30,10.6,95
2025-01-22 07:00:00+05:30,10.6,94
2025-01-22 08:00:00+05:30,11.9,91
2025-01-22 09:00:00+05:30,14.2,85
2025-01-22 10:00:00+05:30,16.9,75
2025-01-22 11:00:00+05:30,19.4,67
2025-01-22 12:00:00+05:30,21.3,59
2025-01-22 13:00:00+05:30,22.6,49
2025-01-22 14:00:00+05:30,23.1,45
2025-01-22 15:00:00+05:30,23.1,44
2025-01-22 16:00:00+05:30,22.5,49
2025-01-22 17:00:00+05:30,20.7,63
2025-01-22 18:00:00+05:30,19.1,67
2025-01-22 19:00:00+05:30,17.9,74
2025-01-22 20:00:00+05:30,17.2,78
2025-01-22 21:00:00+05:30,16.7,80
2025-01-22 22:00:00+05:30,16.2,80
2025-01-22 23:00:00+05:30,15.6,80
2025-01-23 00:00:00+05:30,15.0,81
2025-01-23 01:00:00+05:30,15.0,80
2025-01-23 02:00:00+05:30,13.8,84
2025-01-23 03:00:00+05:30,14.0,84
2025-01-23 04:00:00+05:30,13.5,88
2025-01-23 05:00:00+05:30,12.4,91
2025-01-23 06:00:00+05:30,13.3,95
2025-01-23 07:00:00+05:30,12.2,95
2025-01-23 08:00:00+05:30,13.5,92
2025-01-23 09:00:00+05:30,15.3,86
2025-01-23 10:00:00+05:30,17.6,75
2025-01-23 11:00:00+05:30,19.6,64
2025-01-23 12:00:00+05:30,21.2,52
2025-01-23 13:00:00+05:30,22.2,44
2025-01-23 14:00:00+05:30,22.6,34
2025-01-23 15:00:00+05:30,22.2,38
2025-01-23 16:00:00+05:30,21.1,44
2025-01-23 17:00:00+05:30,19.3,54
2025-01-23 18:00:00+05:30,17.8,60
2025-01-23 19:00:00+05:30,16.7,63
2025-01-23 20:00:00+05:30,16.1,62
2025-01-23 21:00:00+05:30,15.4,63
2025-01-23 22:00:00+05:30,14.7,67
2025-01-23 23:00:00+05:30,14.0,70
2025-01-24 00:00:00+05:30,13.4,71
2025-01-24 01:00:00+05:30,12.8,73
2025-01-24 02:00:00+05:30,12.2,74
2025-01-24 03:00:00+05:30,11.8,75
2025-01-24 04:00:00+05:30,11.2,77
2025-01-24 05:00:00+05:30,10.8,78
2025-01-24 06:00:00+05:30,10.9,84
2025-01-24 07:00:00+05:30,10.6,85
2025-01-24 08:00:00+05:30,11.6,81
2025-01-24 09:00:00+05:30,13.4,74
2025-01-24 10:00:00+05:30,15.8,66
2025-01-24 11:00:00+05:30,18.1,58
2025-01-24 12:00:00+05:30,20.0,50
2025-01-24 13:00:00+05:30,21.2,40
2025-01-24 14:00:00+05:30,21.6,35
2025-01-24 15:00:00+05:30,21.3,36
2025-01-24 16:00:00+05:30,20.4,41
2025-01-24 17:00:00+05:30,18.7,51
2025-01-24 18:00:00+05:30,18.2,53
2025-01-24 19:00:00+05:30,17.0,59
2025-01-24 20:00:00+05:30,16.1,63
2025-01-24 21:00:00+05:30,15.3,65
2025-01-24 22:00:00+05:30,14.6,66
2025-01-24 23:00:00+05:30,13.9,67
2025-01-25 00:00:00+05:30,13.2,67
2025-01-25 01:00:00+05:30,12.5,68
2025-01-25 02:00:00+05:30,11.9,69
2025-01-25 03:00:00+05:30,11.4,70
2025-01-25 04:00:00+05:30,10.9,71
2025-01-25 05:00:00+05:30,10.4,71
2025-01-25 06:00:00+05:30,10.1,76
2025-01-25 07:00:00+05:30,9.7,75
2025-01-25 08:00:00+05:30,10.7,70
2025-01-25 09:00:00+05:30,12.6,63
2025-01-25 10:00:00+05:30,15.0,54
2025-01-25 11:00:00+05:30,17.4,48
2025-01-25 12:00:00+05:30,19.4,41
2025-01-25 13:00:00+05:30,20.8,36
2025-01-25 14:00:00+05:30,21.6,32
2025-01-25 15:00:00+05:30,21.5,33
2025-01-25 16:00:00+05:30,20.6,38
2025-01-25 17:00:00+05:30,18.9,47
2025-01-25 18:00:00+05:30,18.7,46
2025-01-25 19:00:00+05:30,17.5,51
2025-01-25 20:00:00+05:30,16.5,55
2025-01-25 21:00:00+05:30,15.6,57
2025-01-25 22:00:00+05:30,14.7,59
2025-01-25 23:00:00+05:30,13.8,61
2025-01-26 00:00:00+05:30,13.0,63
2025-01-26 01:00:00+05:30,12.4,64
2025-01-26 02:00:00+05:30,11.8,66
2025-01-26 03:00:00+05:30,11.2,67
2025-01-26 04:00:00+05:30,10.8,69
2025-01-26 05:00:00+05:30,10.2,71
2025-01-26 06:00:00+05:30,9.5,80
2025-01-26 07:00:00+05:30,9.1,80
2025-01-26 08:00:00+05:30,10.3,72
2025-01-26 09:00:00+05:30,12.6,60
2025-01-26 10:00:00+05:30,15.5,49
2025-01-26 11:00:00+05:30,18.2,40
2025-01-26 12:00:00+05:30,20.2,34
2025-01-26 13:00:00+05:30,21.5,29
2025-01-26 14:00:00+05:30,22.1,28
2025-01-26 15:00:00+05:30,22.1,29
2025-01-26 16:00:00+05:30,21.4,32
2025-01-26 17:00:00+05:30,19.8,39
2025-01-26 18:00:00+05:30,18.9,47
2025-01-26 19:00:00+05:30,17.8,54
2025-01-26 20:00:00+05:30,16.6,58
2025-01-26 21:00:00+05:30,15.6,61
2025-01-26 22:00:00+05:30,14.8,63
2025-01-26 23:00:00+05:30,14.0,64
2025-01-27 00:00:00+05:30,13.2,66
2025-01-27 01:00:00+05:30,12.4,68
2025-01-27 02:00:00+05:30,11.6,71
2025-01-27 03:00:00+05:30,10.9,73
2025-01-27 04:00:00+05:30,10.3,75
2025-01-27 05:00:00+05:30,9.7,77
2025-01-27 06:00:00+05:30,9.3,87
2025-01-27 07:00:00+05:30,8.8,88
2025-01-27 08:00:00+05:30,10.0,81
2025-01-27 09:00:00+05:30,12.7,67
2025-01-27 10:00:00+05:30,15.8,54
2025-01-27 11:00:00+05:30,18.5,44
2025-01-27 12:00:00+05:30,20.4,35
2025-01-27 13:00:00+05:30,21.6,29
2025-01-27 14:00:00+05:30,22.2,26
2025-01-27 15:00:00+05:30,22.1,27
2025-01-27 16:00:00+05:30,21.3,32
2025-01-27 17:00:00+05:30,19.9,40
2025-01-27 18:00:00+05:30,18.8,47
2025-01-27 19:00:00+05:30,17.9,52
2025-01-27 20:00:00+05:30,17.1,56
2025-01-27 21:00:00+05:30,16.2,59
2025-01-27 22:00:00+05:30,15.5,61
2025-01-27 23:00:00+05:30,14.9,61
2025-01-28 00:00:00+05:30,14.2,60
2025-01-28 01:00:00+05:30,13.5,61
2025-01-28 02:00:00+05:30,12.7,63
2025-01-28 03:00:00+05:30,11.9,66
2025-01-28 04:00:00+05:30,11.1,69
2025-01-28 05:00:00+05:30,10.3,72
2025-01-28 06:00:00+05:30,9.3,81
2025-01-28 07:00:00+05:30,8.9,83
2025-01-28 08:00:00+05:30,10.4,74
2025-01-28 09:00:00+05:30,13.0,62
2025-01-28 10:00:00+05:30,16.1,51
2025-01-28 11:00:00+05:30,18.8,42
2025-01-28 12:00:00+05:30,21.1,33
2025-01-28 13:00:00+05:30,22.6,26
2025-01-28 14:00:00+05:30,23.3,23
2025-01-28 15:00:00+05:30,23.3,23
2025-01-28 16:00:00+05:30,22.7,25
2025-01-28 17:00:00+05:30,21.0,31
2025-01-28 18:00:00+05:30,19.5,41
2025-01-28 19:00:00+05:30,18.5,47
2025-01-28 20:00:00+05:30,17.8,52
2025-01-28 21:00:00+05:30,16.6,57
2025-01-28 22:00:00+05:30,15.0,63
2025-01-28 23:00:00+05:30,13.9,69
2025-01-29 00:00:00+05:30,13.2,75
2025-01-29 01:00:00+05:30,12.4,81
2025-01-29 02:00:00+05:30,12.0,84
2025-01-29 03:00:00+05:30,11.6,84
2025-01-29 04:00:00+05:30,10.9,86
2025-01-29 05:00:00+05:30,10.4,87
2025-01-29 06:00:00+05:30,10.0,89
2025-01-29 07:00:00+05:30,9.7,91
2025-01-29 08:00:00+05:30,11.2,86
2025-01-29 09:00:00+05:30,14.1,73
2025-01-29 10:00:00+05:30,17.4,60
2025-01-29 11:00:00+05:30,20.4,49
2025-01-29 12:00:00+05:30,22.3,40
2025-01-29 13:00:00+05:30,23.5,35
2025-01-29 14:00:00+05:30,23.9,33
2025-01-29 15:00:00+05:30,23.6,36
2025-01-29 16:00:00+05:30,22.8,40
2025-01-29 17:00:00+05:30,21.4,46
2025-01-29 18:00:00+05:30,20.1,55
2025-01-29 19:00:00+05:30,19.0,61
2025-01-29 20:00:00+05:30,18.0,66
2025-01-29 21:00:00+05:30,17.1,69
2025-01-29 22:00:00+05:30,16.3,72
2025-01-29 23:00:00+05:30,15.4,75
2025-01-30 00:00:00+05:30,14.5,78
2025-01-30 01:00:00+05:30,13.7,82
2025-01-30 02:00:00+05:30,13.0,85
2025-01-30 03:00:00+05:30,12.3,88
2025-01-30 04:00:00+05:30,11.9,90
2025-01-30 05:00:00+05:30,11.5,91
2025-01-30 06:00:00+05:30,11.2,93
2025-01-30 07:00:00+05:30,11.1,93
2025-01-30 08:00:00+05:30,12.6,85
2025-01-30 09:00:00+05:30,15.4,71
2025-01-30 10:00:00+05:30,18.7,58
2025-01-30 11:00:00+05:30,21.3,48
2025-01-30 12:00:00+05:30,23.0,42
2025-01-30 13:00:00+05:30,24.3,38
2025-01-30 14:00:00+05:30,25.0,35
2025-01-30 15:00:00+05:30,25.1,35
2025-01-30 16:00:00+05:30,24.6,37
2025-01-30 17:00:00+05:30,23.6,40
2025-01-30 18:00:00+05:30,22.2,49
2025-01-30 19:00:00+05:30,20.9,57
2025-01-30 20:00:00+05:30,19.6,65
2025-01-30 21:00:00+05:30,18.4,73
2025-01-30 22:00:00+05:30,17.5,78
2025-01-30 23:00:00+05:30,16.9,82
2025-01-31 00:00:00+05:30,15.8,88
2025-01-31 01:00:00+05:30,14.8,92
2025-01-31 02:00:00+05:30,14.1,94
2025-01-31 03:00:00+05:30,13.5,96
2025-01-31 04:00:00+05:30,12.9,97
2025-01-31 05:00:00+05:30,12.2,98
2025-01-31 06:00:00+05:30,12.1,99
2025-01-31 07:00:00+05:30,11.7,99
2025-01-31 08:00:00+05:30,12.6,97
2025-01-31 09:00:00+05:30,14.8,88
2025-01-31 10:00:00+05:30,18.4,69
2025-01-31 11:00:00+05:30,22.1,56
2025-01-31 12:00:00+05:30,24.2,47
2025-01-31 13:00:00+05:30,25.7,33
2025-01-31 14:00:00+05:30,26.5,25
2025-01-31 15:00:00+05:30,26.5,24
2025-01-31 16:00:00+05:30,25.9,24
2025-01-31 17:00:00+05:30,25.0,26
2025-01-31 18:00:00+05:30,22.7,34
2025-01-31 19:00:00+05:30,21.6,38
2025-01-31 20:00:00+05:30,20.1,45
2025-01-31 21:00:00+05:30,18.9,52
2025-01-31 22:00:00+05:30,17.7,60
2025-01-31 23:00:00+05:30,17.0,67
2025-02-01 00:00:00+05:30,16.3,73
2025-02-01 01:00:00+05:30,15.8,78
2025-02-01 02:00:00+05:30,15.3,79
2025-02-01 03:00:00+05:30,14.8,78
2025-02-01 04:00:00+05:30,14.3,79
2025-02-01 05:00:00+05:30,13.9,81
2025-02-01 06:00:00+05:30,12.1,93
2025-02-01 07:00:00+05:30,12.2,93
2025-02-01 08:00:00+05:30,14.1,84
2025-02-01 09:00:00+05:30,17.2,70
2025-02-01 10:00:00+05:30,20.4,57
2025-02-01 11:00:00+05:30,23.0,46
2025-02-01 12:00:00+05:30,24.6,37
2025-02-01 13:00:00+05:30,25.5,33
2025-02-01 14:00:00+05:30,25.6,31
2025-02-01 15:00:00+05:30,25.6,31
2025-02-01 16:00:00+05:30,25.1,33
2025-02-01 17:00:00+05:30,24.1,36
2025-02-01 18:00:00+05:30,21.2,57
2025-02-01 19:00:00+05:30,20.6,63
2025-02-01 20:00:00+05:30,19.8,64
2025-02-01 21:00:00+05:30,18.6,73
2025-02-01 22:00:00+05:30,17.4,80
2025-02-01 23:00:00+05:30,17.0,80
2025-02-02 00:00:00+05:30,16.2,81
2025-02-02 01:00:00+05:30,15.2,84
2025-02-02 02:00:00+05:30,14.8,85
2025-02-02 03:00:00+05:30,14.6,86
2025-02-02 04:00:00+05:30,14.6,85
2025-02-02 05:00:00+05:30,14.1,86
2025-02-02 06:00:00+05:30,13.8,92
2025-02-02 07:00:00+05:30,13.7,92
2025-02-02 08:00:00+05:30,14.9,86
2025-02-02 09:00:00+05:30,17.2,75
2025-02-02 10:00:00+05:30,19.8,63
2025-02-02 11:00:00+05:30,22.0,50
2025-02-02 12:00:00+05:30,23.2,44
2025-02-02 13:00:00+05:30,23.9,39
2025-02-02 14:00:00+05:30,24.1,36
2025-02-02 15:00:00+05:30,23.8,36
2025-02-02 16:00:00+05:30,22.9,40
2025-02-02 17:00:00+05:30,21.6,47
2025-02-02 18:00:00+05:30,19.4,66
2025-02-02 19:00:00+05:30,18.5,73
2025-02-02 20:00:00+05:30,17.7,77
2025-02-02 21:00:00+05:30,17.0,79
2025-02-02 22:00:00+05:30,16.1,81
2025-02-02 23:00:00+05:30,15.2,83
2025-02-03 00:00:00+05:30,14.4,82
2025-02-03 01:00:00+05:30,13.7,82
2025-02-03 02:00:00+05:30,12.9,84
2025-02-03 03:00:00+05:30,12.2,86
2025-02-03 04:00:00+05:30,11.6,87
2025-02-03 05:00:00+05:30,11.1,87
2025-02-03 06:00:00+05:30,11.2,92
2025-02-03 07:00:00+05:30,11.0,91
2025-02-03 08:00:00+05:30,12.4,85
2025-02-03 09:00:00+05:30,14.7,72
2025-02-03 10:00:00+05:30,17.5,60
2025-02-03 11:00:00+05:30,20.0,45
2025-02-03 12:00:00+05:30,21.7,35
2025-02-03 13:00:00+05:30,22.7,31
2025-02-03 14:00:00+05:30,23.2,30
2025-02-03 15:00:00+05:30,23.2,31
2025-02-03 16:00:00+05:30,22.7,33
2025-02-03 17:00:00+05:30,21.3,42
2025-02-03 18:00:00+05:30,18.9,56
2025-02-03 19:00:00+05:30,17.9,62
2025-02-03 20:00:00+05:30,16.8,67
2025-02-03 21:00:00+05:30,16.0,72
2025-02-03 22:00:00+05:30,15.4,71
2025-02-03 23:00:00+05:30,15.1,74
2025-02-04 00:00:00+05:30,14.1,77
2025-02-04 01:00:00+05:30,14.0,77
2025-02-04 02:00:00+05:30,13.5,80
2025-02-04 03:00:00+05:30,13.3,78
2025-02-04 04:00:00+05:30,12.5,81
2025-02-04 05:00:00+05:30,12.4,82
2025-02-04 06:00:00+05:30,14.2,79
2025-02-04 07:00:00+05:30,14.4,76
2025-02-04 08:00:00+05:30,14.8,75
2025-02-04 09:00:00+05:30,16.2,70
2025-02-04 10:00:00+05:30,17.8,63
2025-02-04 11:00:00+05:30,20.3,53
2025-02-04 12:00:00+05:30,22.2,47
2025-02-04 13:00:00+05:30,22.8,48
2025-02-04 14:00:00+05:30,23.2,47
2025-02-04 15:00:00+05:30,23.0,48
2025-02-04 16:00:00+05:30,22.6,50
2025-02-04 17:00:00+05:30,21.7,57
2025-02-04 18:00:00+05:30,19.6,74
2025-02-04 19:00:00+05:30,18.8,82
2025-02-04 20:00:00+05:30,18.2,83
2025-02-04 21:00:00+05:30,17.5,87
2025-02-04 22:00:00+05:30,17.1,91
2025-02-04 23:00:00+05:30,16.7,89
2025-02-05 00:00:00+05:30,16.0,85
2025-02-05 01:00:00+05:30,15.1,89
2025-02-05 02:00:00+05:30,14.6,92
2025-02-05 03:00:00+05:30,14.0,96
2025-02-05 04:00:00+05:30,13.5,96
2025-02-05 05:00:00+05:30,12.8,96
2025-02-05 06:00:00+05:30,12.5,94
2025-02-05 07:00:00+05:30,12.3,94
2025-02-05 08:00:00+05:30,13.5,86
2025-02-05 09:00:00+05:30,15.5,76
2025-02-05 10:00:00+05:30,17.8,64
2025-02-05 11:00:00+05:30,19.7,52
2025-02-05 12:00:00+05:30,21.1,40
2025-02-05 13:00:00+05:30,21.8,34
2025-02-05 14:00:00+05:30,22.0,30
2025-02-05 15:00:00+05:30,21.7,30
2025-02-05 16:00:00+05:30,20.9,33
2025-02-05 17:00:00+05:30,19.7,39
2025-02-05 18:00:00+05:30,19.0,41
2025-02-05 19:00:00+05:30,17.9,49
2025-02-05 20:00:00+05:30,16.8,56
2025-02-05 21:00:00+05:30,15.9,60
2025-02-05 22:00:00+05:30,15.1,62
2025-02-05 23:00:00+05:30,14.6,58
2025-02-06 00:00:00+05:30,14.2,55
2025-02-06 01:00:00+05:30,13.7,56
2025-02-06 02:00:00+05:30,13.3,57
2025-02-06 03:00:00+05:30,13.0,58
2025-02-06 04:00:00+05:30,12.9,57
2025-02-06 05:00:00+05:30,12.5,58
2025-02-06 06:00:00+05:30,11.4,77
2025-02-06 07:00:00+05:30,11.2,76
2025-02-06 08:00:00+05:30,12.7,71
2025-02-06 09:00:00+05:30,15.3,61
2025-02-06 10:00:00+05:30,18.2,49
2025-02-06 11:00:00+05:30,20.3,34
2025-02-06 12:00:00+05:30,21.4,26
2025-02-06 13:00:00+05:30,21.8,24
2025-02-06 14:00:00+05:30,21.7,26
2025-02-06 15:00:00+05:30,21.2,29
2025-02-06 16:00:00+05:30,20.3,35
2025-02-06 17:00:00+05:30,19.2,38
2025-02-06 18:00:00+05:30,18.6,44
2025-02-06 19:00:00+05:30,17.5,48
2025-02-06 20:00:00+05:30,16.5,48
2025-02-06 21:00:00+05:30,15.6,50
2025-02-06 22:00:00+05:30,14.9,53
2025-02-06 23:00:00+05:30,14.2,55
2025-02-07 00:00:00+05:30,13.8,56
2025-02-07 01:00:00+05:30,13.2,57
2025-02-07 02:00:00+05:30,12.7,57
2025-02-07 03:00:00+05:30,12.2,58
2025-02-07 04:00:00+05:30,11.7,59
2025-02-07 05:00:00+05:30,11.4,60
2025-02-07 06:00:00+05:30,11.1,71
2025-02-07 07:00:00+05:30,10.9,70
2025-02-07 08:00:00+05:30,12.1,64
2025-02-07 09:00:00+05:30,14.1,57
2025-02-07 10:00:00+05:30,16.5,49
2025-02-07 11:00:00+05:30,18.5,42
2025-02-07 12:00:00+05:30,20.1,37
2025-02-07 13:00:00+05:30,21.1,31
2025-02-07 14:00:00+05:30,21.4,28
2025-02-07 15:00:00+05:30,21.3,27
2025-02-07 16:00:00+05:30,20.5,33
2025-02-07 17:00:00+05:30,19.3,38
2025-02-07 18:00:00+05:30,18.8,42
2025-02-07 19:00:00+05:30,17.8,46
2025-02-07 20:00:00+05:30,16.8,49
2025-02-07 21:00:00+05:30,16.0,50
2025-02-07 22:00:00+05:30,15.2,51
2025-02-07 23:00:00+05:30,14.5,52
2025-02-08 00:00:00+05:30,14.0,53
2025-02-08 01:00:00+05:30,13.5,53
2025-02-08 02:00:00+05:30,13.2,53
2025-02-08 03:00:00+05:30,12.8,53
2025-02-08 04:00:00+05:30,12.6,53
2025-02-08 05:00:00+05:30,12.4,53
2025-02-08 06:00:00+05:30,11.5,64
2025-02-08 07:00:00+05:30,11.3,65
2025-02-08 08:00:00+05:30,12.6,61
2025-02-08 09:00:00+05:30,14.7,54
2025-02-08 10:00:00+05:30,17.3,47
2025-02-08 11:00:00+05:30,19.8,40
2025-02-08 12:00:00+05:30,21.9,35
2025-02-08 13:00:00+05:30,23.3,28
2025-02-08 14:00:00+05:30,23.9,26
2025-02-08 15:00:00+05:30,23.6,27
2025-02-08 16:00:00+05:30,22.8,32
2025-02-08 17:00:00+05:30,21.3,42
2025-02-08 18:00:00+05:30,20.6,44
2025-02-08 19:00:00+05:30,19.7,50
2025-02-08 20:00:00+05:30,19.0,55
2025-02-08 21:00:00+05:30,18.0,60
2025-02-08 22:00:00+05:30,17.2,63
2025-02-08 23:00:00+05:30,16.6,64
2025-02-09 00:00:00+05:30,16.0,64
2025-02-09 01:00:00+05:30,15.3,65
2025-02-09 02:00:00+05:30,14.6,68
2025-02-09 03:00:00+05:30,13.9,72
2025-02-09 04:00:00+05:30,13.3,74
2025-02-09 05:00:00+05:30,12.5,76
2025-02-09 06:00:00+05:30,11.2,85
2025-02-09 07:00:00+05:30,11.0,86
2025-02-09 08:00:00+05:30,12.9,77
2025-02-09 09:00:00+05:30,15.8,63
2025-02-09 10:00:00+05:30,19.2,49
2025-02-09 11:00:00+05:30,22.1,37
2025-02-09 12:00:00+05:30,24.1,27
2025-02-09 13:00:00+05:30,25.3,22
2025-02-09 14:00:00+05:30,25.8,21
2025-02-09 15:00:00+05:30,25.7,23
2025-02-09 16:00:00+05:30,24.9,26
2025-02-09 17:00:00+05:30,23.3,34
2025-02-09 18:00:00+05:30,21.6,44
2025-02-09 19:00:00+05:30,20.4,54
2025-02-09 20:00:00+05:30,19.4,62
2025-02-09 21:00:00+05:30,18.4,67
2025-02-09 22:00:00+05:30,17.3,72
2025-02-09 23:00:00+05:30,16.5,75
2025-02-10 00:00:00+05:30,15.5,79
2025-02-10 01:00:00+05:30,14.7,83
2025-02-10 02:00:00+05:30,13.8,85
2025-02-10 03:00:00+05:30,13.2,87
2025-02-10 04:00:00+05:30,12.6,88
2025-02-10 05:00:00+05:30,12.0,90
2025-02-10 06:00:00+05:30,11.9,93
2025-02-10 07:00:00+05:30,12.1,92
2025-02-10 08:00:00+05:30,14.3,80
2025-02-10 09:00:00+05:30,17.7,64
2025-02-10 10:00:00+05:30,21.5,47
2025-02-10 11:00:00+05:30,24.6,31
2025-02-10 12:00:00+05:30,26.6,22
2025-02-10 13:00:00+05:30,27.6,18
2025-02-10 14:00:00+05:30,27.9,18
2025-02-10 15:00:00+05:30,27.6,19
2025-02-10 16:00:00+05:30,26.8,22
2025-02-10 17:00:00+05:30,25.3,30
2025-02-10 18:00:00+05:30,23.2,37
2025-02-10 19:00:00+05:30,21.9,50
2025-02-10 20:00:00+05:30,20.5,61
2025-02-10 21:00:00+05:30,19.3,69
2025-02-10 22:00:00+05:30,18.2,75
2025-02-10 23:00:00+05:30,17.2,81
2025-02-11 00:00:00+05:30,16.6,83
2025-02-11 01:00:00+05:30,15.6,87
2025-02-11 02:00:00+05:30,15.0,90
2025-02-11 03:00:00+05:30,14.6,90
2025-02-11 04:00:00+05:30,14.5,90
2025-02-11 05:00:00+05:30,14.1,90
2025-02-11 06:00:00+05:30,13.2,96
2025-02-11 07:00:00+05:30,12.7,98
2025-02-11 08:00:00+05:30,14.3,90
2025-02-11 09:00:00+05:30,18.1,73
2025-02-11 10:00:00+05:30,21.8,54
2025-02-11 11:00:00+05:30,24.7,36
2025-02-11 12:00:00+05:30,26.4,33
2025-02-11 13:00:00+05:30,27.5,29
2025-02-11 14:00:00+05:30,28.2,24
2025-02-11 15:00:00+05:30,27.8,25
2025-02-11 16:00:00+05:30,26.2,35
2025-02-11 17:00:00+05:30,24.6,42
2025-02-11 18:00:00+05:30,24.6,40
2025-02-11 19:00:00+05:30,22.7,52
2025-02-11 20:00:00+05:30,21.3,59
2025-02-11 21:00:00+05:30,20.2,62
2025-02-11 22:00:00+05:30,19.0,68
2025-02-11 23:00:00+05:30,17.8,70
2025-02-12 00:00:00+05:30,17.4,70
2025-02-12 01:00:00+05:30,16.6,70
2025-02-12 02:00:00+05:30,16.1,70
2025-02-12 03:00:00+05:30,15.6,68
2025-02-12 04:00:00+05:30,15.3,66
2025-02-12 05:00:00+05:30,14.8,66
2025-02-12 06:00:00+05:30,14.3,79
2025-02-12 07:00:00+05:30,14.2,77
2025-02-12 08:00:00+05:30,15.6,70
2025-02-12 09:00:00+05:30,17.9,60
2025-02-12 10:00:00+05:30,20.7,49
2025-02-12 11:00:00+05:30,23.4,37
2025-02-12 12:00:00+05:30,24.8,27
2025-02-12 13:00:00+05:30,25.1,26
2025-02-12 14:00:00+05:30,25.2,25
2025-02-12 15:00:00+05:30,24.9,25
2025-02-12 16:00:00+05:30,23.9,30
2025-02-12 17:00:00+05:30,22.7,35
2025-02-12 18:00:00+05:30,22.2,40
2025-02-12 19:00:00+05:30,21.0,45
2025-02-12 20:00:00+05:30,20.1,46
2025-02-12 21:00:00+05:30,19.3,45
2025-02-12 22:00:00+05:30,18.5,45
2025-02-12 23:00:00+05:30,17.7,44
2025-02-13 00:00:00+05:30,17.0,45
2025-02-13 01:00:00+05:30,16.3,48
2025-02-13 02:00:00+05:30,15.7,50
2025-02-13 03:00:00+05:30,15.1,55
2025-02-13 04:00:00+05:30,14.6,57
2025-02-13 05:00:00+05:30,14.3,58
2025-02-13 06:00:00+05:30,14.3,62
2025-02-13 07:00:00+05:30,14.1,63
2025-02-13 08:00:00+05:30,15.1,60
2025-02-13 09:00:00+05:30,17.1,54
2025-02-13 10:00:00+05:30,19.5,45
2025-02-13 11:00:00+05:30,21.7,36
2025-02-13 12:00:00+05:30,23.2,29
2025-02-13 13:00:00+05:30,24.0,25
2025-02-13 14:00:00+05:30,24.3,22
2025-02-13 15:00:00+05:30,24.0,24
2025-02-13 16:00:00+05:30,23.2,28
2025-02-13 17:00:00+05:30,22.0,36
2025-02-13 18:00:00+05:30,21.2,43
2025-02-13 19:00:00+05:30,20.2,46
2025-02-13 20:00:00+05:30,19.2,46
2025-02-13 21:00:00+05:30,18.4,45
2025-02-13 22:00:00+05:30,17.7,43
2025-02-13 23:00:00+05:30,17.1,41
2025-02-14 00:00:00+05:30,16.4,41
2025-02-14 01:00:00+05:30,15.7,42
2025-02-14 02:00:00+05:30,15.0,44
2025-02-14 03:00:00+05:30,14.5,46
2025-02-14 04:00:00+05:30,13.9,48
2025-02-14 05:00:00+05:30,13.5,50
2025-02-14 06:00:00+05:30,12.8,59
2025-02-14 07:00:00+05:30,12.8,58
2025-02-14 08:00:00+05:30,14.4,52
2025-02-14 09:00:00+05:30,16.7,45
2025-02-14 10:00:00+05:30,19.4,38
2025-02-14 11:00:00+05:30,21.9,31
2025-02-14 12:00:00+05:30,23.8,23
2025-02-14 13:00:00+05:30,24.8,22
2025-02-14 14:00:00+05:30,25.3,22
2025-02-14 15:00:00+05:30,25.0,24
2025-02-14 16:00:00+05:30,24.4,27
2025-02-14 17:00:00+05:30,23.1,32
2025-02-14 18:00:00+05:30,22.4,36
2025-02-14 19:00:00+05:30,21.4,40
2025-02-14 20:00:00+05:30,20.6,42
2025-02-14 21:00:00+05:30,19.9,42
2025-02-14 22:00:00+05:30,19.6,42
2025-02-14 23:00:00+05:30,18.5,46
2025-02-15 00:00:00+05:30,17.1,52
2025-02-15 01:00:00+05:30,16.6,53
2025-02-15 02:00:00+05:30,16.0,56
2025-02-15 03:00:00+05:30,15.2,60
2025-02-15 04:00:00+05:30,15.0,59
2025-02-15 05:00:00+05:30,14.4,62
2025-02-15 06:00:00+05:30,13.8,68
2025-02-15 07:00:00+05:30,14.0,68
2025-02-15 08:00:00+05:30,16.1,59
2025-02-15 09:00:00+05:30,19.6,47
2025-02-15 10:00:00+05:30,22.7,35
2025-02-15 11:00:00+05:30,24.3,30
2025-02-15 12:00:00+05:30,24.7,31
2025-02-15 13:00:00+05:30,25.2,27
2025-02-15 14:00:00+05:30,25.3,27
2025-02-15 15:00:00+05:30,25.1,28
2025-02-15 16:00:00+05:30,24.3,30
2025-02-15 17:00:00+05:30,23.4,34
2025-02-15 18:00:00+05:30,23.7,34
2025-02-15 19:00:00+05:30,22.3,40
2025-02-15 20:00:00+05:30,20.8,49
2025-02-15 21:00:00+05:30,19.5,53
2025-02-15 22:00:00+05:30,18.8,52
2025-02-15 23:00:00+05:30,17.9,55
2025-02-16 00:00:00+05:30,17.9,60
2025-02-16 01:00:00+05:30,16.9,59
2025-02-16 02:00:00+05:30,15.7,62
2025-02-16 03:00:00+05:30,15.1,65
2025-02-16 04:00:00+05:30,14.0,73
2025-02-16 05:00:00+05:30,13.4,75
2025-02-16 06:00:00+05:30,12.5,87
2025-02-16 07:00:00+05:30,12.9,86
2025-02-16 08:00:00+05:30,15.3,74
2025-02-16 09:00:00+05:30,19.1,58
2025-02-16 10:00:00+05:30,22.3,47
2025-02-16 11:00:00+05:30,24.6,35
2025-02-16 12:00:00+05:30,26.1,30
2025-02-16 13:00:00+05:30,26.9,26
2025-02-16 14:00:00+05:30,27.4,25
2025-02-16 15:00:00+05:30,27.3,26
2025-02-16 16:00:00+05:30,26.5,29
2025-02-16 17:00:00+05:30,25.0,35
2025-02-16 18:00:00+05:30,23.7,41
2025-02-16 19:00:00+05:30,22.1,49
2025-02-16 20:00:00+05:30,21.0,55
2025-02-16 21:00:00+05:30,20.0,59
2025-02-16 22:00:00+05:30,18.9,65
2025-02-16 23:00:00+05:30,17.9,69
2025-02-17 00:00:00+05:30,17.2,73
2025-02-17 01:00:00+05:30,16.4,78
2025-02-17 02:00:00+05:30,15.9,79
2025-02-17 03:00:00+05:30,15.9,79
2025-02-17 04:00:00+05:30,16.3,76
2025-02-17 05:00:00+05:30,16.4,75
2025-02-17 06:00:00+05:30,15.5,83
2025-02-17 07:00:00+05:30,15.5,83
2025-02-17 08:00:00+05:30,17.2,74
2025-02-17 09:00:00+05:30,20.2,57
2025-02-17 10:00:00+05:30,23.2,41
2025-02-17 11:00:00+05:30,25.4,31
2025-02-17 12:00:00+05:30,27.0,25
2025-02-17 13:00:00+05:30,28.1,21
2025-02-17 14:00:00+05:30,28.5,20
2025-02-17 15:00:00+05:30,28.6,20
2025-02-17 16:00:00+05:30,28.1,21
2025-02-17 17:00:00+05:30,26.7,27
2025-02-17 18:00:00+05:30,24.8,36
2025-02-17 19:00:00+05:30,23.4,47
2025-02-17 20:00:00+05:30,22.3,56
2025-02-17 21:00:00+05:30,21.1,62
2025-02-17 22:00:00+05:30,20.3,65
2025-02-17 23:00:00+05:30,19.5,68
2025-02-18 00:00:00+05:30,19.8,65
2025-02-18 01:00:00+05:30,19.3,65
2025-02-18 02:00:00+05:30,17.8,69
2025-02-18 03:00:00+05:30,17.2,69
2025-02-18 04:00:00+05:30,16.6,72
2025-02-18 05:00:00+05:30,16.1,76
2025-02-18 06:00:00+05:30,16.3,78
2025-02-18 07:00:00+05:30,16.6,76
2025-02-18 08:00:00+05:30,18.7,66
2025-02-18 09:00:00+05:30,20.2,60
2025-02-18 10:00:00+05:30,22.2,52
2025-02-18 11:00:00+05:30,23.3,48
2025-02-18 12:00:00+05:30,23.4,46
2025-02-18 13:00:00+05:30,25.2,33
2025-02-18 14:00:00+05:30,26.6,26
2025-02-18 15:00:00+05:30,26.8,24
2025-02-18 16:00:00+05:30,26.3,24
2025-02-18 17:00:00+05:30,25.4,26
2025-02-18 18:00:00+05:30,24.1,34
2025-02-18 19:00:00+05:30,23.0,41
2025-02-18 20:00:00+05:30,21.8,49
2025-02-18 21:00:00+05:30,21.0,53
2025-02-18 22:00:00+05:30,20.3,54
2025-02-18 23:00:00+05:30,19.3,58
2025-02-19 00:00:00+05:30,18.7,57
2025-02-19 01:00:00+05:30,17.7,58
2025-02-19 02:00:00+05:30,16.9,60
2025-02-19 03:00:00+05:30,16.4,61
2025-02-19 04:00:00+05:30,15.8,62
2025-02-19 05:00:00+05:30,15.3,64
2025-02-19 06:00:00+05:30,14.6,71
2025-02-19 07:00:00+05:30,14.9,70
2025-02-19 08:00:00+05:30,16.5,63
2025-02-19 09:00:00+05:30,19.5,52
2025-02-19 10:00:00+05:30,22.4,40
2025-02-19 11:00:00+05:30,24.9,30
2025-02-19 12:00:00+05:30,26.5,24
2025-02-19 13:00:00+05:30,27.4,21
2025-02-19 14:00:00+05:30,28.0,20
2025-02-19 15:00:00+05:30,28.0,21
2025-02-19 16:00:00+05:30,27.3,23
2025-02-19 17:00:00+05:30,26.2,27
2025-02-19 18:00:00+05:30,25.3,29
2025-02-19 19:00:00+05:30,24.2,34
2025-02-19 20:00:00+05:30,22.9,43
2025-02-19 21:00:00+05:30,22.2,49
2025-02-19 22:00:00+05:30,21.6,48
2025-02-19 23:00:00+05:30,20.0,60
2025-02-20 00:00:00+05:30,19.8,62
2025-02-20 01:00:00+05:30,18.8,67
2025-02-20 02:00:00+05:30,17.5,74
2025-02-20 03:00:00+05:30,16.4,80
2025-02-20 04:00:00+05:30,15.6,88
2025-02-20 05:00:00+05:30,14.9,86
2025-02-20 06:00:00+05:30,16.2,92
2025-02-20 07:00:00+05:30,16.3,84
2025-02-20 08:00:00+05:30,17.8,74
2025-02-20 09:00:00+05:30,19.1,71
2025-02-20 10:00:00+05:30,20.4,63
2025-02-20 11:00:00+05:30,21.2,58
2025-02-20 12:00:00+05:30,20.9,63
2025-02-20 13:00:00+05:30,22.6,53
2025-02-20 14:00:00+05:30,23.5,47
2025-02-20 15:00:00+05:30,23.8,46
2025-02-20 16:00:00+05:30,23.3,47
2025-02-20 17:00:00+05:30,22.0,51
2025-02-20 18:00:00+05:30,21.2,60
2025-02-20 19:00:00+05:30,20.1,68
2025-02-20 20:00:00+05:30,19.0,70
2025-02-20 21:00:00+05:30,15.6,92
2025-02-20 22:00:00+05:30,16.4,89
2025-02-20 23:00:00+05:30,16.2,86
2025-02-21 00:00:00+05:30,15.7,88
2025-02-21 01:00:00+05:30,15.5,89
2025-02-21 02:00:00+05:30,15.2,90
2025-02-21 03:00:00+05:30,14.8,93
2025-02-21 04:00:00+05:30,14.6,91
2025-02-21 05:00:00+05:30,14.3,90
2025-02-21 06:00:00+05:30,14.0,92
2025-02-21 07:00:00+05:30,14.2,92
2025-02-21 08:00:00+05:30,15.6,86
2025-02-21 09:00:00+05:30,17.8,77
2025-02-21 10:00:00+05:30,20.1,68
2025-02-21 11:00:00+05:30,22.0,59
2025-02-21 12:00:00+05:30,23.4,53
2025-02-21 13:00:00+05:30,24.3,51
2025-02-21 14:00:00+05:30,24.8,48
2025-02-21 15:00:00+05:30,24.8,47
2025-02-21 16:00:00+05:30,24.1,48
2025-02-21 17:00:00+05:30,22.5,55
2025-02-21 18:00:00+05:30,21.4,63
2025-02-21 19:00:00+05:30,20.5,69
2025-02-21 20:00:00+05:30,19.6,75
2025-02-21 21:00:00+05:30,18.6,80
2025-02-21 22:00:00+05:30,17.9,82
2025-02-21 23:00:00+05:30,17.1,85
2025-02-22 00:00:00+05:30,16.5,86
2025-02-22 01:00:00+05:30,15.8,86
2025-02-22 02:00:00+05:30,15.1,87
2025-02-22 03:00:00+05:30,14.5,89
2025-02-22 04:00:00+05:30,14.1,90
2025-02-22 05:00:00+05:30,13.6,90
2025-02-22 06:00:00+05:30,13.6,92
2025-02-22 07:00:00+05:30,13.6,90
2025-02-22 08:00:00+05:30,14.9,84
2025-02-22 09:00:00+05:30,17.0,73
2025-02-22 10:00:00+05:30,19.4,61
2025-02-22 11:00:00+05:30,21.5,50
2025-02-22 12:00:00+05:30,22.9,43
2025-02-22 13:00:00+05:30,23.4,41
2025-02-22 14:00:00+05:30,23.7,37
2025-02-22 15:00:00+05:30,23.7,38
2025-02-22 16:00:00+05:30,23.2,39
2025-02-22 17:00:00+05:30,22.0,43
2025-02-22 18:00:00+05:30,20.3,55
2025-02-22 19:00:00+05:30,19.2,63
2025-02-22 20:00:00+05:30,18.4,67
2025-02-22 21:00:00+05:30,17.7,72
2025-02-22 22:00:00+05:30,17.0,76
2025-02-22 23:00:00+05:30,16.3,78
2025-02-23 00:00:00+05:30,15.7,79
2025-02-23 01:00:00+05:30,15.4,78
2025-02-23 02:00:00+05:30,15.0,79
2025-02-23 03:00:00+05:30,14.5,81
2025-02-23 04:00:00+05:30,14.1,82
2025-02-23 05:00:00+05:30,13.7,84
2025-02-23 06:00:00+05:30,13.4,88
2025-02-23 07:00:00+05:30,13.8,85
2025-02-23 08:00:00+05:30,15.6,78
2025-02-23 09:00:00+05:30,18.2,68
2025-02-23 10:00:00+05:30,20.8,57
2025-02-23 11:00:00+05:30,22.6,47
2025-02-23 12:00:00+05:30,23.8,42
2025-02-23 13:00:00+05:30,24.6,39
2025-02-23 14:00:00+05:30,25.0,38
2025-02-23 15:00:00+05:30,24.9,38
2025-02-23 16:00:00+05:30,24.4,39
2025-02-23 17:00:00+05:30,23.3,41
2025-02-23 18:00:00+05:30,22.2,47
2025-02-23 19:00:00+05:30,21.1,53
2025-02-23 20:00:00+05:30,19.8,61
2025-02-23 21:00:00+05:30,18.7,66
2025-02-23 22:00:00+05:30,17.7,71
2025-02-23 23:00:00+05:30,17.1,74
2025-02-24 00:00:00+05:30,16.3,76
2025-02-24 01:00:00+05:30,15.7,79
2025-02-24 02:00:00+05:30,14.9,82
2025-02-24 03:00:00+05:30,14.3,83
2025-02-24 04:00:00+05:30,13.9,83
2025-02-24 05:00:00+05:30,13.6,83
2025-02-24 06:00:00+05:30,13.9,88
2025-02-24 07:00:00+05:30,14.1,85
2025-02-24 08:00:00+05:30,16.1,76
2025-02-24 09:00:00+05:30,19.2,62
2025-02-24 10:00:00+05:30,22.2,52
2025-02-24 11:00:00+05:30,24.2,40
2025-02-24 12:00:00+05:30,25.6,32
2025-02-24 13:00:00+05:30,26.5,27
2025-02-24 14:00:00+05:30,26.9,24
2025-02-24 15:00:00+05:30,26.8,23
2025-02-24 16:00:00+05:30,26.0,25
2025-02-24 17:00:00+05:30,24.6,33
2025-02-24 18:00:00+05:30,22.8,48
2025-02-24 19:00:00+05:30,21.5,57
2025-02-24 20:00:00+05:30,20.8,61
2025-02-24 21:00:00+05:30,19.6,68
2025-02-24 22:00:00+05:30,18.9,71
2025-02-24 23:00:00+05:30,18.4,72
2025-02-25 00:00:00+05:30,17.8,72
2025-02-25 01:00:00+05:30,17.0,75
2025-02-25 02:00:00+05:30,16.2,77
2025-02-25 03:00:00+05:30,15.5,80
2025-02-25 04:00:00+05:30,15.1,81
2025-02-25 05:00:00+05:30,14.8,82
2025-02-25 06:00:00+05:30,14.7,86
2025-02-25 07:00:00+05:30,15.3,83
2025-02-25 08:00:00+05:30,17.5,73
2025-02-25 09:00:00+05:30,20.8,58
2025-02-25 10:00:00+05:30,23.8,44
2025-02-25 11:00:00+05:30,25.7,33
2025-02-25 12:00:00+05:30,27.1,27
2025-02-25 13:00:00+05:30,27.9,25
2025-02-25 14:00:00+05:30,27.9,26
2025-02-25 15:00:00+05:30,27.1,28
2025-02-25 16:00:00+05:30,26.3,30
2025-02-25 17:00:00+05:30,25.4,31
2025-02-25 18:00:00+05:30,24.5,36
2025-02-25 19:00:00+05:30,23.3,42
2025-02-25 20:00:00+05:30,22.1,53
2025-02-25 21:00:00+05:30,21.3,56
2025-02-25 22:00:00+05:30,20.4,58
2025-02-25 23:00:00+05:30,20.5,54
2025-02-26 00:00:00+05:30,20.0,57
2025-02-26 01:00:00+05:30,19.2,62
2025-02-26 02:00:00+05:30,18.9,64
2025-02-26 03:00:00+05:30,18.7,68
2025-02-26 04:00:00+05:30,18.6,64
2025-02-26 05:00:00+05:30,18.2,64
2025-02-26 06:00:00+05:30,18.4,71
2025-02-26 07:00:00+05:30,18.6,70
2025-02-26 08:00:00+05:30,19.2,68
2025-02-26 09:00:00+05:30,21.8,58
2025-02-26 10:00:00+05:30,25.0,48
2025-02-26 11:00:00+05:30,27.0,42
2025-02-26 12:00:00+05:30,28.7,37
2025-02-26 13:00:00+05:30,29.8,33
2025-02-26 14:00:00+05:30,30.2,32
2025-02-26 15:00:00+05:30,30.1,28
2025-02-26 16:00:00+05:30,29.9,29
2025-02-26 17:00:00+05:30,29.1,31
2025-02-26 18:00:00+05:30,27.2,44
2025-02-26 19:00:00+05:30,26.3,49
2025-02-26 20:00:00+05:30,25.4,53
2025-02-26 21:00:00+05:30,24.3,61
2025-02-26 22:00:00+05:30,23.7,61
2025-02-26 23:00:00+05:30,23.5,60
2025-02-27 00:00:00+05:30,22.7,65
2025-02-27 01:00:00+05:30,22.2,66
2025-02-27 02:00:00+05:30,21.8,66
2025-02-27 03:00:00+05:30,21.1,69
2025-02-27 04:00:00+05:30,19.8,74
2025-02-27 05:00:00+05:30,19.7,71
2025-02-27 06:00:00+05:30,21.0,75
2025-02-27 07:00:00+05:30,20.1,77
2025-02-27 08:00:00+05:30,18.7,83
2025-02-27 09:00:00+05:30,19.3,89
2025-02-27 10:00:00+05:30,20.3,89
2025-02-27 11:00:00+05:30,19.6,87
2025-02-27 12:00:00+05:30,19.9,80
2025-02-27 13:00:00+05:30,21.5,73
2025-02-27 14:00:00+05:30,22.7,66
2025-02-27 15:00:00+05:30,22.3,66
2025-02-27 16:00:00+05:30,21.8,67
2025-02-27 17:00:00+05:30,21.4,69
2025-02-27 18:00:00+05:30,21.4,65
2025-02-27 19:00:00+05:30,20.6,69
2025-02-27 20:00:00+05:30,19.7,72
2025-02-27 21:00:00+05:30,19.6,73
2025-02-27 22:00:00+05:30,19.6,69
2025-02-27 23:00:00+05:30,19.2,68
2025-02-28 00:00:00+05:30,19.2,63
2025-02-28 01:00:00+05:30,19.2,63
2025-02-28 02:00:00+05:30,19.1,66
2025-02-28 03:00:00+05:30,18.8,69
2025-02-28 04:00:00+05:30,18.6,72
2025-02-28 05:00:00+05:30,18.5,71
2025-02-28 06:00:00+05:30,18.9,74
2025-02-28 07:00:00+05:30,18.6,75
2025-02-28 08:00:00+05:30,18.2,74
2025-02-28 09:00:00+05:30,17.6,80
2025-02-28 10:00:00+05:30,18.0,86
2025-02-28 11:00:00+05:30,19.2,79
2025-02-28 12:00:00+05:30,19.6,77
2025-02-28 13:00:00+05:30,20.5,74
2025-02-28 14:00:00+05:30,22.1,69
2025-02-28 15:00:00+05:30,22.7,68
2025-02-28 16:00:00+05:30,22.6,70
2025-02-28 17:00:00+05:30,22.0,74
2025-02-28 18:00:00+05:30,21.3,83
2025-02-28 19:00:00+05:30,21.0,85
2025-02-28 20:00:00+05:30,20.8,83
2025-02-28 21:00:00+05:30,18.8,91
2025-02-28 22:00:00+05:30,18.5,92
2025-02-28 23:00:00+05:30,17.7,89
2025-03-01 00:00:00+05:30,16.8,88
2025-03-01 01:00:00+05:30,16.4,89
2025-03-01 02:00:00+05:30,16.0,90
2025-03-01 03:00:00+05:30,15.5,92
2025-03-01 04:00:00+05:30,15.5,92
2025-03-01 05:00:00+05:30,15.2,92
2025-03-01 06:00:00+05:30,16.6,93
2025-03-01 07:00:00+05:30,16.3,94
2025-03-01 08:00:00+05:30,17.4,87
2025-03-01 09:00:00+05:30,18.6,83
2025-03-01 10:00:00+05:30,19.0,81
2025-03-01 11:00:00+05:30,20.4,78
2025-03-01 12:00:00+05:30,22.4,73
2025-03-01 13:00:00+05:30,23.4,68
2025-03-01 14:00:00+05:30,23.8,66
2025-03-01 15:00:00+05:30,23.9,65
2025-03-01 16:00:00+05:30,23.3,68
2025-03-01 17:00:00+05:30,22.9,69
2025-03-01 18:00:00+05:30,21.5,80
2025-03-01 19:00:00+05:30,20.9,82
2025-03-01 20:00:00+05:30,20.5,83
2025-03-01 21:00:00+05:30,19.8,84
2025-03-01 22:00:00+05:30,18.8,85
2025-03-01 23:00:00+05:30,17.9,88
2025-03-02 00:00:00+05:30,17.3,90
2025-03-02 01:00:00+05:30,16.8,92
2025-03-02 02:00:00+05:30,16.4,92
2025-03-02 03:00:00+05:30,16.0,91
2025-03-02 04:00:00+05:30,15.6,90
2025-03-02 05:00:00+05:30,15.2,89
2025-03-02 06:00:00+05:30,15.8,88
2025-03-02 07:00:00+05:30,15.8,87
2025-03-02 08:00:00+05:30,17.1,83
2025-03-02 09:00:00+05:30,19.1,76
2025-03-02 10:00:00+05:30,21.2,66
2025-03-02 11:00:00+05:30,23.2,48
2025-03-02 12:00:00+05:30,24.2,36
2025-03-02 13:00:00+05:30,24.5,36
2025-03-02 14:00:00+05:30,24.4,37
2025-03-02 15:00:00+05:30,23.9,40
2025-03-02 16:00:00+05:30,23.1,43
2025-03-02 17:00:00+05:30,21.7,51
2025-03-02 18:00:00+05:30,19.6,61
2025-03-02 19:00:00+05:30,18.6,65
2025-03-02 20:00:00+05:30,17.8,68
2025-03-02 21:00:00+05:30,16.7,69
2025-03-02 22:00:00+05:30,16.1,69
2025-03-02 23:00:00+05:30,15.5,69
2025-03-03 00:00:00+05:30,14.7,71
2025-03-03 01:00:00+05:30,13.7,76
2025-03-03 02:00:00+05:30,13.2,77
2025-03-03 03:00:00+05:30,12.9,76
2025-03-03 04:00:00+05:30,12.2,79
2025-03-03 05:00:00+05:30,11.8,81
2025-03-03 06:00:00+05:30,12.4,82
2025-03-03 07:00:00+05:30,13.3,80
2025-03-03 08:00:00+05:30,15.4,75
2025-03-03 09:00:00+05:30,18.7,66
2025-03-03 10:00:00+05:30,21.6,52
2025-03-03 11:00:00+05:30,23.9,39
2025-03-03 12:00:00+05:30,25.4,33
2025-03-03 13:00:00+05:30,26.4,32
2025-03-03 14:00:00+05:30,27.0,35
2025-03-03 15:00:00+05:30,26.6,39
2025-03-03 16:00:00+05:30,25.9,43
2025-03-03 17:00:00+05:30,24.6,55
2025-03-03 18:00:00+05:30,23.7,57
2025-03-03 19:00:00+05:30,22.4,61
2025-03-03 20:00:00+05:30,21.7,64
2025-03-03 21:00:00+05:30,21.3,64
2025-03-03 22:00:00+05:30,20.6,66
2025-03-03 23:00:00+05:30,19.9,68
2025-03-04 00:00:00+05:30,19.1,71
2025-03-04 01:00:00+05:30,18.6,73
2025-03-04 02:00:00+05:30,18.2,74
2025-03-04 03:00:00+05:30,16.8,79
2025-03-04 04:00:00+05:30,16.0,82
2025-03-04 05:00:00+05:30,15.0,87
2025-03-04 06:00:00+05:30,16.1,87
2025-03-04 07:00:00+05:30,17.4,80
2025-03-04 08:00:00+05:30,18.8,73
2025-03-04 09:00:00+05:30,20.2,67
2025-03-04 10:00:00+05:30,22.1,59
2025-03-04 11:00:00+05:30,23.3,54
2025-03-04 12:00:00+05:30,24.1,48
2025-03-04 13:00:00+05:30,24.6,43
2025-03-04 14:00:00+05:30,24.8,41
2025-03-04 15:00:00+05:30,24.7,39
2025-03-04 16:00:00+05:30,24.1,40
2025-03-04 17:00:00+05:30,22.8,43
2025-03-04 18:00:00+05:30,21.2,52
2025-03-04 19:00:00+05:30,20.3,53
2025-03-04 20:00:00+05:30,19.4,49
2025-03-04 21:00:00+05:30,18.3,50
2025-03-04 22:00:00+05:30,17.5,52
2025-03-04 23:00:00+05:30,16.7,55
2025-03-05 00:00:00+05:30,15.9,57
2025-03-05 01:00:00+05:30,15.2,60
2025-03-05 02:00:00+05:30,14.6,62
2025-03-05 03:00:00+05:30,13.9,63
2025-03-05 04:00:00+05:30,13.3,61
2025-03-05 05:00:00+05:30,13.0,56
2025-03-05 06:00:00+05:30,12.6,63
2025-03-05 07:00:00+05:30,12.6,63
2025-03-05 08:00:00+05:30,13.8,61
2025-03-05 09:00:00+05:30,15.7,55
2025-03-05 10:00:00+05:30,17.9,48
2025-03-05 11:00:00+05:30,19.8,41
2025-03-05 12:00:00+05:30,21.3,35
2025-03-05 13:00:00+05:30,22.2,30
2025-03-05 14:00:00+05:30,22.8,28
2025-03-05 15:00:00+05:30,22.7,30
2025-03-05 16:00:00+05:30,22.2,32
2025-03-05 17:00:00+05:30,21.6,31
2025-03-05 18:00:00+05:30,21.0,33
2025-03-05 19:00:00+05:30,20.3,36
2025-03-05 20:00:00+05:30,19.4,38
2025-03-05 21:00:00+05:30,18.9,38
2025-03-05 22:00:00+05:30,18.7,36
2025-03-05 23:00:00+05:30,18.1,37
2025-03-06 00:00:00+05:30,17.2,41
2025-03-06 01:00:00+05:30,16.3,44
2025-03-06 02:00:00+05:30,15.4,46
2025-03-06 03:00:00+05:30,14.9,46
2025-03-06 04:00:00+05:30,14.4,47
2025-03-06 05:00:00+05:30,13.9,48
2025-03-06 06:00:00+05:30,12.9,57
2025-03-06 07:00:00+05:30,13.3,56
2025-03-06 08:00:00+05:30,15.1,53
2025-03-06 09:00:00+05:30,17.7,46
2025-03-06 10:00:00+05:30,20.3,39
2025-03-06 11:00:00+05:30,22.6,33
2025-03-06 12:00:00+05:30,24.4,28
2025-03-06 13:00:00+05:30,25.7,25
2025-03-06 14:00:00+05:30,26.6,22
2025-03-06 15:00:00+05:30,26.9,22
2025-03-06 16:00:00+05:30,26.6,21
2025-03-06 17:00:00+05:30,25.6,24
2025-03-06 18:00:00+05:30,23.5,30
2025-03-06 19:00:00+05:30,22.6,35
2025-03-06 20:00:00+05:30,21.7,38
2025-03-06 21:00:00+05:30,20.6,43
2025-03-06 22:00:00+05:30,19.8,45
2025-03-06 23:00:00+05:30,18.7,48
2025-03-07 00:00:00+05:30,18.3,51
2025-03-07 01:00:00+05:30,16.9,53
2025-03-07 02:00:00+05:30,15.0,63
2025-03-07 03:00:00+05:30,14.4,66
2025-03-07 04:00:00+05:30,14.1,67
2025-03-07 05:00:00+05:30,13.8,68
2025-03-07 06:00:00+05:30,13.1,72
2025-03-07 07:00:00+05:30,14.1,67
2025-03-07 08:00:00+05:30,16.5,58
2025-03-07 09:00:00+05:30,20.0,44
2025-03-07 10:00:00+05:30,23.6,31
2025-03-07 11:00:00+05:30,25.9,23
2025-03-07 12:00:00+05:30,27.5,18
2025-03-07 13:00:00+05:30,28.6,16
2025-03-07 14:00:00+05:30,29.0,16
2025-03-07 15:00:00+05:30,28.8,18
2025-03-07 16:00:00+05:30,28.2,21
2025-03-07 17:00:00+05:30,27.1,23
2025-03-07 18:00:00+05:30,25.2,29
2025-03-07 19:00:00+05:30,23.6,36
2025-03-07 20:00:00+05:30,22.9,36
2025-03-07 21:00:00+05:30,21.6,43
2025-03-07 22:00:00+05:30,20.8,46
2025-03-07 23:00:00+05:30,20.0,46
2025-03-08 00:00:00+05:30,18.9,48
2025-03-08 01:00:00+05:30,18.0,49
2025-03-08 02:00:00+05:30,17.5,50
2025-03-08 03:00:00+05:30,16.9,52
2025-03-08 04:00:00+05:30,16.6,53
2025-03-08 05:00:00+05:30,16.0,55
2025-03-08 06:00:00+05:30,15.7,62
2025-03-08 07:00:00+05:30,16.3,59
2025-03-08 08:00:00+05:30,18.5,52
2025-03-08 09:00:00+05:30,21.7,42
2025-03-08 10:00:00+05:30,25.0,34
2025-03-08 11:00:00+05:30,27.7,26
2025-03-08 12:00:00+05:30,29.3,20
2025-03-08 13:00:00+05:30,30.0,19
2025-03-08 14:00:00+05:30,30.3,18
2025-03-08 15:00:00+05:30,30.1,20
2025-03-08 16:00:00+05:30,29.5,21
2025-03-08 17:00:00+05:30,28.2,24
2025-03-08 18:00:00+05:30,26.6,30
2025-03-08 19:00:00+05:30,25.2,38
2025-03-08 20:00:00+05:30,24.8,47
2025-03-08 21:00:00+05:30,23.7,42
2025-03-08 22:00:00+05:30,23.0,50
2025-03-08 23:00:00+05:30,21.2,51
2025-03-09 00:00:00+05:30,20.3,55
2025-03-09 01:00:00+05:30,19.6,61
2025-03-09 02:00:00+05:30,18.1,63
2025-03-09 03:00:00+05:30,17.1,69
2025-03-09 04:00:00+05:30,16.6,72
2025-03-09 05:00:00+05:30,16.3,70
2025-03-09 06:00:00+05:30,16.3,78
2025-03-09 07:00:00+05:30,17.6,71
2025-03-09 08:00:00+05:30,20.8,58
2025-03-09 09:00:00+05:30,24.3,46
2025-03-09 10:00:00+05:30,27.5,35
2025-03-09 11:00:00+05:30,29.5,27
2025-03-09 12:00:00+05:30,30.9,23
2025-03-09 13:00:00+05:30,31.8,22
2025-03-09 14:00:00+05:30,32.2,21
2025-03-09 15:00:00+05:30,32.2,21
2025-03-09 16:00:00+05:30,31.8,22
2025-03-09 17:00:00+05:30,30.7,25
2025-03-09 18:00:00+05:30,28.7,31
2025-03-09 19:00:00+05:30,27.4,35
2025-03-09 20:00:00+05:30,26.3,38
2025-03-09 21:00:00+05:30,25.1,42
2025-03-09 22:00:00+05:30,23.7,47
2025-03-09 23:00:00+05:30,22.5,50
2025-03-10 00:00:00+05:30,21.6,53
2025-03-10 01:00:00+05:30,20.8,57
2025-03-10 02:00:00+05:30,20.2,60
2025-03-10 03:00:00+05:30,19.7,62
2025-03-10 04:00:00+05:30,19.3,63
2025-03-10 05:00:00+05:30,18.9,64
2025-03-10 06:00:00+05:30,18.9,67
2025-03-10 07:00:00+05:30,19.3,65
2025-03-10 08:00:00+05:30,21.2,58
2025-03-10 09:00:00+05:30,24.1,49
2025-03-10 10:00:00+05:30,26.9,42
2025-03-10 11:00:00+05:30,29.3,35
2025-03-10 12:00:00+05:30,30.6,30
2025-03-10 13:00:00+05:30,31.5,28
2025-03-10 14:00:00+05:30,32.0,27
2025-03-10 15:00:00+05:30,32.0,27
2025-03-10 16:00:00+05:30,31.5,28
2025-03-10 17:00:00+05:30,30.6,30
2025-03-10 18:00:00+05:30,29.5,30
2025-03-10 19:00:00+05:30,27.8,37
2025-03-10 20:00:00+05:30,26.5,43
2025-03-10 21:00:00+05:30,25.3,47
2025-03-10 22:00:00+05:30,24.7,48
2025-03-10 23:00:00+05:30,24.0,51
2025-03-11 00:00:00+05:30,23.0,53
2025-03-11 01:00:00+05:30,21.9,57
2025-03-11 02:00:00+05:30,20.8,63
2025-03-11 03:00:00+05:30,20.2,66
2025-03-11 04:00:00+05:30,19.6,68
2025-03-11 05:00:00+05:30,19.1,72
2025-03-11 06:00:00+05:30,18.9,79
2025-03-11 07:00:00+05:30,19.9,72
2025-03-11 08:00:00+05:30,23.1,60
2025-03-11 09:00:00+05:30,26.6,45
2025-03-11 10:00:00+05:30,29.5,34
2025-03-11 11:00:00+05:30,31.7,28
2025-03-11 12:00:00+05:30,33.2,25
2025-03-11 13:00:00+05:30,34.3,23
2025-03-11 14:00:00+05:30,34.5,22
2025-03-11 15:00:00+05:30,34.2,23
2025-03-11 16:00:00+05:30,33.2,27
2025-03-11 17:00:00+05:30,31.3,34
2025-03-11 18:00:00+05:30,29.3,41
2025-03-11 19:00:00+05:30,28.3,47
2025-03-11 20:00:00+05:30,27.0,56
2025-03-11 21:00:00+05:30,25.8,62
2025-03-11 22:00:00+05:30,25.1,64
2025-03-11 23:00:00+05:30,24.2,66
2025-03-12 00:00:00+05:30,24.0,63
2025-03-12 01:00:00+05:30,23.6,62
2025-03-12 02:00:00+05:30,22.8,64
2025-03-12 03:00:00+05:30,21.9,68
2025-03-12 04:00:00+05:30,21.2,70
2025-03-12 05:00:00+05:30,20.7,70
2025-03-12 06:00:00+05:30,20.0,77
2025-03-12 07:00:00+05:30,20.7,74
2025-03-12 08:00:00+05:30,22.7,65
2025-03-12 09:00:00+05:30,25.8,53
2025-03-12 10:00:00+05:30,28.7,39
2025-03-12 11:00:00+05:30,30.5,32
2025-03-12 12:00:00+05:30,32.0,27
2025-03-12 13:00:00+05:30,33.1,24
2025-03-12 14:00:00+05:30,33.4,23
2025-03-12 15:00:00+05:30,33.0,24
2025-03-12 16:00:00+05:30,32.1,25
2025-03-12 17:00:00+05:30,31.0,29
2025-03-12 18:00:00+05:30,29.8,35
2025-03-12 19:00:00+05:30,28.8,40
2025-03-12 20:00:00+05:30,27.7,45
2025-03-12 21:00:00+05:30,26.6,48
2025-03-12 22:00:00+05:30,25.9,49
2025-03-12 23:00:00+05:30,25.2,52
2025-03-13 00:00:00+05:30,24.0,56
2025-03-13 01:00:00+05:30,23.0,59
2025-03-13 02:00:00+05:30,22.5,59
2025-03-13 03:00:00+05:30,21.6,63
2025-03-13 04:00:00+05:30,21.4,62
2025-03-13 05:00:00+05:30,21.2,62
2025-03-13 06:00:00+05:30,21.5,67
2025-03-13 07:00:00+05:30,22.0,65
2025-03-13 08:00:00+05:30,23.8,58
2025-03-13 09:00:00+05:30,26.7,49
2025-03-13 10:00:00+05:30,29.1,40
2025-03-13 11:00:00+05:30,25.3,53
2025-03-13 12:00:00+05:30,29.8,33
2025-03-13 13:00:00+05:30,31.7,29
2025-03-13 14:00:00+05:30,32.3,27
2025-03-13 15:00:00+05:30,32.2,28
2025-03-13 16:00:00+05:30,30.8,32
2025-03-13 17:00:00+05:30,25.9,46
2025-03-13 18:00:00+05:30,27.5,40
2025-03-13 19:00:00+05:30,26.4,44
2025-03-13 20:00:00+05:30,25.6,47
2025-03-13 21:00:00+05:30,25.1,47
2025-03-13 22:00:00+05:30,24.0,52
2025-03-13 23:00:00+05:30,23.3,54
2025-03-14 00:00:00+05:30,22.5,57
2025-03-14 01:00:00+05:30,21.8,60
2025-03-14 02:00:00+05:30,20.9,63
2025-03-14 03:00:00+05:30,19.9,68
2025-03-14 04:00:00+05:30,19.5,72
2025-03-14 05:00:00+05:30,19.2,72
2025-03-14 06:00:00+05:30,19.8,84
2025-03-14 07:00:00+05:30,21.2,76
2025-03-14 08:00:00+05:30,23.7,67
2025-03-14 09:00:00+05:30,26.8,51
2025-03-14 10:00:00+05:30,29.3,41
2025-03-14 11:00:00+05:30,31.3,33
2025-03-14 12:00:00+05:30,32.8,23
2025-03-14 13:00:00+05:30,33.7,19
2025-03-14 14:00:00+05:30,33.9,17
2025-03-14 15:00:00+05:30,34.3,16
2025-03-14 16:00:00+05:30,33.1,17
2025-03-14 17:00:00+05:30,32.0,20
2025-03-14 18:00:00+05:30,29.6,32
2025-03-14 19:00:00+05:30,27.9,39
2025-03-14 20:00:00+05:30,25.9,51
2025-03-14 21:00:00+05:30,24.2,56
2025-03-14 22:00:00+05:30,22.5,66
2025-03-14 23:00:00+05:30,22.2,66
2025-03-15 00:00:00+05:30,21.2,69
2025-03-15 01:00:00+05:30,20.5,69
2025-03-15 02:00:00+05:30,20.3,65
2025-03-15 03:00:00+05:30,20.1,63
2025-03-15 04:00:00+05:30,19.4,64
2025-03-15 05:00:00+05:30,18.9,66
2025-03-15 06:00:00+05:30,19.2,70
2025-03-15 07:00:00+05:30,19.6,68
2025-03-15 08:00:00+05:30,21.2,61
2025-03-15 09:00:00+05:30,23.3,53
2025-03-15 10:00:00+05:30,25.6,45
2025-03-15 11:00:00+05:30,27.5,42
2025-03-15 12:00:00+05:30,29.0,39
2025-03-15 13:00:00+05:30,30.7,35
2025-03-15 14:00:00+05:30,31.2,33
2025-03-15 15:00:00+05:30,31.0,33
2025-03-15 16:00:00+05:30,30.6,33
2025-03-15 17:00:00+05:30,30.1,31
2025-03-15 18:00:00+05:30,29.3,30
2025-03-15 19:00:00+05:30,27.6,36
2025-03-15 20:00:00+05:30,25.2,55
2025-03-15 21:00:00+05:30,23.3,62
2025-03-15 22:00:00+05:30,22.3,63
2025-03-15 23:00:00+05:30,21.4,65
2025-03-16 00:00:00+05:30,20.7,66
2025-03-16 01:00:00+05:30,20.1,68
2025-03-16 02:00:00+05:30,19.3,69
2025-03-16 03:00:00+05:30,18.8,72
2025-03-16 04:00:00+05:30,18.1,75
2025-03-16 05:00:00+05:30,17.6,77
2025-03-16 06:00:00+05:30,19.1,75
2025-03-16 07:00:00+05:30,19.6,73
2025-03-16 08:00:00+05:30,20.9,67
2025-03-16 09:00:00+05:30,22.5,59
2025-03-16 10:00:00+05:30,24.9,53
2025-03-16 11:00:00+05:30,27.1,46
2025-03-16 12:00:00+05:30,29.0,36
2025-03-16 13:00:00+05:30,29.9,28
2025-03-16 14:00:00+05:30,29.9,25
2025-03-16 15:00:00+05:30,29.7,24
2025-03-16 16:00:00+05:30,28.8,26
2025-03-16 17:00:00+05:30,27.8,28
2025-03-16 18:00:00+05:30,26.8,29
2025-03-16 19:00:00+05:30,25.5,35
2025-03-16 20:00:00+05:30,24.5,40
2025-03-16 21:00:00+05:30,23.4,43
2025-03-16 22:00:00+05:30,22.5,43
2025-03-16 23:00:00+05:30,21.4,45
2025-03-17 00:00:00+05:30,20.6,47
2025-03-17 01:00:00+05:30,19.9,48
2025-03-17 02:00:00+05:30,19.2,49
2025-03-17 03:00:00+05:30,18.5,52
2025-03-17 04:00:00+05:30,17.9,55
2025-03-17 05:00:00+05:30,17.5,56
2025-03-17 06:00:00+05:30,18.8,75
2025-03-17 07:00:00+05:30,19.4,72
2025-03-17 08:00:00+05:30,21.3,64
2025-03-17 09:00:00+05:30,23.9,53
2025-03-17 10:00:00+05:30,26.1,41
2025-03-17 11:00:00+05:30,27.4,32
2025-03-17 12:00:00+05:30,28.0,29
2025-03-17 13:00:00+05:30,28.3,28
2025-03-17 14:00:00+05:30,28.5,28
2025-03-17 15:00:00+05:30,28.1,29
2025-03-17 16:00:00+05:30,27.4,30
2025-03-17 17:00:00+05:30,26.5,33
2025-03-17 18:00:00+05:30,25.7,34
2025-03-17 19:00:00+05:30,24.9,38
2025-03-17 20:00:00+05:30,24.1,41
2025-03-17 21:00:00+05:30,23.2,43
2025-03-17 22:00:00+05:30,22.7,43
2025-03-17 23:00:00+05:30,21.9,46
2025-03-18 00:00:00+05:30,20.9,49
2025-03-18 01:00:00+05:30,20.0,52
2025-03-18 02:00:00+05:30,19.5,53
2025-03-18 03:00:00+05:30,18.9,54
2025-03-18 04:00:00+05:30,18.3,55
2025-03-18 05:00:00+05:30,17.7,57
2025-03-18 06:00:00+05:30,17.9,74
2025-03-18 07:00:00+05:30,18.8,69
2025-03-18 08:00:00+05:30,21.0,59
2025-03-18 09:00:00+05:30,23.7,48
2025-03-18 10:00:00+05:30,26.1,36
2025-03-18 11:00:00+05:30,27.7,30
2025-03-18 12:00:00+05:30,28.8,27
2025-03-18 13:00:00+05:30,29.5,25
2025-03-18 14:00:00+05:30,29.8,24
2025-03-18 15:00:00+05:30,29.8,23
2025-03-18 16:00:00+05:30,29.3,24
2025-03-18 17:00:00+05:30,28.3,27
2025-03-18 18:00:00+05:30,27.0,32
2025-03-18 19:00:00+05:30,26.2,35
2025-03-18 20:00:00+05:30,25.4,39
2025-03-18 21:00:00+05:30,24.5,41
2025-03-18 22:00:00+05:30,23.5,43
2025-03-18 23:00:00+05:30,23.1,42
2025-03-19 00:00:00+05:30,22.8,42
2025-03-19 01:00:00+05:30,21.5,46
2025-03-19 02:00:00+05:30,20.5,50
2025-03-19 03:00:00+05:30,19.4,54
2025-03-19 04:00:00+05:30,18.9,57
2025-03-19 05:00:00+05:30,18.4,59
2025-03-19 06:00:00+05:30,18.8,64
2025-03-19 07:00:00+05:30,19.8,60
2025-03-19 08:00:00+05:30,22.4,51
2025-03-19 09:00:00+05:30,26.0,38
2025-03-19 10:00:00+05:30,28.6,27
2025-03-19 11:00:00+05:30,30.3,21
2025-03-19 12:00:00+05:30,31.5,19
2025-03-19 13:00:00+05:30,32.0,19
2025-03-19 14:00:00+05:30,32.1,19
2025-03-19 15:00:00+05:30,31.6,20
2025-03-19 16:00:00+05:30,30.7,23
2025-03-19 17:00:00+05:30,29.6,27
2025-03-19 18:00:00+05:30,28.7,26
2025-03-19 19:00:00+05:30,27.3,32
2025-03-19 20:00:00+05:30,26.1,35
2025-03-19 21:00:00+05:30,24.7,36
2025-03-19 22:00:00+05:30,23.9,42
2025-03-19 23:00:00+05:30,23.1,49
2025-03-20 00:00:00+05:30,22.1,43
2025-03-20 01:00:00+05:30,22.0,40
2025-03-20 02:00:00+05:30,20.7,43
2025-03-20 03:00:00+05:30,19.5,48
2025-03-20 04:00:00+05:30,18.8,49
2025-03-20 05:00:00+05:30,18.2,51
2025-03-20 06:00:00+05:30,19.1,69
2025-03-20 07:00:00+05:30,20.4,61
2025-03-20 08:00:00+05:30,23.2,50
2025-03-20 09:00:00+05:30,27.0,37
2025-03-20 10:00:00+05:30,30.1,23
2025-03-20 11:00:00+05:30,31.9,17
2025-03-20 12:00:00+05:30,32.9,15
2025-03-20 13:00:00+05:30,32.9,14
2025-03-20 14:00:00+05:30,32.4,16
2025-03-20 15:00:00+05:30,32.0,17
2025-03-20 16:00:00+05:30,31.4,18
2025-03-20 17:00:00+05:30,30.0,23
2025-03-20 18:00:00+05:30,29.1,20
2025-03-20 19:00:00+05:30,27.9,23
2025-03-20 20:00:00+05:30,27.4,24
2025-03-20 21:00:00+05:30,26.5,31
2025-03-20 22:00:00+05:30,25.2,38
2025-03-20 23:00:00+05:30,23.7,38
2025-03-21 00:00:00+05:30,22.6,37
2025-03-21 01:00:00+05:30,22.0,36
2025-03-21 02:00:00+05:30,21.5,38
2025-03-21 03:00:00+05:30,20.9,39
2025-03-21 04:00:00+05:30,20.4,41
2025-03-21 05:00:00+05:30,20.0,42
2025-03-21 06:00:00+05:30,19.8,60
2025-03-21 07:00:00+05:30,20.4,58
2025-03-21 08:00:00+05:30,22.5,50
2025-03-21 09:00:00+05:30,25.3,40
2025-03-21 10:00:00+05:30,28.0,32
2025-03-21 11:00:00+05:30,30.2,23
2025-03-21 12:00:00+05:30,31.4,18
2025-03-21 13:00:00+05:30,31.9,16
2025-03-21 14:00:00+05:30,32.0,15
2025-03-21 15:00:00+05:30,31.8,15
2025-03-21 16:00:00+05:30,31.0,17
2025-03-21 17:00:00+05:30,29.9,19
2025-03-21 18:00:00+05:30,28.7,21
2025-03-21 19:00:00+05:30,27.6,25
2025-03-21 20:00:00+05:30,26.6,28
2025-03-21 21:00:00+05:30,25.3,31
2025-03-21 22:00:00+05:30,24.1,33
2025-03-21 23:00:00+05:30,23.3,33
2025-03-22 00:00:00+05:30,22.6,33
2025-03-22 01:00:00+05:30,21.6,35
2025-03-22 02:00:00+05:30,21.0,36
2025-03-22 03:00:00+05:30,20.7,36
2025-03-22 04:00:00+05:30,20.0,38
2025-03-22 05:00:00+05:30,19.1,42
2025-03-22 06:00:00+05:30,20.4,50
2025-03-22 07:00:00+05:30,21.4,46
2025-03-22 08:00:00+05:30,23.8,40
2025-03-22 09:00:00+05:30,27.1,31
2025-03-22 10:00:00+05:30,29.4,25
2025-03-22 11:00:00+05:30,30.8,22
2025-03-22 12:00:00+05:30,31.3,20
2025-03-22 13:00:00+05:30,30.7,21
2025-03-22 14:00:00+05:30,31.5,20
2025-03-22 15:00:00+05:30,31.4,19
2025-03-22 16:00:00+05:30,30.9,19
2025-03-22 17:00:00+05:30,29.9,20
2025-03-22 18:00:00+05:30,28.8,21
2025-03-22 19:00:00+05:30,27.4,26
2025-03-22 20:00:00+05:30,25.5,34
2025-03-22 21:00:00+05:30,24.2,39
2025-03-22 22:00:00+05:30,23.2,41
2025-03-22 23:00:00+05:30,22.2,45
2025-03-23 00:00:00+05:30,21.2,49
2025-03-23 01:00:00+05:30,20.3,51
2025-03-23 02:00:00+05:30,19.6,55
2025-03-23 03:00:00+05:30,19.5,55
2025-03-23 04:00:00+05:30,19.1,55
2025-03-23 05:00:00+05:30,18.9,54
2025-03-23 06:00:00+05:30,18.9,62
2025-03-23 07:00:00+05:30,20.5,55
2025-03-23 08:00:00+05:30,23.6,45
2025-03-23 09:00:00+05:30,27.0,33
2025-03-23 10:00:00+05:30,29.4,24
2025-03-23 11:00:00+05:30,30.8,21
2025-03-23 12:00:00+05:30,31.8,20
2025-03-23 13:00:00+05:30,32.6,18
2025-03-23 14:00:00+05:30,33.1,17
2025-03-23 15:00:00+05:30,33.2,17
2025-03-23 16:00:00+05:30,32.8,16
2025-03-23 17:00:00+05:30,31.8,15
2025-03-23 18:00:00+05:30,30.2,18
2025-03-23 19:00:00+05:30,28.6,24
2025-03-23 20:00:00+05:30,27.1,29
2025-03-23 21:00:00+05:30,25.5,34
2025-03-23 22:00:00+05:30,24.3,38
2025-03-23 23:00:00+05:30,23.4,42
2025-03-24 00:00:00+05:30,23.0,43
2025-03-24 01:00:00+05:30,22.1,45
2025-03-24 02:00:00+05:30,21.5,48
2025-03-24 03:00:00+05:30,21.0,48
2025-03-24 04:00:00+05:30,20.8,48
2025-03-24 05:00:00+05:30,20.6,49
2025-03-24 06:00:00+05:30,19.4,60
2025-03-24 07:00:00+05:30,20.9,55
2025-03-24 08:00:00+05:30,23.8,45
2025-03-24 09:00:00+05:30,27.3,34
2025-03-24 10:00:00+05:30,30.2,26
2025-03-24 11:00:00+05:30,31.8,21
2025-03-24 12:00:00+05:30,32.9,18
2025-03-24 13:00:00+05:30,33.7,17
2025-03-24 14:00:00+05:30,34.2,16
2025-03-24 15:00:00+05:30,34.4,16
2025-03-24 16:00:00+05:30,34.1,16
2025-03-24 17:00:00+05:30,33.1,17
2025-03-24 18:00:00+05:30,31.4,20
2025-03-24 19:00:00+05:30,29.6,26
2025-03-24 20:00:00+05:30,27.9,30
2025-03-24 21:00:00+05:30,26.9,33
2025-03-24 22:00:00+05:30,25.8,37
2025-03-24 23:00:00+05:30,24.9,40
2025-03-25 00:00:00+05:30,24.0,43
2025-03-25 01:00:00+05:30,23.3,46
2025-03-25 02:00:00+05:30,22.4,50
2025-03-25 03:00:00+05:30,21.9,53
2025-03-25 04:00:00+05:30,21.0,56
2025-03-25 05:00:00+05:30,20.6,57
2025-03-25 06:00:00+05:30,20.6,59
2025-03-25 07:00:00+05:30,21.9,53
2025-03-25 08:00:00+05:30,24.8,43
2025-03-25 09:00:00+05:30,28.5,32
2025-03-25 10:00:00+05:30,31.7,23
2025-03-25 11:00:00+05:30,33.7,18
2025-03-25 12:00:00+05:30,35.1,16
2025-03-25 13:00:00+05:30,36.1,15
2025-03-25 14:00:00+05:30,36.7,13
2025-03-25 15:00:00+05:30,36.7,13
2025-03-25 16:00:00+05:30,36.0,13
2025-03-25 17:00:00+05:30,34.7,15
2025-03-25 18:00:00+05:30,32.3,23
2025-03-25 19:00:00+05:30,30.8,27
2025-03-25 20:00:00+05:30,29.6,29
2025-03-25 21:00:00+05:30,28.3,36
2025-03-25 22:00:00+05:30,27.0,40
2025-03-25 23:00:00+05:30,25.6,43
2025-03-26 00:00:00+05:30,24.5,46
2025-03-26 01:00:00+05:30,24.0,47
2025-03-26 02:00:00+05:30,23.6,48
2025-03-26 03:00:00+05:30,23.0,49
2025-03-26 04:00:00+05:30,22.4,50
2025-03-26 05:00:00+05:30,22.2,51
2025-03-26 06:00:00+05:30,22.4,55
2025-03-26 07:00:00+05:30,23.9,49
2025-03-26 08:00:00+05:30,27.5,39
2025-03-26 09:00:00+05:30,31.3,28
2025-03-26 10:00:00+05:30,34.2,20
2025-03-26 11:00:00+05:30,36.0,15
2025-03-26 12:00:00+05:30,37.2,13
2025-03-26 13:00:00+05:30,38.0,11
2025-03-26 14:00:00+05:30,38.4,11
2025-03-26 15:00:00+05:30,38.4,10
2025-03-26 16:00:00+05:30,37.9,11
2025-03-26 17:00:00+05:30,36.5,12
2025-03-26 18:00:00+05:30,34.6,17
2025-03-26 19:00:00+05:30,33.0,17
2025-03-26 20:00:00+05:30,31.1,25
2025-03-26 21:00:00+05:30,29.1,31
2025-03-26 22:00:00+05:30,28.2,32
2025-03-26 23:00:00+05:30,27.1,36
2025-03-27 00:00:00+05:30,26.2,38
2025-03-27 01:00:00+05:30,25.8,39
2025-03-27 02:00:00+05:30,25.2,39
2025-03-27 03:00:00+05:30,25.2,49
2025-03-27 04:00:00+05:30,24.4,42
2025-03-27 05:00:00+05:30,23.9,43
2025-03-27 06:00:00+05:30,23.0,52
2025-03-27 07:00:00+05:30,25.0,42
2025-03-27 08:00:00+05:30,27.7,33
2025-03-27 09:00:00+05:30,31.0,25
2025-03-27 10:00:00+05:30,33.3,21
2025-03-27 11:00:00+05:30,34.9,19
2025-03-27 12:00:00+05:30,36.0,18
2025-03-27 13:00:00+05:30,36.6,17
2025-03-27 14:00:00+05:30,36.8,15
2025-03-27 15:00:00+05:30,36.3,15
2025-03-27 16:00:00+05:30,35.9,16
2025-03-27 17:00:00+05:30,35.2,17
2025-03-27 18:00:00+05:30,33.7,19
2025-03-27 19:00:00+05:30,32.1,22
2025-03-27 20:00:00+05:30,31.0,25
2025-03-27 21:00:00+05:30,29.6,28
2025-03-27 22:00:00+05:30,28.2,31
2025-03-27 23:00:00+05:30,27.4,35
2025-03-28 00:00:00+05:30,26.9,33
2025-03-28 01:00:00+05:30,26.4,34
2025-03-28 02:00:00+05:30,25.6,36
2025-03-28 03:00:00+05:30,24.9,38
2025-03-28 04:00:00+05:30,23.4,34
2025-03-28 05:00:00+05:30,22.4,33
2025-03-28 06:00:00+05:30,22.0,38
2025-03-28 07:00:00+05:30,22.9,34
2025-03-28 08:00:00+05:30,24.9,29
2025-03-28 09:00:00+05:30,27.2,24
2025-03-28 10:00:00+05:30,28.7,21
2025-03-28 11:00:00+05:30,30.3,18
2025-03-28 12:00:00+05:30,31.4,13
2025-03-28 13:00:00+05:30,31.9,12
2025-03-28 14:00:00+05:30,31.9,12
2025-03-28 15:00:00+05:30,31.3,12
2025-03-28 16:00:00+05:30,30.6,12
2025-03-28 17:00:00+05:30,29.5,13
2025-03-28 18:00:00+05:30,28.4,17
2025-03-28 19:00:00+05:30,27.0,21
2025-03-28 20:00:00+05:30,26.0,22
2025-03-28 21:00:00+05:30,24.6,21
2025-03-28 22:00:00+05:30,23.4,18
2025-03-28 23:00:00+05:30,22.5,17
2025-03-29 00:00:00+05:30,21.5,17
2025-03-29 01:00:00+05:30,20.5,17
2025-03-29 02:00:00+05:30,19.7,18
2025-03-29 03:00:00+05:30,19.0,21
2025-03-29 04:00:00+05:30,18.3,22
2025-03-29 05:00:00+05:30,17.8,23
2025-03-29 06:00:00+05:30,16.6,30
2025-03-29 07:00:00+05:30,17.3,30
2025-03-29 08:00:00+05:30,19.1,28
2025-03-29 09:00:00+05:30,21.7,24
2025-03-29 10:00:00+05:30,24.3,21
2025-03-29 11:00:00+05:30,26.3,17
2025-03-29 12:00:00+05:30,28.0,14
2025-03-29 13:00:00+05:30,29.2,14
2025-03-29 14:00:00+05:30,29.6,15
2025-03-29 15:00:00+05:30,29.6,18
2025-03-29 16:00:00+05:30,29.1,19
2025-03-29 17:00:00+05:30,28.1,19
2025-03-29 18:00:00+05:30,26.9,19
2025-03-29 19:00:00+05:30,26.2,21
2025-03-29 20:00:00+05:30,25.4,22
2025-03-29 21:00:00+05:30,24.6,21
2025-03-29 22:00:00+05:30,23.7,20
2025-03-29 23:00:00+05:30,23.1,20
2025-03-30 00:00:00+05:30,22.5,21
2025-03-30 01:00:00+05:30,21.6,22
2025-03-30 02:00:00+05:30,20.7,23
2025-03-30 03:00:00+05:30,19.9,24
2025-03-30 04:00:00+05:30,19.2,25
2025-03-30 05:00:00+05:30,18.7,26
2025-03-30 06:00:00+05:30,17.9,32
2025-03-30 07:00:00+05:30,19.0,30
2025-03-30 08:00:00+05:30,21.3,26
2025-03-30 09:00:00+05:30,24.4,22
2025-03-30 10:00:00+05:30,27.4,17
2025-03-30 11:00:00+05:30,29.5,13
2025-03-30 12:00:00+05:30,30.9,12
2025-03-30 13:00:00+05:30,31.8,12
2025-03-30 14:00:00+05:30,32.3,12
2025-03-30 15:00:00+05:30,32.3,12
2025-03-30 16:00:00+05:30,31.6,13
2025-03-30 17:00:00+05:30,30.5,15
2025-03-30 18:00:00+05:30,29.3,16
2025-03-30 19:00:00+05:30,28.0,19
2025-03-30 20:00:00+05:30,26.9,21
2025-03-30 21:00:00+05:30,26.0,21
2025-03-30 22:00:00+05:30,25.3,21
2025-03-30 23:00:00+05:30,24.3,22
2025-03-31 00:00:00+05:30,22.8,24
2025-03-31 01:00:00+05:30,22.0,25
2025-03-31 02:00:00+05:30,21.4,24
2025-03-31 03:00:00+05:30,20.7,24
2025-03-31 04:00:00+05:30,19.8,25
2025-03-31 05:00:00+05:30,19.0,27
2025-03-31 06:00:00+05:30,18.4,34
2025-03-31 07:00:00+05:30,19.9,32
2025-03-31 08:00:00+05:30,22.7,28
2025-03-31 09:00:00+05:30,26.3,23
2025-03-31 10:00:00+05:30,29.5,18
2025-03-31 11:00:00+05:30,31.8,14
2025-03-31 12:00:00+05:30,33.4,11
2025-03-31 13:00:00+05:30,34.2,10
2025-03-31 14:00:00+05:30,34.5,10
2025-03-31 15:00:00+05:30,34.4,9
2025-03-31 16:00:00+05:30,33.7,10
2025-03-31 17:00:00+05:30,32.6,11
2025-03-31 18:00:00+05:30,31.3,12
2025-03-31 19:00:00+05:30,29.6,15
2025-03-31 20:00:00+05:30,28.4,19
2025-03-31 21:00:00+05:30,27.6,19
2025-03-31 22:00:00+05:30,26.9,17
2025-03-31 23:00:00+05:30,25.2,19
2025-04-01 00:00:00+05:30,24.0,21
2025-04-01 01:00:00+05:30,23.2,23
2025-04-01 02:00:00+05:30,22.5,23
2025-04-01 03:00:00+05:30,21.8,22
2025-04-01 04:00:00+05:30,21.1,23
2025-04-01 05:00:00+05:30,20.2,25
2025-04-01 06:00:00+05:30,19.6,34
2025-04-01 07:00:00+05:30,21.3,31
2025-04-01 08:00:00+05:30,24.2,26
2025-04-01 09:00:00+05:30,27.6,21
2025-04-01 10:00:00+05:30,30.5,15
2025-04-01 11:00:00+05:30,32.4,10
2025-04-01 12:00:00+05:30,33.3,10
2025-04-01 13:00:00+05:30,33.8,10
2025-04-01 14:00:00+05:30,34.1,9
2025-04-01 15:00:00+05:30,33.8,10
2025-04-01 16:00:00+05:30,33.3,10
2025-04-01 17:00:00+05:30,32.3,11
2025-04-01 18:00:00+05:30,31.0,13
2025-04-01 19:00:00+05:30,29.6,15
2025-04-01 20:00:00+05:30,28.2,17
2025-04-01 21:00:00+05:30,27.0,18
2025-04-01 22:00:00+05:30,26.3,19
2025-04-01 23:00:00+05:30,25.5,21
2025-04-02 00:00:00+05:30,24.0,23
2025-04-02 01:00:00+05:30,23.3,23
2025-04-02 02:00:00+05:30,22.3,24
2025-04-02 03:00:00+05:30,21.3,27
2025-04-02 04:00:00+05:30,21.1,29
2025-04-02 05:00:00+05:30,20.5,30
2025-04-02 06:00:00+05:30,19.4,35
2025-04-02 07:00:00+05:30,21.5,30
2025-04-02 08:00:00+05:30,25.2,25
2025-04-02 09:00:00+05:30,29.0,18
2025-04-02 10:00:00+05:30,31.9,13
2025-04-02 11:00:00+05:30,33.8,11
2025-04-02 12:00:00+05:30,35.0,10
2025-04-02 13:00:00+05:30,35.7,9
2025-04-02 14:00:00+05:30,36.0,9
2025-04-02 15:00:00+05:30,35.8,9
2025-04-02 16:00:00+05:30,35.2,10
2025-04-02 17:00:00+05:30,34.2,11
2025-04-02 18:00:00+05:30,32.5,12
2025-04-02 19:00:00+05:30,31.1,14
2025-04-02 20:00:00+05:30,29.9,19
2025-04-02 21:00:00+05:30,28.7,19
2025-04-02 22:00:00+05:30,27.6,29
2025-04-02 23:00:00+05:30,26.3,21
2025-04-03 00:00:00+05:30,25.3,23
2025-04-03 01:00:00+05:30,24.8,25
2025-04-03 02:00:00+05:30,23.6,27
2025-04-03 03:00:00+05:30,22.5,30
2025-04-03 04:00:00+05:30,22.1,31
2025-04-03 05:00:00+05:30,21.3,34
2025-04-03 06:00:00+05:30,20.0,41
2025-04-03 07:00:00+05:30,22.5,35
2025-04-03 08:00:00+05:30,26.3,27
2025-04-03 09:00:00+05:30,30.6,19
2025-04-03 10:00:00+05:30,33.7,13
2025-04-03 11:00:00+05:30,35.5,10
2025-04-03 12:00:00+05:30,36.6,8
2025-04-03 13:00:00+05:30,37.2,7
2025-04-03 14:00:00+05:30,37.8,6
2025-04-03 15:00:00+05:30,38.0,6
2025-04-03 16:00:00+05:30,36.9,6
2025-04-03 17:00:00+05:30,35.4,8
2025-04-03 18:00:00+05:30,34.1,9
2025-04-03 19:00:00+05:30,32.2,10
2025-04-03 20:00:00+05:30,30.6,12
2025-04-03 21:00:00+05:30,28.4,17
2025-04-03 22:00:00+05:30,27.3,21
2025-04-03 23:00:00+05:30,26.4,22
2025-04-04 00:00:00+05:30,26.2,20
2025-04-04 01:00:00+05:30,25.3,24
2025-04-04 02:00:00+05:30,23.9,25
2025-04-04 03:00:00+05:30,23.6,27
2025-04-04 04:00:00+05:30,22.6,27
2025-04-04 05:00:00+05:30,22.6,26
2025-04-04 06:00:00+05:30,23.5,31
2025-04-04 07:00:00+05:30,25.5,26
2025-04-04 08:00:00+05:30,28.5,22
2025-04-04 09:00:00+05:30,32.3,16
2025-04-04 10:00:00+05:30,34.7,12
2025-04-04 11:00:00+05:30,36.1,10
2025-04-04 12:00:00+05:30,36.8,10
2025-04-04 13:00:00+05:30,37.3,9
2025-04-04 14:00:00+05:30,37.4,9
2025-04-04 15:00:00+05:30,37.0,9
2025-04-04 16:00:00+05:30,36.2,10
2025-04-04 17:00:00+05:30,35.6,11
2025-04-04 18:00:00+05:30,34.2,12
2025-04-04 19:00:00+05:30,32.5,14
2025-04-04 20:00:00+05:30,31.4,15
2025-04-04 21:00:00+05:30,30.3,17
2025-04-04 22:00:00+05:30,29.1,18
2025-04-04 23:00:00+05:30,27.9,20
2025-04-05 00:00:00+05:30,26.6,21
2025-04-05 01:00:00+05:30,25.6,22
2025-04-05 02:00:00+05:30,24.7,24
2025-04-05 03:00:00+05:30,24.0,25
2025-04-05 04:00:00+05:30,23.6,26
2025-04-05 05:00:00+05:30,23.0,26
2025-04-05 06:00:00+05:30,22.8,31
2025-04-05 07:00:00+05:30,24.1,29
2025-04-05 08:00:00+05:30,26.5,26
2025-04-05 09:00:00+05:30,29.3,23
2025-04-05 10:00:00+05:30,31.8,19
2025-04-05 11:00:00+05:30,33.5,16
2025-04-05 12:00:00+05:30,34.6,15
2025-04-05 13:00:00+05:30,35.3,14
2025-04-05 14:00:00+05:30,35.8,13
2025-04-05 15:00:00+05:30,35.7,13
2025-04-05 16:00:00+05:30,35.1,14
2025-04-05 17:00:00+05:30,34.3,15
2025-04-05 18:00:00+05:30,33.3,15
2025-04-05 19:00:00+05:30,32.0,17
2025-04-05 20:00:00+05:30,30.9,19
2025-04-05 21:00:00+05:30,29.8,20
2025-04-05 22:00:00+05:30,29.3,21
2025-04-05 23:00:00+05:30,28.0,23
2025-04-06 00:00:00+05:30,26.6,25
2025-04-06 01:00:00+05:30,25.3,26
2025-04-06 02:00:00+05:30,24.8,26
2025-04-06 03:00:00+05:30,24.4,25
2025-04-06 04:00:00+05:30,24.3,26
2025-04-06 05:00:00+05:30,23.4,28
2025-04-06 06:00:00+05:30,23.0,32
2025-04-06 07:00:00+05:30,24.4,30
2025-04-06 08:00:00+05:30,27.2,26
2025-04-06 09:00:00+05:30,30.9,21
2025-04-06 10:00:00+05:30,33.8,17
2025-04-06 11:00:00+05:30,35.7,14
2025-04-06 12:00:00+05:30,37.0,12
2025-04-06 13:00:00+05:30,37.9,11
2025-04-06 14:00:00+05:30,38.4,11
2025-04-06 15:00:00+05:30,38.3,11
2025-04-06 16:00:00+05:30,37.8,12
2025-04-06 17:00:00+05:30,36.9,13
2025-04-06 18:00:00+05:30,35.5,14
2025-04-06 19:00:00+05:30,33.7,16
2025-04-06 20:00:00+05:30,32.5,21
2025-04-06 21:00:00+05:30,31.9,31
2025-04-06 22:00:00+05:30,30.7,32
2025-04-06 23:00:00+05:30,29.2,23
2025-04-07 00:00:00+05:30,27.5,29
2025-04-07 01:00:00+05:30,27.0,35
2025-04-07 02:00:00+05:30,26.1,36
2025-04-07 03:00:00+05:30,25.3,35
2025-04-07 04:00:00+05:30,24.8,35
2025-04-07 05:00:00+05:30,24.4,35
2025-04-07 06:00:00+05:30,23.8,45
2025-04-07 07:00:00+05:30,25.3,41
2025-04-07 08:00:00+05:30,28.3,35
2025-04-07 09:00:00+05:30,32.0,29
2025-04-07 10:00:00+05:30,35.1,22
2025-04-07 11:00:00+05:30,37.1,17
2025-04-07 12:00:00+05:30,38.4,15
2025-04-07 13:00:00+05:30,39.0,14
2025-04-07 14:00:00+05:30,39.4,13
2025-04-07 15:00:00+05:30,39.6,13
2025-04-07 16:00:00+05:30,39.6,13
2025-04-07 17:00:00+05:30,38.8,14
2025-04-07 18:00:00+05:30,36.7,16
2025-04-07 19:00:00+05:30,34.9,18
2025-04-07 20:00:00+05:30,33.8,19
2025-04-07 21:00:00+05:30,32.2,23
2025-04-07 22:00:00+05:30,31.0,26
2025-04-07 23:00:00+05:30,30.0,28
2025-04-08 00:00:00+05:30,28.6,31
2025-04-08 01:00:00+05:30,27.7,34
2025-04-08 02:00:00+05:30,26.8,35
2025-04-08 03:00:00+05:30,26.0,35
2025-04-08 04:00:00+05:30,25.6,34
2025-04-08 05:00:00+05:30,25.1,34
2025-04-08 06:00:00+05:30,25.1,36
2025-04-08 07:00:00+05:30,26.4,34
2025-04-08 08:00:00+05:30,29.0,29
2025-04-08 09:00:00+05:30,32.0,24
2025-04-08 10:00:00+05:30,34.8,20
2025-04-08 11:00:00+05:30,37.0,17
2025-04-08 12:00:00+05:30,38.5,15
2025-04-08 13:00:00+05:30,39.4,14
2025-04-08 14:00:00+05:30,39.8,13
2025-04-08 15:00:00+05:30,39.8,13
2025-04-08 16:00:00+05:30,39.5,13
2025-04-08 17:00:00+05:30,38.9,13
2025-04-08 18:00:00+05:30,36.4,20
2025-04-08 19:00:00+05:30,35.6,17
2025-04-08 20:00:00+05:30,33.3,26
2025-04-08 21:00:00+05:30,32.8,34
2025-04-08 22:00:00+05:30,30.9,28
2025-04-08 23:00:00+05:30,29.7,30
2025-04-09 00:00:00+05:30,29.0,30
2025-04-09 01:00:00+05:30,28.0,33
2025-04-09 02:00:00+05:30,27.2,36
2025-04-09 03:00:00+05:30,26.7,35
2025-04-09 04:00:00+05:30,25.9,37
2025-04-09 05:00:00+05:30,25.4,38
2025-04-09 06:00:00+05:30,26.4,50
2025-04-09 07:00:00+05:30,27.7,47
2025-04-09 08:00:00+05:30,30.0,40
2025-04-09 09:00:00+05:30,32.7,34
2025-04-09 10:00:00+05:30,35.2,29
2025-04-09 11:00:00+05:30,37.3,24
2025-04-09 12:00:00+05:30,38.9,19
2025-04-09 13:00:00+05:30,39.7,17
2025-04-09 14:00:00+05:30,40.2,16
2025-04-09 15:00:00+05:30,40.4,16
2025-04-09 16:00:00+05:30,39.3,16
2025-04-09 17:00:00+05:30,37.1,20
2025-04-09 18:00:00+05:30,37.5,16
2025-04-09 19:00:00+05:30,34.9,23
2025-04-09 20:00:00+05:30,33.4,36
2025-04-09 21:00:00+05:30,32.5,37
2025-04-09 22:00:00+05:30,31.7,38
2025-04-09 23:00:00+05:30,30.7,31
2025-04-10 00:00:00+05:30,28.8,44
2025-04-10 01:00:00+05:30,28.5,45
2025-04-10 02:00:00+05:30,28.0,48
2025-04-10 03:00:00+05:30,26.9,46
2025-04-10 04:00:00+05:30,26.8,49
2025-04-10 05:00:00+05:30,25.6,49
2025-04-10 06:00:00+05:30,26.1,50
2025-04-10 07:00:00+05:30,26.9,49
2025-04-10 08:00:00+05:30,28.1,47
2025-04-10 09:00:00+05:30,30.6,41
2025-04-10 10:00:00+05:30,33.8,33
2025-04-10 11:00:00+05:30,36.4,25
2025-04-10 12:00:00+05:30,38.0,21
2025-04-10 13:00:00+05:30,39.2,18
2025-04-10 14:00:00+05:30,37.4,18
2025-04-10 15:00:00+05:30,37.5,17
2025-04-10 16:00:00+05:30,28.4,52
2025-04-10 17:00:00+05:30,30.0,42
2025-04-10 18:00:00+05:30,34.4,23
2025-04-10 19:00:00+05:30,33.3,34
2025-04-10 20:00:00+05:30,32.3,30
2025-04-10 21:00:00+05:30,31.6,27
2025-04-10 22:00:00+05:30,29.9,37
2025-04-10 23:00:00+05:30,28.5,48
2025-04-11 00:00:00+05:30,27.7,51
2025-04-11 01:00:00+05:30,27.2,53
2025-04-11 02:00:00+05:30,26.6,55
2025-04-11 03:00:00+05:30,26.1,58
2025-04-11 04:00:00+05:30,25.6,62
2025-04-11 05:00:00+05:30,25.0,65
2025-04-11 06:00:00+05:30,23.3,75
2025-04-11 07:00:00+05:30,23.9,73
2025-04-11 08:00:00+05:30,25.3,66
2025-04-11 09:00:00+05:30,27.3,58
2025-04-11 10:00:00+05:30,29.3,50
2025-04-11 11:00:00+05:30,31.3,43
2025-04-11 12:00:00+05:30,33.0,38
2025-04-11 13:00:00+05:30,34.3,34
2025-04-11 14:00:00+05:30,31.4,37
2025-04-11 15:00:00+05:30,26.2,56
2025-04-11 16:00:00+05:30,28.0,53
2025-04-11 17:00:00+05:30,27.5,55
2025-04-11 18:00:00+05:30,23.0,79
2025-04-11 19:00:00+05:30,23.0,82
2025-04-11 20:00:00+05:30,22.7,87
2025-04-11 21:00:00+05:30,22.7,83
2025-04-11 22:00:00+05:30,22.6,84
2025-04-11 23:00:00+05:30,22.9,76
2025-04-12 00:00:00+05:30,22.8,75
2025-04-12 01:00:00+05:30,22.4,77
2025-04-12 02:00:00+05:30,21.5,83
2025-04-12 03:00:00+05:30,21.0,86
2025-04-12 04:00:00+05:30,20.6,88
2025-04-12 05:00:00+05:30,20.3,89
2025-04-12 06:00:00+05:30,21.2,76
2025-04-12 07:00:00+05:30,22.5,71
2025-04-12 08:00:00+05:30,24.6,62
2025-04-12 09:00:00+05:30,26.9,54
2025-04-12 10:00:00+05:30,29.3,45
2025-04-12 11:00:00+05:30,31.4,36
2025-04-12 12:00:00+05:30,32.9,29
2025-04-12 13:00:00+05:30,33.9,26
2025-04-12 14:00:00+05:30,33.7,25
2025-04-12 15:00:00+05:30,32.7,28
2025-04-12 16:00:00+05:30,31.0,36
2025-04-12 17:00:00+05:30,30.2,38
2025-04-12 18:00:00+05:30,28.9,34
2025-04-12 19:00:00+05:30,28.0,40
2025-04-12 20:00:00+05:30,27.3,41
2025-04-12 21:00:00+05:30,26.3,46
2025-04-12 22:00:00+05:30,25.5,50
2025-04-12 23:00:00+05:30,24.8,52
2025-04-13 00:00:00+05:30,23.9,56
2025-04-13 01:00:00+05:30,22.8,64
2025-04-13 02:00:00+05:30,22.4,68
2025-04-13 03:00:00+05:30,21.8,70
2025-04-13 04:00:00+05:30,21.5,72
2025-04-13 05:00:00+05:30,21.2,73
2025-04-13 06:00:00+05:30,22.3,73
2025-04-13 07:00:00+05:30,24.1,62
2025-04-13 08:00:00+05:30,27.2,51
2025-04-13 09:00:00+05:30,29.9,40
2025-04-13 10:00:00+05:30,31.9,32
2025-04-13 11:00:00+05:30,33.3,27
2025-04-13 12:00:00+05:30,34.3,24
2025-04-13 13:00:00+05:30,35.1,22
2025-04-13 14:00:00+05:30,35.7,21
2025-04-13 15:00:00+05:30,35.9,21
2025-04-13 16:00:00+05:30,35.5,21
2025-04-13 17:00:00+05:30,34.6,22
2025-04-13 18:00:00+05:30,33.1,27
2025-04-13 19:00:00+05:30,31.5,32
2025-04-13 20:00:00+05:30,30.1,35
2025-04-13 21:00:00+05:30,28.7,41
2025-04-13 22:00:00+05:30,27.7,46
2025-04-13 23:00:00+05:30,26.8,48
2025-04-14 00:00:00+05:30,25.9,53
2025-04-14 01:00:00+05:30,25.1,55
2025-04-14 02:00:00+05:30,24.5,57
2025-04-14 03:00:00+05:30,23.7,58
2025-04-14 04:00:00+05:30,23.1,59
2025-04-14 05:00:00+05:30,22.6,62
2025-04-14 06:00:00+05:30,23.3,59
2025-04-14 07:00:00+05:30,24.4,57
2025-04-14 08:00:00+05:30,26.4,50
2025-04-14 09:00:00+05:30,28.6,44
2025-04-14 10:00:00+05:30,30.8,39
2025-04-14 11:00:00+05:30,32.8,33
2025-04-14 12:00:00+05:30,34.2,29
2025-04-14 13:00:00+05:30,35.1,26
2025-04-14 14:00:00+05:30,35.6,25
2025-04-14 15:00:00+05:30,35.8,24
2025-04-14 16:00:00+05:30,35.4,24
2025-04-14 17:00:00+05:30,34.4,25
2025-04-14 18:00:00+05:30,33.8,28
2025-04-14 19:00:00+05:30,32.2,32
2025-04-14 20:00:00+05:30,30.8,37
2025-04-14 21:00:00+05:30,29.6,41
2025-04-14 22:00:00+05:30,28.8,43
2025-04-14 23:00:00+05:30,28.1,43
2025-04-15 00:00:00+05:30,27.4,44
2025-04-15 01:00:00+05:30,26.8,44
2025-04-15 02:00:00+05:30,26.1,46
2025-04-15 03:00:00+05:30,25.5,47
2025-04-15 04:00:00+05:30,24.8,50
2025-04-15 05:00:00+05:30,24.3,52
2025-04-15 06:00:00+05:30,24.9,55
2025-04-15 07:00:00+05:30,26.5,51
2025-04-15 08:00:00+05:30,28.9,44
2025-04-15 09:00:00+05:30,31.3,39
2025-04-15 10:00:00+05:30,33.3,34
2025-04-15 11:00:00+05:30,34.8,28
2025-04-15 12:00:00+05:30,35.6,26
2025-04-15 13:00:00+05:30,36.3,25
2025-04-15 14:00:00+05:30,36.4,25
2025-04-15 15:00:00+05:30,36.7,24
2025-04-15 16:00:00+05:30,36.3,25
2025-04-15 17:00:00+05:30,35.6,26
2025-04-15 18:00:00+05:30,34.4,27
2025-04-15 19:00:00+05:30,33.3,29
2025-04-15 20:00:00+05:30,31.5,36
2025-04-15 21:00:00+05:30,30.5,38
2025-04-15 22:00:00+05:30,30.3,37
2025-04-15 23:00:00+05:30,29.9,37
2025-04-16 00:00:00+05:30,28.6,41
2025-04-16 01:00:00+05:30,27.4,46
2025-04-16 02:00:00+05:30,26.8,48
2025-04-16 03:00:00+05:30,26.4,49
2025-04-16 04:00:00+05:30,25.8,51
2025-04-16 05:00:00+05:30,25.4,52
2025-04-16 06:00:00+05:30,26.4,54
2025-04-16 07:00:00+05:30,27.7,50
2025-04-16 08:00:00+05:30,30.0,43
2025-04-16 09:00:00+05:30,32.3,36
2025-04-16 10:00:00+05:30,34.3,30
2025-04-16 11:00:00+05:30,35.7,26
2025-04-16 12:00:00+05:30,36.7,25
2025-04-16 13:00:00+05:30,37.7,23
2025-04-16 14:00:00+05:30,38.0,22
2025-04-16 15:00:00+05:30,38.3,22
2025-04-16 16:00:00+05:30,38.0,22
2025-04-16 17:00:00+05:30,37.1,23
2025-04-16 18:00:00+05:30,35.8,24
2025-04-16 19:00:00+05:30,34.3,29
2025-04-16 20:00:00+05:30,33.1,32
2025-04-16 21:00:00+05:30,32.3,33
2025-04-16 22:00:00+05:30,31.4,35
2025-04-16 23:00:00+05:30,30.4,38
2025-04-17 00:00:00+05:30,29.2,42
2025-04-17 01:00:00+05:30,28.3,44
2025-04-17 02:00:00+05:30,27.5,46
2025-04-17 03:00:00+05:30,26.8,47
2025-04-17 04:00:00+05:30,26.2,49
2025-04-17 05:00:00+05:30,25.7,51
2025-04-17 06:00:00+05:30,25.5,60
2025-04-17 07:00:00+05:30,26.9,56
2025-04-17 08:00:00+05:30,29.8,46
2025-04-17 09:00:00+05:30,32.8,37
2025-04-17 10:00:00+05:30,35.5,29
2025-04-17 11:00:00+05:30,37.5,23
2025-04-17 12:00:00+05:30,39.1,19
2025-04-17 13:00:00+05:30,40.3,17
2025-04-17 14:00:00+05:30,40.4,16
2025-04-17 15:00:00+05:30,40.5,15
2025-04-17 16:00:00+05:30,39.5,15
2025-04-17 17:00:00+05:30,38.7,16
2025-04-17 18:00:00+05:30,35.9,29
2025-04-17 19:00:00+05:30,34.7,33
2025-04-17 20:00:00+05:30,33.0,37
2025-04-17 21:00:00+05:30,31.2,45
2025-04-17 22:00:00+05:30,30.4,46
2025-04-17 23:00:00+05:30,29.6,46
2025-04-18 00:00:00+05:30,28.6,49
2025-04-18 01:00:00+05:30,27.7,52
2025-04-18 02:00:00+05:30,27.1,53
2025-04-18 03:00:00+05:30,26.3,56
2025-04-18 04:00:00+05:30,25.6,59
2025-04-18 05:00:00+05:30,25.1,62
2025-04-18 06:00:00+05:30,26.2,66
2025-04-18 07:00:00+05:30,27.3,63
2025-04-18 08:00:00+05:30,29.3,57
2025-04-18 09:00:00+05:30,31.8,50
2025-04-18 10:00:00+05:30,34.3,42
2025-04-18 11:00:00+05:30,36.4,34
2025-04-18 12:00:00+05:30,38.1,28
2025-04-18 13:00:00+05:30,39.4,25
2025-04-18 14:00:00+05:30,40.0,22
2025-04-18 15:00:00+05:30,40.6,20
2025-04-18 16:00:00+05:30,40.6,19
2025-04-18 17:00:00+05:30,39.4,21
2025-04-18 18:00:00+05:30,35.8,33
2025-04-18 19:00:00+05:30,32.4,42
2025-04-18 20:00:00+05:30,32.1,44
2025-04-18 21:00:00+05:30,31.6,45
2025-04-18 22:00:00+05:30,30.7,48
2025-04-18 23:00:00+05:30,29.9,50
2025-04-19 00:00:00+05:30,29.5,51
2025-04-19 01:00:00+05:30,29.1,52
2025-04-19 02:00:00+05:30,28.9,51
2025-04-19 03:00:00+05:30,28.5,53
2025-04-19 04:00:00+05:30,28.0,56
2025-04-19 05:00:00+05:30,27.6,60
2025-04-19 06:00:00+05:30,27.1,66
2025-04-19 07:00:00+05:30,28.1,64
2025-04-19 08:00:00+05:30,29.8,58
2025-04-19 09:00:00+05:30,31.8,52
2025-04-19 10:00:00+05:30,34.0,45
2025-04-19 11:00:00+05:30,36.0,37
2025-04-19 12:00:00+05:30,37.8,28
2025-04-19 13:00:00+05:30,38.9,22
2025-04-19 14:00:00+05:30,39.6,18
2025-04-19 15:00:00+05:30,39.7,15
2025-04-19 16:00:00+05:30,38.0,19
2025-04-19 17:00:00+05:30,34.3,36
2025-04-19 18:00:00+05:30,33.1,36
2025-04-19 19:00:00+05:30,31.6,42
2025-04-19 20:00:00+05:30,30.8,44
2025-04-19 21:00:00+05:30,30.1,46
2025-04-19 22:00:00+05:30,29.7,49
2025-04-19 23:00:00+05:30,29.2,52
2025-04-20 00:00:00+05:30,28.7,53
2025-04-20 01:00:00+05:30,28.3,54
2025-04-20 02:00:00+05:30,27.9,55
2025-04-20 03:00:00+05:30,27.4,57
2025-04-20 04:00:00+05:30,27.1,59
2025-04-20 05:00:00+05:30,26.8,61
2025-04-20 06:00:00+05:30,27.2,67
2025-04-20 07:00:00+05:30,28.3,62
2025-04-20 08:00:00+05:30,30.4,55
2025-04-20 09:00:00+05:30,33.0,45
2025-04-20 10:00:00+05:30,35.4,36
2025-04-20 11:00:00+05:30,37.5,27
2025-04-20 12:00:00+05:30,37.4,24
2025-04-20 13:00:00+05:30,38.2,22
2025-04-20 14:00:00+05:30,37.7,23
2025-04-20 15:00:00+05:30,36.0,29
2025-04-20 16:00:00+05:30,35.3,29
2025-04-20 17:00:00+05:30,36.1,29
2025-04-20 18:00:00+05:30,37.7,15
2025-04-20 19:00:00+05:30,35.0,24
2025-04-20 20:00:00+05:30,33.1,32
2025-04-20 21:00:00+05:30,32.0,37
2025-04-20 22:00:00+05:30,31.1,39
2025-04-20 23:00:00+05:30,30.0,41
2025-04-21 00:00:00+05:30,28.7,47
2025-04-21 01:00:00+05:30,28.0,47
2025-04-21 02:00:00+05:30,27.1,51
2025-04-21 03:00:00+05:30,26.7,52
2025-04-21 04:00:00+05:30,26.2,54
2025-04-21 05:00:00+05:30,25.2,59
2025-04-21 06:00:00+05:30,27.7,61
2025-04-21 07:00:00+05:30,29.4,56
2025-04-21 08:00:00+05:30,31.4,49
2025-04-21 09:00:00+05:30,33.7,40
2025-04-21 10:00:00+05:30,36.1,31
2025-04-21 11:00:00+05:30,38.4,20
2025-04-21 12:00:00+05:30,39.9,11
2025-04-21 13:00:00+05:30,40.5,9
2025-04-21 14:00:00+05:30,40.5,8
2025-04-21 15:00:00+05:30,40.4,7
2025-04-21 16:00:00+05:30,40.0,6
2025-04-21 17:00:00+05:30,39.1,6
2025-04-21 18:00:00+05:30,37.7,7
2025-04-21 19:00:00+05:30,37.5,5
2025-04-21 20:00:00+05:30,35.9,6
2025-04-21 21:00:00+05:30,34.1,10
2025-04-21 22:00:00+05:30,32.6,11
2025-04-21 23:00:00+05:30,31.3,11
2025-04-22 00:00:00+05:30,29.9,12
2025-04-22 01:00:00+05:30,28.7,12
2025-04-22 02:00:00+05:30,27.5,13
2025-04-22 03:00:00+05:30,26.5,13
2025-04-22 04:00:00+05:30,25.4,15
2025-04-22 05:00:00+05:30,24.8,16
2025-04-22 06:00:00+05:30,26.2,19
2025-04-22 07:00:00+05:30,27.8,18
2025-04-22 08:00:00+05:30,30.7,15
2025-04-22 09:00:00+05:30,34.0,12
2025-04-22 10:00:00+05:30,36.6,11
2025-04-22 11:00:00+05:30,38.4,6
2025-04-22 12:00:00+05:30,39.2,6
2025-04-22 13:00:00+05:30,39.7,6
2025-04-22 14:00:00+05:30,39.9,6
2025-04-22 15:00:00+05:30,39.5,7
2025-04-22 16:00:00+05:30,38.8,7
2025-04-22 17:00:00+05:30,37.7,7
2025-04-22 18:00:00+05:30,36.8,7
2025-04-22 19:00:00+05:30,35.0,8
2025-04-22 20:00:00+05:30,33.9,9
2025-04-22 21:00:00+05:30,33.0,10
2025-04-22 22:00:00+05:30,32.0,10
2025-04-22 23:00:00+05:30,30.5,10
2025-04-23 00:00:00+05:30,28.8,11
2025-04-23 01:00:00+05:30,27.7,13
2025-04-23 02:00:00+05:30,26.5,15
2025-04-23 03:00:00+05:30,25.5,17
2025-04-23 04:00:00+05:30,24.9,18
2025-04-23 05:00:00+05:30,24.2,20
2025-04-23 06:00:00+05:30,25.4,25
2025-04-23 07:00:00+05:30,27.8,21
2025-04-23 08:00:00+05:30,30.7,19
2025-04-23 09:00:00+05:30,33.6,17
2025-04-23 10:00:00+05:30,36.2,14
2025-04-23 11:00:00+05:30,38.0,8
2025-04-23 12:00:00+05:30,38.9,7
2025-04-23 13:00:00+05:30,39.3,7
2025-04-23 14:00:00+05:30,39.5,7
2025-04-23 15:00:00+05:30,39.2,7
2025-04-23 16:00:00+05:30,38.7,7
2025-04-23 17:00:00+05:30,37.9,7
2025-04-23 18:00:00+05:30,36.9,8
2025-04-23 19:00:00+05:30,35.6,9
2025-04-23 20:00:00+05:30,34.1,10
2025-04-23 21:00:00+05:30,33.3,10
2025-04-23 22:00:00+05:30,31.8,12
2025-04-23 23:00:00+05:30,31.2,11
2025-04-24 00:00:00+05:30,28.5,17
2025-04-24 01:00:00+05:30,27.2,18
2025-04-24 02:00:00+05:30,26.7,20
2025-04-24 03:00:00+05:30,26.3,21
2025-04-24 04:00:00+05:30,25.5,20
2025-04-24 05:00:00+05:30,24.9,18
2025-04-24 06:00:00+05:30,25.4,21
2025-04-24 07:00:00+05:30,27.7,18
2025-04-24 08:00:00+05:30,30.8,16
2025-04-24 09:00:00+05:30,34.0,12
2025-04-24 10:00:00+05:30,37.0,10
2025-04-24 11:00:00+05:30,38.8,8
2025-04-24 12:00:00+05:30,40.0,6
2025-04-24 13:00:00+05:30,40.9,5
2025-04-24 14:00:00+05:30,41.0,5
2025-04-24 15:00:00+05:30,40.4,5
2025-04-24 16:00:00+05:30,39.6,6
2025-04-24 17:00:00+05:30,38.9,6
2025-04-24 18:00:00+05:30,37.9,7
2025-04-24 19:00:00+05:30,34.8,15
2025-04-24 20:00:00+05:30,34.4,25
2025-04-24 21:00:00+05:30,32.4,17
2025-04-24 22:00:00+05:30,31.3,17
2025-04-24 23:00:00+05:30,30.0,17
2025-04-25 00:00:00+05:30,29.6,18
2025-04-25 01:00:00+05:30,28.7,32
2025-04-25 02:00:00+05:30,26.9,31
2025-04-25 03:00:00+05:30,26.3,32
2025-04-25 04:00:00+05:30,24.9,32
2025-04-25 05:00:00+05:30,25.0,29
2025-04-25 06:00:00+05:30,26.3,29
2025-04-25 07:00:00+05:30,29.0,24
2025-04-25 08:00:00+05:30,32.1,18
2025-04-25 09:00:00+05:30,35.0,14
2025-04-25 10:00:00+05:30,37.3,11
2025-04-25 11:00:00+05:30,39.7,7
2025-04-25 12:00:00+05:30,40.7,6
2025-04-25 13:00:00+05:30,41.0,6
2025-04-25 14:00:00+05:30,40.8,6
2025-04-25 15:00:00+05:30,40.8,6
2025-04-25 16:00:00+05:30,40.5,6
2025-04-25 17:00:00+05:30,40.0,6
2025-04-25 18:00:00+05:30,37.7,9
2025-04-25 19:00:00+05:30,34.6,14
2025-04-25 20:00:00+05:30,33.1,22
2025-04-25 21:00:00+05:30,32.8,24
2025-04-25 22:00:00+05:30,31.8,24
2025-04-25 23:00:00+05:30,31.0,28
2025-04-26 00:00:00+05:30,30.1,18
2025-04-26 01:00:00+05:30,28.8,19
2025-04-26 02:00:00+05:30,27.9,24
2025-04-26 03:00:00+05:30,27.1,20
2025-04-26 04:00:00+05:30,26.1,23
2025-04-26 05:00:00+05:30,26.4,26
2025-04-26 06:00:00+05:30,27.0,34
2025-04-26 07:00:00+05:30,29.5,23
2025-04-26 08:00:00+05:30,33.1,20
2025-04-26 09:00:00+05:30,36.7,13
2025-04-26 10:00:00+05:30,39.1,8
2025-04-26 11:00:00+05:30,40.5,7
2025-04-26 12:00:00+05:30,41.6,6
2025-04-26 13:00:00+05:30,41.9,6
2025-04-26 14:00:00+05:30,40.9,8
2025-04-26 15:00:00+05:30,38.8,9
2025-04-26 16:00:00+05:30,39.0,9
2025-04-26 17:00:00+05:30,38.8,9
2025-04-26 18:00:00+05:30,37.6,10
2025-04-26 19:00:00+05:30,35.1,17
2025-04-26 20:00:00+05:30,34.7,22
2025-04-26 21:00:00+05:30,33.7,16
2025-04-26 22:00:00+05:30,33.5,14
2025-04-26 23:00:00+05:30,32.5,16
2025-04-27 00:00:00+05:30,32.1,17
2025-04-27 01:00:00+05:30,30.8,25
2025-04-27 02:00:00+05:30,30.1,21
2025-04-27 03:00:00+05:30,28.8,23
2025-04-27 04:00:00+05:30,28.2,22
2025-04-27 05:00:00+05:30,28.1,22
2025-04-27 06:00:00+05:30,29.2,28
2025-04-27 07:00:00+05:30,30.5,27
2025-04-27 08:00:00+05:30,32.9,22
2025-04-27 09:00:00+05:30,35.4,15
2025-04-27 10:00:00+05:30,37.7,12
2025-04-27 11:00:00+05:30,38.9,11
2025-04-27 12:00:00+05:30,40.1,9
2025-04-27 13:00:00+05:30,41.1,8
2025-04-27 14:00:00+05:30,41.2,8
2025-04-27 15:00:00+05:30,40.7,8
2025-04-27 16:00:00+05:30,39.9,7
2025-04-27 17:00:00+05:30,38.8,7
2025-04-27 18:00:00+05:30,37.5,8
2025-04-27 19:00:00+05:30,35.7,17
2025-04-27 20:00:00+05:30,34.1,19
2025-04-27 21:00:00+05:30,33.3,14
2025-04-27 22:00:00+05:30,31.8,17
2025-04-27 23:00:00+05:30,30.8,25
2025-04-28 00:00:00+05:30,29.4,28
2025-04-28 01:00:00+05:30,28.3,26
2025-04-28 02:00:00+05:30,28.2,28
2025-04-28 03:00:00+05:30,28.2,26
2025-04-28 04:00:00+05:30,26.6,31
2025-04-28 05:00:00+05:30,25.0,33
2025-04-28 06:00:00+05:30,26.8,33
2025-04-28 07:00:00+05:30,27.8,32
2025-04-28 08:00:00+05:30,30.1,28
2025-04-28 09:00:00+05:30,33.1,23
2025-04-28 10:00:00+05:30,35.6,19
2025-04-28 11:00:00+05:30,37.6,16
2025-04-28 12:00:00+05:30,39.3,14
2025-04-28 13:00:00+05:30,40.3,11
2025-04-28 14:00:00+05:30,40.8,9
2025-04-28 15:00:00+05:30,41.1,9
2025-04-28 16:00:00+05:30,38.7,12
2025-04-28 17:00:00+05:30,36.5,17
2025-04-28 18:00:00+05:30,34.4,20
2025-04-28 19:00:00+05:30,32.9,26
2025-04-28 20:00:00+05:30,31.7,30
2025-04-28 21:00:00+05:30,31.1,32
2025-04-28 22:00:00+05:30,30.1,34
2025-04-28 23:00:00+05:30,29.4,34
2025-04-29 00:00:00+05:30,28.6,34
2025-04-29 01:00:00+05:30,27.7,36
2025-04-29 02:00:00+05:30,27.1,37
2025-04-29 03:00:00+05:30,26.3,39
2025-04-29 04:00:00+05:30,25.5,43
2025-04-29 05:00:00+05:30,24.5,49
2025-04-29 06:00:00+05:30,24.8,62
2025-04-29 07:00:00+05:30,25.8,60
2025-04-29 08:00:00+05:30,27.5,53
2025-04-29 09:00:00+05:30,29.7,45
2025-04-29 10:00:00+05:30,32.0,38
2025-04-29 11:00:00+05:30,33.9,33
2025-04-29 12:00:00+05:30,35.4,29
2025-04-29 13:00:00+05:30,36.4,27
2025-04-29 14:00:00+05:30,37.2,25
2025-04-29 15:00:00+05:30,37.5,23
2025-04-29 16:00:00+05:30,37.5,20
2025-04-29 17:00:00+05:30,36.7,21
2025-04-29 18:00:00+05:30,35.0,26
2025-04-29 19:00:00+05:30,33.4,29
2025-04-29 20:00:00+05:30,32.3,31
2025-04-29 21:00:00+05:30,31.2,34
2025-04-29 22:00:00+05:30,30.1,39
2025-04-29 23:00:00+05:30,29.5,41
2025-04-30 00:00:00+05:30,28.8,43
2025-04-30 01:00:00+05:30,28.2,45
2025-04-30 02:00:00+05:30,27.6,46
2025-04-30 03:00:00+05:30,27.1,48
2025-04-30 04:00:00+05:30,26.5,50
2025-04-30 05:00:00+05:30,25.8,52
2025-04-30 06:00:00+05:30,26.3,57
2025-04-30 07:00:00+05:30,27.1,57
2025-04-30 08:00:00+05:30,28.9,52
2025-04-30 09:00:00+05:30,31.1,46
2025-04-30 10:00:00+05:30,33.1,39
2025-04-30 11:00:00+05:30,34.8,33
2025-04-30 12:00:00+05:30,35.9,28
2025-04-30 13:00:00+05:30,36.7,26
2025-04-30 14:00:00+05:30,37.1,24
2025-04-30 15:00:00+05:30,36.6,25
2025-04-30 16:00:00+05:30,35.3,26
2025-04-30 17:00:00+05:30,35.2,26
2025-04-30 18:00:00+05:30,34.3,26
2025-04-30 19:00:00+05:30,33.5,28
2025-04-30 20:00:00+05:30,32.6,29
2025-04-30 21:00:00+05:30,31.9,31
2025-04-30 22:00:00+05:30,30.7,37
2025-04-30 23:00:00+05:30,29.6,41
2025-05-01 00:00:00+05:30,28.5,44
2025-05-01 01:00:00+05:30,27.8,45
2025-05-01 02:00:00+05:30,27.3,47
2025-05-01 03:00:00+05:30,26.7,49
2025-05-01 04:00:00+05:30,26.2,51
2025-05-01 05:00:00+05:30,25.8,52
2025-05-01 06:00:00+05:30,27.1,65
2025-05-01 07:00:00+05:30,28.1,61
2025-05-01 08:00:00+05:30,29.8,54
2025-05-01 09:00:00+05:30,32.0,46
2025-05-01 10:00:00+05:30,34.0,36
2025-05-01 11:00:00+05:30,35.2,30
2025-05-01 12:00:00+05:30,36.2,27
2025-05-01 13:00:00+05:30,36.6,25
2025-05-01 14:00:00+05:30,37.0,21
2025-05-01 15:00:00+05:30,36.0,21
2025-05-01 16:00:00+05:30,35.4,24
2025-05-01 17:00:00+05:30,35.0,25
2025-05-01 18:00:00+05:30,34.9,25
2025-05-01 19:00:00+05:30,33.7,27
2025-05-01 20:00:00+05:30,32.5,30
2025-05-01 21:00:00+05:30,31.3,32
2025-05-01 22:00:00+05:30,29.5,42
2025-05-01 23:00:00+05:30,28.6,47
2025-05-02 00:00:00+05:30,28.2,48
2025-05-02 01:00:00+05:30,27.6,49
2025-05-02 02:00:00+05:30,27.1,51
2025-05-02 03:00:00+05:30,26.7,52
2025-05-02 04:00:00+05:30,26.2,53
2025-05-02 05:00:00+05:30,25.8,55
2025-05-02 06:00:00+05:30,22.5,90
2025-05-02 07:00:00+05:30,22.6,89
2025-05-02 08:00:00+05:30,22.2,93
2025-05-02 09:00:00+05:30,22.0,93
2025-05-02 10:00:00+05:30,22.4,93
2025-05-02 11:00:00+05:30,23.8,84
2025-05-02 12:00:00+05:30,25.5,73
2025-05-02 13:00:00+05:30,26.6,69
2025-05-02 14:00:00+05:30,27.5,66
2025-05-02 15:00:00+05:30,28.3,62
2025-05-02 16:00:00+05:30,28.8,59
2025-05-02 17:00:00+05:30,28.8,59
2025-05-02 18:00:00+05:30,28.3,56
2025-05-02 19:00:00+05:30,28.0,60
2025-05-02 20:00:00+05:30,27.8,58
2025-05-02 21:00:00+05:30,27.3,61
2025-05-02 22:00:00+05:30,26.4,66
2025-05-02 23:00:00+05:30,25.8,69
2025-05-03 00:00:00+05:30,25.1,76
2025-05-03 01:00:00+05:30,24.7,74
2025-05-03 02:00:00+05:30,24.2,74
2025-05-03 03:00:00+05:30,24.0,74
2025-05-03 04:00:00+05:30,23.4,80
2025-05-03 05:00:00+05:30,23.4,80
2025-05-03 06:00:00+05:30,24.1,83
2025-05-03 07:00:00+05:30,24.6,78
2025-05-03 08:00:00+05:30,27.2,66
2025-05-03 09:00:00+05:30,29.5,54
2025-05-03 10:00:00+05:30,31.7,42
2025-05-03 11:00:00+05:30,31.9,37
2025-05-03 12:00:00+05:30,33.4,33
2025-05-03 13:00:00+05:30,34.5,32
2025-05-03 14:00:00+05:30,30.2,48
2025-05-03 15:00:00+05:30,29.6,50
2025-05-03 16:00:00+05:30,31.0,43
2025-05-03 17:00:00+05:30,31.1,43
2025-05-03 18:00:00+05:30,28.8,49
2025-05-03 19:00:00+05:30,29.3,48
2025-05-03 20:00:00+05:30,29.3,46
2025-05-03 21:00:00+05:30,28.6,51
2025-05-03 22:00:00+05:30,28.1,57
2025-05-03 23:00:00+05:30,27.7,53
2025-05-04 00:00:00+05:30,27.3,54
2025-05-04 01:00:00+05:30,26.9,61
2025-05-04 02:00:00+05:30,25.8,60
2025-05-04 03:00:00+05:30,25.0,64
2025-05-04 04:00:00+05:30,24.4,66
2025-05-04 05:00:00+05:30,23.9,68
2025-05-04 06:00:00+05:30,26.2,76
2025-05-04 07:00:00+05:30,27.3,72
2025-05-04 08:00:00+05:30,29.4,63
2025-05-04 09:00:00+05:30,31.6,54
2025-05-04 10:00:00+05:30,33.7,42
2025-05-04 11:00:00+05:30,34.4,38
2025-05-04 12:00:00+05:30,33.5,39
2025-05-04 13:00:00+05:30,32.2,41
2025-05-04 14:00:00+05:30,32.5,41
2025-05-04 15:00:00+05:30,32.5,40
2025-05-04 16:00:00+05:30,33.0,39
2025-05-04 17:00:00+05:30,32.6,40
2025-05-04 18:00:00+05:30,31.2,46
2025-05-04 19:00:00+05:30,29.5,58
2025-05-04 20:00:00+05:30,29.2,63
2025-05-04 21:00:00+05:30,29.0,66
2025-05-04 22:00:00+05:30,28.3,62
2025-05-04 23:00:00+05:30,27.3,67
2025-05-05 00:00:00+05:30,26.4,73
2025-05-05 01:00:00+05:30,25.9,76
2025-05-05 02:00:00+05:30,25.5,76
2025-05-05 03:00:00+05:30,25.1,77
2025-05-05 04:00:00+05:30,24.6,78
2025-05-05 05:00:00+05:30,24.2,79
2025-05-05 06:00:00+05:30,23.9,74
2025-05-05 07:00:00+05:30,25.1,68
2025-05-05 08:00:00+05:30,26.8,63
2025-05-05 09:00:00+05:30,28.8,55
2025-05-05 10:00:00+05:30,30.8,48
2025-05-05 11:00:00+05:30,32.3,42
2025-05-05 12:00:00+05:30,34.0,35
2025-05-05 13:00:00+05:30,34.8,33
2025-05-05 14:00:00+05:30,34.8,32
2025-05-05 15:00:00+05:30,32.3,41
2025-05-05 16:00:00+05:30,32.9,39
2025-05-05 17:00:00+05:30,31.8,42
2025-05-05 18:00:00+05:30,27.8,64
2025-05-05 19:00:00+05:30,26.4,70
2025-05-05 20:00:00+05:30,25.3,76
2025-05-05 21:00:00+05:30,24.8,78
2025-05-05 22:00:00+05:30,24.2,80
2025-05-05 23:00:00+05:30,23.8,82
2025-05-06 00:00:00+05:30,23.4,84
2025-05-06 01:00:00+05:30,23.0,86
2025-05-06 02:00:00+05:30,22.6,88
2025-05-06 03:00:00+05:30,22.3,89
2025-05-06 04:00:00+05:30,22.0,90
2025-05-06 05:00:00+05:30,21.8,90
2025-05-06 06:00:00+05:30,23.2,87
2025-05-06 07:00:00+05:30,24.5,80
2025-05-06 08:00:00+05:30,26.3,72
2025-05-06 09:00:00+05:30,28.3,63
2025-05-06 10:00:00+05:30,29.9,55
2025-05-06 11:00:00+05:30,31.0,50
2025-05-06 12:00:00+05:30,32.2,46
2025-05-06 13:00:00+05:30,32.7,44
2025-05-06 14:00:00+05:30,33.4,40
2025-05-06 15:00:00+05:30,28.0,61
2025-05-06 16:00:00+05:30,30.0,54
2025-05-06 17:00:00+05:30,30.1,52
2025-05-06 18:00:00+05:30,28.3,62
2025-05-06 19:00:00+05:30,27.4,63
2025-05-06 20:00:00+05:30,26.6,67
2025-05-06 21:00:00+05:30,26.1,67
2025-05-06 22:00:00+05:30,25.5,68
2025-05-06 23:00:00+05:30,24.9,71
2025-05-07 00:00:00+05:30,24.6,73
2025-05-07 01:00:00+05:30,24.3,75
2025-05-07 02:00:00+05:30,24.0,77
2025-05-07 03:00:00+05:30,23.8,79
2025-05-07 04:00:00+05:30,23.5,81
2025-05-07 05:00:00+05:30,23.3,82
2025-05-07 06:00:00+05:30,24.5,83
2025-05-07 07:00:00+05:30,25.5,79
2025-05-07 08:00:00+05:30,27.2,71
2025-05-07 09:00:00+05:30,28.8,63
2025-05-07 10:00:00+05:30,29.6,57
2025-05-07 11:00:00+05:30,30.2,53
2025-05-07 12:00:00+05:30,31.2,48
2025-05-07 13:00:00+05:30,31.7,47
2025-05-07 14:00:00+05:30,32.0,46
2025-05-07 15:00:00+05:30,32.1,43
2025-05-07 16:00:00+05:30,32.0,42
2025-05-07 17:00:00+05:30,31.2,46
2025-05-07 18:00:00+05:30,27.1,74
2025-05-07 19:00:00+05:30,26.8,79
2025-05-07 20:00:00+05:30,26.3,74
2025-05-07 21:00:00+05:30,25.5,77
2025-05-07 22:00:00+05:30,25.1,80
2025-05-07 23:00:00+05:30,25.0,81
2025-05-08 00:00:00+05:30,24.9,80
2025-05-08 01:00:00+05:30,24.5,82
2025-05-08 02:00:00+05:30,24.0,85
2025-05-08 03:00:00+05:30,23.8,85
2025-05-08 04:00:00+05:30,23.6,85
2025-05-08 05:00:00+05:30,23.3,85
2025-05-08 06:00:00+05:30,24.6,80
2025-05-08 07:00:00+05:30,24.2,82
2025-05-08 08:00:00+05:30,26.0,76
2025-05-08 09:00:00+05:30,28.8,63
2025-05-08 10:00:00+05:30,30.7,53
2025-05-08 11:00:00+05:30,29.8,57
2025-05-08 12:00:00+05:30,30.3,55
2025-05-08 13:00:00+05:30,31.9,48
2025-05-08 14:00:00+05:30,31.5,50
2025-05-08 15:00:00+05:30,31.1,53
2025-05-08 16:00:00+05:30,29.6,60
2025-05-08 17:00:00+05:30,29.2,63
2025-05-08 18:00:00+05:30,31.0,52
2025-05-08 19:00:00+05:30,29.5,57
2025-05-08 20:00:00+05:30,28.3,62
2025-05-08 21:00:00+05:30,27.4,70
2025-05-08 22:00:00+05:30,26.8,72
2025-05-08 23:00:00+05:30,26.3,71
2025-05-09 00:00:00+05:30,25.9,70
2025-05-09 01:00:00+05:30,25.6,70
2025-05-09 02:00:00+05:30,25.2,72
2025-05-09 03:00:00+05:30,25.0,75
2025-05-09 04:00:00+05:30,24.7,79
2025-05-09 05:00:00+05:30,24.1,80
2025-05-09 06:00:00+05:30,25.9,73
2025-05-09 07:00:00+05:30,26.9,68
2025-05-09 08:00:00+05:30,29.2,59
2025-05-09 09:00:00+05:30,31.2,51
2025-05-09 10:00:00+05:30,32.6,46
2025-05-09 11:00:00+05:30,33.7,41
2025-05-09 12:00:00+05:30,34.9,37
2025-05-09 13:00:00+05:30,36.1,33
2025-05-09 14:00:00+05:30,36.5,30
2025-05-09 15:00:00+05:30,36.6,29
2025-05-09 16:00:00+05:30,34.3,34
2025-05-09 17:00:00+05:30,32.8,40
2025-05-09 18:00:00+05:30,33.5,38
2025-05-09 19:00:00+05:30,31.7,48
2025-05-09 20:00:00+05:30,30.4,55
2025-05-09 21:00:00+05:30,29.6,68
2025-05-09 22:00:00+05:30,29.3,68
2025-05-09 23:00:00+05:30,28.6,72
2025-05-10 00:00:00+05:30,27.7,71
2025-05-10 01:00:00+05:30,27.0,76
2025-05-10 02:00:00+05:30,26.6,73
2025-05-10 03:00:00+05:30,26.2,71
2025-05-10 04:00:00+05:30,25.7,72
2025-05-10 05:00:00+05:30,25.2,75
2025-05-10 06:00:00+05:30,26.4,74
2025-05-10 07:00:00+05:30,28.3,66
2025-05-10 08:00:00+05:30,31.2,55
2025-05-10 09:00:00+05:30,33.3,43
2025-05-10 10:00:00+05:30,34.8,37
2025-05-10 11:00:00+05:30,35.8,35
2025-05-10 12:00:00+05:30,36.6,32
2025-05-10 13:00:00+05:30,36.5,31
2025-05-10 14:00:00+05:30,29.9,56
2025-05-10 15:00:00+05:30,32.2,46
2025-05-10 16:00:00+05:30,32.6,47
2025-05-10 17:00:00+05:30,31.4,51
2025-05-10 18:00:00+05:30,30.9,53
2025-05-10 19:00:00+05:30,29.5,63
2025-05-10 20:00:00+05:30,29.3,68
2025-05-10 21:00:00+05:30,29.0,68
2025-05-10 22:00:00+05:30,28.2,72
2025-05-10 23:00:00+05:30,27.5,77
2025-05-11 00:00:00+05:30,27.0,80
2025-05-11 01:00:00+05:30,26.5,82
2025-05-11 02:00:00+05:30,26.3,81
2025-05-11 03:00:00+05:30,26.1,80
2025-05-11 04:00:00+05:30,25.8,80
2025-05-11 05:00:00+05:30,25.3,82
2025-05-11 06:00:00+05:30,26.2,80
2025-05-11 07:00:00+05:30,27.6,74
2025-05-11 08:00:00+05:30,29.8,61
2025-05-11 09:00:00+05:30,31.8,50
2025-05-11 10:00:00+05:30,33.5,43
2025-05-11 11:00:00+05:30,35.0,37
2025-05-11 12:00:00+05:30,36.2,32
2025-05-11 13:00:00+05:30,37.2,29
2025-05-11 14:00:00+05:30,37.9,26
2025-05-11 15:00:00+05:30,38.1,23
2025-05-11 16:00:00+05:30,38.2,22
2025-05-11 17:00:00+05:30,37.8,22
2025-05-11 18:00:00+05:30,35.4,41
2025-05-11 19:00:00+05:30,33.8,43
2025-05-11 20:00:00+05:30,33.1,33
2025-05-11 21:00:00+05:30,32.2,32
2025-05-11 22:00:00+05:30,31.0,37
2025-05-11 23:00:00+05:30,30.4,38
2025-05-12 00:00:00+05:30,29.7,39
2025-05-12 01:00:00+05:30,28.4,45
2025-05-12 02:00:00+05:30,27.6,54
2025-05-12 03:00:00+05:30,27.3,54
2025-05-12 04:00:00+05:30,26.2,58
2025-05-12 05:00:00+05:30,25.8,56
2025-05-12 06:00:00+05:30,26.6,57
2025-05-12 07:00:00+05:30,28.1,52
2025-05-12 08:00:00+05:30,30.5,43
2025-05-12 09:00:00+05:30,32.9,35
2025-05-12 10:00:00+05:30,35.1,28
2025-05-12 11:00:00+05:30,36.9,24
2025-05-12 12:00:00+05:30,38.2,22
2025-05-12 13:00:00+05:30,39.1,20
2025-05-12 14:00:00+05:30,39.5,18
2025-05-12 15:00:00+05:30,39.5,18
2025-05-12 16:00:00+05:30,39.3,18
2025-05-12 17:00:00+05:30,38.5,18
2025-05-12 18:00:00+05:30,36.7,20
2025-05-12 19:00:00+05:30,34.7,35
2025-05-12 20:00:00+05:30,33.7,37
2025-05-12 21:00:00+05:30,31.8,39
2025-05-12 22:00:00+05:30,30.8,45
2025-05-12 23:00:00+05:30,30.5,41
2025-05-13 00:00:00+05:30,29.9,40
2025-05-13 01:00:00+05:30,29.5,39
2025-05-13 02:00:00+05:30,29.1,39
2025-05-13 03:00:00+05:30,29.3,35
2025-05-13 04:00:00+05:30,29.0,35
2025-05-13 05:00:00+05:30,28.6,35
2025-05-13 06:00:00+05:30,30.3,38
2025-05-13 07:00:00+05:30,31.2,36
2025-05-13 08:00:00+05:30,32.8,32
2025-05-13 09:00:00+05:30,34.9,28
2025-05-13 10:00:00+05:30,37.0,24
2025-05-13 11:00:00+05:30,38.9,19
2025-05-13 12:00:00+05:30,40.1,17
2025-05-13 13:00:00+05:30,41.0,15
2025-05-13 14:00:00+05:30,41.2,14
2025-05-13 15:00:00+05:30,40.7,14
2025-05-13 16:00:00+05:30,40.7,14
2025-05-13 17:00:00+05:30,39.5,16
2025-05-13 18:00:00+05:30,38.0,18
2025-05-13 19:00:00+05:30,36.4,20
2025-05-13 20:00:00+05:30,34.8,23
2025-05-13 21:00:00+05:30,33.5,28
2025-05-13 22:00:00+05:30,32.7,29
2025-05-13 23:00:00+05:30,32.7,25
2025-05-14 00:00:00+05:30,31.8,29
2025-05-14 01:00:00+05:30,31.3,28
2025-05-14 02:00:00+05:30,30.8,28
2025-05-14 03:00:00+05:30,29.2,32
2025-05-14 04:00:00+05:30,29.2,30
2025-05-14 05:00:00+05:30,28.7,30
2025-05-14 06:00:00+05:30,28.3,39
2025-05-14 07:00:00+05:30,30.1,35
2025-05-14 08:00:00+05:30,32.5,30
2025-05-14 09:00:00+05:30,35.4,25
2025-05-14 10:00:00+05:30,37.6,21
2025-05-14 11:00:00+05:30,39.1,18
2025-05-14 12:00:00+05:30,40.4,15
2025-05-14 13:00:00+05:30,41.0,13
2025-05-14 14:00:00+05:30,41.2,13
2025-05-14 15:00:00+05:30,41.1,12
2025-05-14 16:00:00+05:30,40.9,12
2025-05-14 17:00:00+05:30,40.0,12
2025-05-14 18:00:00+05:30,39.5,13
2025-05-14 19:00:00+05:30,38.9,14
2025-05-14 20:00:00+05:30,36.4,19
2025-05-14 21:00:00+05:30,34.5,24
2025-05-14 22:00:00+05:30,33.0,37
2025-05-14 23:00:00+05:30,32.4,39
2025-05-15 00:00:00+05:30,32.2,38
2025-05-15 01:00:00+05:30,31.7,37
2025-05-15 02:00:00+05:30,30.9,40
2025-05-15 03:00:00+05:30,30.6,43
2025-05-15 04:00:00+05:30,29.8,43
2025-05-15 05:00:00+05:30,29.1,44
2025-05-15 06:00:00+05:30,30.2,35
2025-05-15 07:00:00+05:30,31.8,33
2025-05-15 08:00:00+05:30,34.1,29
2025-05-15 09:00:00+05:30,36.7,23
2025-05-15 10:00:00+05:30,38.7,19
2025-05-15 11:00:00+05:30,40.0,17
2025-05-15 12:00:00+05:30,41.0,15
2025-05-15 13:00:00+05:30,41.6,13
2025-05-15 14:00:00+05:30,41.9,13
2025-05-15 15:00:00+05:30,41.7,13
2025-05-15 16:00:00+05:30,41.4,13
2025-05-15 17:00:00+05:30,40.8,13
2025-05-15 18:00:00+05:30,40.1,14
2025-05-15 19:00:00+05:30,37.9,17
2025-05-15 20:00:00+05:30,36.8,19
2025-05-15 21:00:00+05:30,35.8,20
2025-05-15 22:00:00+05:30,34.3,25
2025-05-15 23:00:00+05:30,33.6,26
2025-05-16 00:00:00+05:30,32.8,25
2025-05-16 01:00:00+05:30,32.0,27
2025-05-16 02:00:00+05:30,31.1,32
2025-05-16 03:00:00+05:30,30.4,35
2025-05-16 04:00:00+05:30,29.6,31
2025-05-16 05:00:00+05:30,28.8,33
2025-05-16 06:00:00+05:30,30.6,37
2025-05-16 07:00:00+05:30,33.2,28
2025-05-16 08:00:00+05:30,36.3,22
2025-05-16 09:00:00+05:30,37.9,19
2025-05-16 10:00:00+05:30,39.3,18
2025-05-16 11:00:00+05:30,40.7,16
2025-05-16 12:00:00+05:30,41.8,14
2025-05-16 13:00:00+05:30,42.4,13
2025-05-16 14:00:00+05:30,42.4,14
2025-05-16 15:00:00+05:30,42.2,14
2025-05-16 16:00:00+05:30,39.9,18
2025-05-16 17:00:00+05:30,38.6,20
2025-05-16 18:00:00+05:30,35.6,34
2025-05-16 19:00:00+05:30,34.5,38
2025-05-16 20:00:00+05:30,33.7,38
2025-05-16 21:00:00+05:30,32.9,39
2025-05-16 22:00:00+05:30,32.3,40
2025-05-16 23:00:00+05:30,31.7,41
2025-05-17 00:00:00+05:30,31.2,44
2025-05-17 01:00:00+05:30,30.1,50
2025-05-17 02:00:00+05:30,29.4,56
2025-05-17 03:00:00+05:30,29.0,53
2025-05-17 04:00:00+05:30,28.7,51
2025-05-17 05:00:00+05:30,28.2,53
2025-05-17 06:00:00+05:30,31.8,32
2025-05-17 07:00:00+05:30,32.7,32
2025-05-17 08:00:00+05:30,34.1,29
2025-05-17 09:00:00+05:30,36.3,26
2025-05-17 10:00:00+05:30,38.4,23
2025-05-17 11:00:00+05:30,40.5,20
2025-05-17 12:00:00+05:30,41.5,19
2025-05-17 13:00:00+05:30,41.1,18
2025-05-17 14:00:00+05:30,42.9,15
2025-05-17 15:00:00+05:30,42.0,15
2025-05-17 16:00:00+05:30,41.9,15
2025-05-17 17:00:00+05:30,41.7,15
2025-05-17 18:00:00+05:30,37.7,25
2025-05-17 19:00:00+05:30,36.3,26
2025-05-17 20:00:00+05:30,34.6,31
2025-05-17 21:00:00+05:30,33.8,32
2025-05-17 22:00:00+05:30,32.9,34
2025-05-17 23:00:00+05:30,31.9,37
2025-05-18 00:00:00+05:30,31.2,38
2025-05-18 01:00:00+05:30,30.5,39
2025-05-18 02:00:00+05:30,29.8,41
2025-05-18 03:00:00+05:30,29.2,40
2025-05-18 04:00:00+05:30,29.0,44
2025-05-18 05:00:00+05:30,28.4,40
2025-05-18 06:00:00+05:30,29.3,44
2025-05-18 07:00:00+05:30,30.3,46
2025-05-18 08:00:00+05:30,33.0,38
2025-05-18 09:00:00+05:30,35.7,30
2025-05-18 10:00:00+05:30,38.1,25
2025-05-18 11:00:00+05:30,39.6,23
2025-05-18 12:00:00+05:30,40.7,22
2025-05-18 13:00:00+05:30,41.2,22
2025-05-18 14:00:00+05:30,41.8,20
2025-05-18 15:00:00+05:30,41.8,18
2025-05-18 16:00:00+05:30,41.0,19
2025-05-18 17:00:00+05:30,38.3,35
2025-05-18 18:00:00+05:30,36.5,37
2025-05-18 19:00:00+05:30,35.0,42
2025-05-18 20:00:00+05:30,33.6,49
2025-05-18 21:00:00+05:30,32.8,51
2025-05-18 22:00:00+05:30,32.2,53
2025-05-18 23:00:00+05:30,31.6,54
2025-05-19 00:00:00+05:30,31.1,54
2025-05-19 01:00:00+05:30,30.3,57
2025-05-19 02:00:00+05:30,29.6,60
2025-05-19 03:00:00+05:30,29.0,63
2025-05-19 04:00:00+05:30,28.3,67
2025-05-19 05:00:00+05:30,27.8,70
2025-05-19 06:00:00+05:30,28.8,67
2025-05-19 07:00:00+05:30,29.8,64
2025-05-19 08:00:00+05:30,31.3,59
2025-05-19 09:00:00+05:30,33.6,51
2025-05-19 10:00:00+05:30,35.6,45
2025-05-19 11:00:00+05:30,37.4,39
2025-05-19 12:00:00+05:30,38.8,35
2025-05-19 13:00:00+05:30,39.7,33
2025-05-19 14:00:00+05:30,40.5,29
2025-05-19 15:00:00+05:30,40.3,26
2025-05-19 16:00:00+05:30,40.2,27
2025-05-19 17:00:00+05:30,37.5,39
2025-05-19 18:00:00+05:30,36.3,42
2025-05-19 19:00:00+05:30,34.8,47
2025-05-19 20:00:00+05:30,33.9,50
2025-05-19 21:00:00+05:30,33.2,53
2025-05-19 22:00:00+05:30,32.5,55
2025-05-19 23:00:00+05:30,31.7,57
2025-05-20 00:00:00+05:30,31.3,59
2025-05-20 01:00:00+05:30,30.7,61
2025-05-20 02:00:00+05:30,30.0,63
2025-05-20 03:00:00+05:30,29.2,67
2025-05-20 04:00:00+05:30,28.3,71
2025-05-20 05:00:00+05:30,27.7,73
2025-05-20 06:00:00+05:30,29.2,68
2025-05-20 07:00:00+05:30,30.2,63
2025-05-20 08:00:00+05:30,31.9,57
2025-05-20 09:00:00+05:30,34.0,50
2025-05-20 10:00:00+05:30,36.0,43
2025-05-20 11:00:00+05:30,38.1,37
2025-05-20 12:00:00+05:30,40.2,30
2025-05-20 13:00:00+05:30,42.0,22
2025-05-20 14:00:00+05:30,42.4,21
2025-05-20 15:00:00+05:30,41.9,21
2025-05-20 16:00:00+05:30,37.5,31
2025-05-20 17:00:00+05:30,38.9,24
2025-05-20 18:00:00+05:30,37.0,44
2025-05-20 19:00:00+05:30,35.1,50
2025-05-20 20:00:00+05:30,34.1,53
2025-05-20 21:00:00+05:30,33.6,55
2025-05-20 22:00:00+05:30,32.9,57
2025-05-20 23:00:00+05:30,32.4,57
2025-05-21 00:00:00+05:30,32.3,55
2025-05-21 01:00:00+05:30,32.1,55
2025-05-21 02:00:00+05:30,31.3,57
2025-05-21 03:00:00+05:30,30.5,60
2025-05-21 04:00:00+05:30,29.7,63
2025-05-21 05:00:00+05:30,28.9,67
2025-05-21 06:00:00+05:30,31.2,64
2025-05-21 07:00:00+05:30,30.3,63
2025-05-21 08:00:00+05:30,31.7,53
2025-05-21 09:00:00+05:30,34.2,45
2025-05-21 10:00:00+05:30,36.5,38
2025-05-21 11:00:00+05:30,38.3,34
2025-05-21 12:00:00+05:30,40.0,30
2025-05-21 13:00:00+05:30,41.1,26
2025-05-21 14:00:00+05:30,41.9,24
2025-05-21 15:00:00+05:30,41.6,22
2025-05-21 16:00:00+05:30,39.3,28
2025-05-21 17:00:00+05:30,37.0,34
2025-05-21 18:00:00+05:30,35.1,48
2025-05-21 19:00:00+05:30,34.0,50
2025-05-21 20:00:00+05:30,32.9,55
2025-05-21 21:00:00+05:30,32.5,57
2025-05-21 22:00:00+05:30,31.9,59
2025-05-21 23:00:00+05:30,31.3,61
2025-05-22 00:00:00+05:30,30.8,62
2025-05-22 01:00:00+05:30,30.3,63
2025-05-22 02:00:00+05:30,29.9,65
2025-05-22 03:00:00+05:30,29.4,66
2025-05-22 04:00:00+05:30,28.6,69
2025-05-22 05:00:00+05:30,28.0,72
2025-05-22 06:00:00+05:30,24.5,81
2025-05-22 07:00:00+05:30,25.9,74
2025-05-22 08:00:00+05:30,27.8,67
2025-05-22 09:00:00+05:30,29.8,61
2025-05-22 10:00:00+05:30,31.9,55
2025-05-22 11:00:00+05:30,33.5,49
2025-05-22 12:00:00+05:30,34.7,45
2025-05-22 13:00:00+05:30,35.9,41
2025-05-22 14:00:00+05:30,36.6,38
2025-05-22 15:00:00+05:30,36.9,37
2025-05-22 16:00:00+05:30,36.6,37
2025-05-22 17:00:00+05:30,36.0,39
2025-05-22 18:00:00+05:30,32.7,49
2025-05-22 19:00:00+05:30,31.6,53
2025-05-22 20:00:00+05:30,30.6,57
2025-05-22 21:00:00+05:30,30.0,58
2025-05-22 22:00:00+05:30,29.4,60
2025-05-22 23:00:00+05:30,28.8,62
2025-05-23 00:00:00+05:30,28.2,64
2025-05-23 01:00:00+05:30,27.9,65
2025-05-23 02:00:00+05:30,27.4,67
2025-05-23 03:00:00+05:30,27.0,69
2025-05-23 04:00:00+05:30,26.6,72
2025-05-23 05:00:00+05:30,26.3,75
2025-05-23 06:00:00+05:30,27.2,73
2025-05-23 07:00:00+05:30,28.3,71
2025-05-23 08:00:00+05:30,30.0,65
2025-05-23 09:00:00+05:30,32.0,55
2025-05-23 10:00:00+05:30,33.8,48
2025-05-23 11:00:00+05:30,35.3,43
2025-05-23 12:00:00+05:30,36.5,39
2025-05-23 13:00:00+05:30,37.3,37
2025-05-23 14:00:00+05:30,37.7,36
2025-05-23 15:00:00+05:30,37.8,36
2025-05-23 16:00:00+05:30,37.2,37
2025-05-23 17:00:00+05:30,36.2,39
2025-05-23 18:00:00+05:30,35.3,40
2025-05-23 19:00:00+05:30,34.2,43
2025-05-23 20:00:00+05:30,33.3,47
2025-05-23 21:00:00+05:30,32.5,49
2025-05-23 22:00:00+05:30,31.6,51
2025-05-23 23:00:00+05:30,31.0,55
2025-05-24 00:00:00+05:30,30.4,58
2025-05-24 01:00:00+05:30,29.9,59
2025-05-24 02:00:00+05:30,29.5,61
2025-05-24 03:00:00+05:30,29.1,63
2025-05-24 04:00:00+05:30,28.7,64
2025-05-24 05:00:00+05:30,28.3,65
2025-05-24 06:00:00+05:30,30.6,60
2025-05-24 07:00:00+05:30,31.4,59
2025-05-24 08:00:00+05:30,32.7,55
2025-05-24 09:00:00+05:30,34.0,50
2025-05-24 10:00:00+05:30,35.0,48
2025-05-24 11:00:00+05:30,36.0,44
2025-05-24 12:00:00+05:30,36.6,42
2025-05-24 13:00:00+05:30,37.3,40
2025-05-24 14:00:00+05:30,37.7,39
2025-05-24 15:00:00+05:30,36.6,39
2025-05-24 16:00:00+05:30,36.1,41
2025-05-24 17:00:00+05:30,35.9,41
2025-05-24 18:00:00+05:30,36.3,37
2025-05-24 19:00:00+05:30,35.1,40
2025-05-24 20:00:00+05:30,34.0,43
2025-05-24 21:00:00+05:30,33.5,44
2025-05-24 22:00:00+05:30,32.4,48
2025-05-24 23:00:00+05:30,31.5,51
2025-05-25 00:00:00+05:30,30.9,53
2025-05-25 01:00:00+05:30,30.5,54
2025-05-25 02:00:00+05:30,29.9,57
2025-05-25 03:00:00+05:30,29.2,60
2025-05-25 04:00:00+05:30,28.6,64
2025-05-25 05:00:00+05:30,27.3,68
2025-05-25 06:00:00+05:30,22.7,93
2025-05-25 07:00:00+05:30,23.6,89
2025-05-25 08:00:00+05:30,25.1,82
2025-05-25 09:00:00+05:30,26.6,71
2025-05-25 10:00:00+05:30,27.3,61
2025-05-25 11:00:00+05:30,28.7,59
2025-05-25 12:00:00+05:30,28.9,60
2025-05-25 13:00:00+05:30,30.7,58
2025-05-25 14:00:00+05:30,31.0,58
2025-05-25 15:00:00+05:30,31.4,56
2025-05-25 16:00:00+05:30,31.7,54
2025-05-25 17:00:00+05:30,31.3,55
2025-05-25 18:00:00+05:30,30.0,69
2025-05-25 19:00:00+05:30,28.8,75
2025-05-25 20:00:00+05:30,27.5,77
2025-05-25 21:00:00+05:30,26.1,85
2025-05-25 22:00:00+05:30,26.3,87
2025-05-25 23:00:00+05:30,26.2,85
2025-05-26 00:00:00+05:30,26.1,83
2025-05-26 01:00:00+05:30,25.6,83
2025-05-26 02:00:00+05:30,25.1,85
2025-05-26 03:00:00+05:30,24.3,85
2025-05-26 04:00:00+05:30,24.0,86
2025-05-26 05:00:00+05:30,23.9,87
2025-05-26 06:00:00+05:30,26.9,79
2025-05-26 07:00:00+05:30,27.5,78
2025-05-26 08:00:00+05:30,28.4,73
2025-05-26 09:00:00+05:30,29.7,69
2025-05-26 10:00:00+05:30,31.2,64
2025-05-26 11:00:00+05:30,32.4,57
2025-05-26 12:00:00+05:30,33.7,52
2025-05-26 13:00:00+05:30,34.8,46
2025-05-26 14:00:00+05:30,35.3,43
2025-05-26 15:00:00+05:30,35.6,42
2025-05-26 16:00:00+05:30,35.5,42
2025-05-26 17:00:00+05:30,34.5,48
2025-05-26 18:00:00+05:30,32.0,59
2025-05-26 19:00:00+05:30,30.3,63
2025-05-26 20:00:00+05:30,29.5,67
2025-05-26 21:00:00+05:30,28.8,73
2025-05-26 22:00:00+05:30,28.3,78
2025-05-26 23:00:00+05:30,27.9,79
2025-05-27 00:00:00+05:30,27.6,79
2025-05-27 01:00:00+05:30,27.3,80
2025-05-27 02:00:00+05:30,26.9,80
2025-05-27 03:00:00+05:30,26.6,80
2025-05-27 04:00:00+05:30,26.3,80
2025-05-27 05:00:00+05:30,26.2,79
2025-05-27 06:00:00+05:30,27.5,81
2025-05-27 07:00:00+05:30,28.7,78
2025-05-27 08:00:00+05:30,30.2,72
2025-05-27 09:00:00+05:30,31.5,64
2025-05-27 10:00:00+05:30,32.7,57
2025-05-27 11:00:00+05:30,33.6,53
2025-05-27 12:00:00+05:30,34.3,50
2025-05-27 13:00:00+05:30,35.1,46
2025-05-27 14:00:00+05:30,35.4,45
2025-05-27 15:00:00+05:30,35.5,46
2025-05-27 16:00:00+05:30,35.2,47
2025-05-27 17:00:00+05:30,34.5,50
2025-05-27 18:00:00+05:30,34.2,51
2025-05-27 19:00:00+05:30,31.8,63
2025-05-27 20:00:00+05:30,30.8,67
2025-05-27 21:00:00+05:30,30.1,70
2025-05-27 22:00:00+05:30,29.5,71
2025-05-27 23:00:00+05:30,29.0,73
2025-05-28 00:00:00+05:30,28.6,75
2025-05-28 01:00:00+05:30,28.0,78
2025-05-28 02:00:00+05:30,27.7,78
2025-05-28 03:00:00+05:30,27.4,79
2025-05-28 04:00:00+05:30,27.2,80
2025-05-28 05:00:00+05:30,26.9,81
2025-05-28 06:00:00+05:30,29.1,77
2025-05-28 07:00:00+05:30,30.1,74
2025-05-28 08:00:00+05:30,31.3,68
2025-05-28 09:00:00+05:30,32.8,61
2025-05-28 10:00:00+05:30,34.2,54
2025-05-28 11:00:00+05:30,35.3,49
2025-05-28 12:00:00+05:30,36.2,45
2025-05-28 13:00:00+05:30,37.1,42
2025-05-28 14:00:00+05:30,37.6,41
2025-05-28 15:00:00+05:30,38.0,40
2025-05-28 16:00:00+05:30,37.3,41
2025-05-28 17:00:00+05:30,36.1,45
2025-05-28 18:00:00+05:30,34.6,48
2025-05-28 19:00:00+05:30,32.3,58
2025-05-28 20:00:00+05:30,30.5,70
2025-05-28 21:00:00+05:30,29.7,73
2025-05-28 22:00:00+05:30,29.3,76
2025-05-28 23:00:00+05:30,28.7,79
2025-05-29 00:00:00+05:30,28.0,81
2025-05-29 01:00:00+05:30,27.6,84
2025-05-29 02:00:00+05:30,27.3,85
2025-05-29 03:00:00+05:30,27.1,87
2025-05-29 04:00:00+05:30,27.0,88
2025-05-29 05:00:00+05:30,26.7,89
2025-05-29 06:00:00+05:30,29.5,78
2025-05-29 07:00:00+05:30,30.7,73
2025-05-29 08:00:00+05:30,32.4,63
2025-05-29 09:00:00+05:30,34.7,51
2025-05-29 10:00:00+05:30,35.7,45
2025-05-29 11:00:00+05:30,37.8,38
2025-05-29 12:00:00+05:30,38.7,34
2025-05-29 13:00:00+05:30,39.4,32
2025-05-29 14:00:00+05:30,39.9,30
2025-05-29 15:00:00+05:30,39.0,30
2025-05-29 16:00:00+05:30,39.4,28
2025-05-29 17:00:00+05:30,38.1,32
2025-05-29 18:00:00+05:30,36.2,49
2025-05-29 19:00:00+05:30,34.8,46
2025-05-29 20:00:00+05:30,34.2,46
2025-05-29 21:00:00+05:30,33.2,50
2025-05-29 22:00:00+05:30,32.1,52
2025-05-29 23:00:00+05:30,31.3,52
2025-05-30 00:00:00+05:30,30.6,53
2025-05-30 01:00:00+05:30,29.7,56
2025-05-30 02:00:00+05:30,29.2,57
2025-05-30 03:00:00+05:30,29.1,59
2025-05-30 04:00:00+05:30,27.7,63
2025-05-30 05:00:00+05:30,26.8,71
2025-05-30 06:00:00+05:30,27.9,67
2025-05-30 07:00:00+05:30,29.2,63
2025-05-30 08:00:00+05:30,31.9,55
2025-05-30 09:00:00+05:30,34.4,40
2025-05-30 10:00:00+05:30,34.7,36
2025-05-30 11:00:00+05:30,33.9,37
2025-05-30 12:00:00+05:30,33.9,42
2025-05-30 13:00:00+05:30,34.4,44
2025-05-30 14:00:00+05:30,33.8,46
2025-05-30 15:00:00+05:30,34.5,42
2025-05-30 16:00:00+05:30,35.4,38
2025-05-30 17:00:00+05:30,35.4,36
2025-05-30 18:00:00+05:30,33.2,48
2025-05-30 19:00:00+05:30,31.5,58
2025-05-30 20:00:00+05:30,31.0,56
2025-05-30 21:00:00+05:30,30.2,53
2025-05-30 22:00:00+05:30,29.9,56
2025-05-30 23:00:00+05:30,29.5,59
2025-05-31 00:00:00+05:30,28.4,62
2025-05-31 01:00:00+05:30,27.2,67
2025-05-31 02:00:00+05:30,26.7,70
2025-05-31 03:00:00+05:30,26.2,71
2025-05-31 04:00:00+05:30,26.0,68
2025-05-31 05:00:00+05:30,26.1,67
2025-05-31 06:00:00+05:30,28.7,64
2025-05-31 07:00:00+05:30,30.4,60
2025-05-31 08:00:00+05:30,32.6,52
2025-05-31 09:00:00+05:30,34.8,42
2025-05-31 10:00:00+05:30,36.7,34
2025-05-31 11:00:00+05:30,38.2,29
2025-05-31 12:00:00+05:30,39.4,25
2025-05-31 13:00:00+05:30,40.1,23
2025-05-31 14:00:00+05:30,40.0,22
2025-05-31 15:00:00+05:30,37.7,28
2025-05-31 16:00:00+05:30,37.6,31
2025-05-31 17:00:00+05:30,37.0,23
2025-05-31 18:00:00+05:30,29.9,55
2025-05-31 19:00:00+05:30,30.5,55
2025-05-31 20:00:00+05:30,29.4,61
2025-05-31 21:00:00+05:30,29.1,56
2025-05-31 22:00:00+05:30,28.8,62
2025-05-31 23:00:00+05:30,28.6,61
2025-06-01 00:00:00+05:30,27.8,62
2025-06-01 01:00:00+05:30,27.0,67
2025-06-01 02:00:00+05:30,27.0,64
2025-06-01 03:00:00+05:30,27.6,56
2025-06-01 04:00:00+05:30,27.8,51
2025-06-01 05:00:00+05:30,27.2,54
2025-06-01 06:00:00+05:30,29.7,51
2025-06-01 07:00:00+05:30,31.4,47
2025-06-01 08:00:00+05:30,33.8,42
2025-06-01 09:00:00+05:30,35.2,40
2025-06-01 10:00:00+05:30,34.9,37
2025-06-01 11:00:00+05:30,34.8,37
2025-06-01 12:00:00+05:30,35.4,36
2025-06-01 13:00:00+05:30,37.3,31
2025-06-01 14:00:00+05:30,35.6,30
2025-06-01 15:00:00+05:30,36.9,27
2025-06-01 16:00:00+05:30,35.8,31
2025-06-01 17:00:00+05:30,35.9,30
2025-06-01 18:00:00+05:30,27.5,64
2025-06-01 19:00:00+05:30,27.1,71
2025-06-01 20:00:00+05:30,27.6,69
2025-06-01 21:00:00+05:30,27.8,59
2025-06-01 22:00:00+05:30,28.0,58
2025-06-01 23:00:00+05:30,27.5,64
2025-06-02 00:00:00+05:30,27.5,61
2025-06-02 01:00:00+05:30,27.5,58
2025-06-02 02:00:00+05:30,26.8,58
2025-06-02 03:00:00+05:30,26.2,59
2025-06-02 04:00:00+05:30,25.4,62
2025-06-02 05:00:00+05:30,24.7,72
2025-06-02 06:00:00+05:30,28.1,60
2025-06-02 07:00:00+05:30,29.1,56
2025-06-02 08:00:00+05:30,30.6,51
2025-06-02 09:00:00+05:30,32.2,48
2025-06-02 10:00:00+05:30,33.9,43
2025-06-02 11:00:00+05:30,35.6,37
2025-06-02 12:00:00+05:30,36.8,31
2025-06-02 13:00:00+05:30,37.6,26
2025-06-02 14:00:00+05:30,37.8,22
2025-06-02 15:00:00+05:30,36.3,26
2025-06-02 16:00:00+05:30,35.6,32
2025-06-02 17:00:00+05:30,34.0,35
2025-06-02 18:00:00+05:30,33.3,37
2025-06-02 19:00:00+05:30,32.4,41
2025-06-02 20:00:00+05:30,31.7,43
2025-06-02 21:00:00+05:30,30.6,43
2025-06-02 22:00:00+05:30,29.7,48
2025-06-02 23:00:00+05:30,29.3,49
2025-06-03 00:00:00+05:30,28.6,52
2025-06-03 01:00:00+05:30,28.0,60
2025-06-03 02:00:00+05:30,27.5,60
2025-06-03 03:00:00+05:30,27.0,52
2025-06-03 04:00:00+05:30,26.6,51
2025-06-03 05:00:00+05:30,25.6,60
2025-06-03 06:00:00+05:30,25.9,64
2025-06-03 07:00:00+05:30,27.1,59
2025-06-03 08:00:00+05:30,29.1,51
2025-06-03 09:00:00+05:30,31.2,42
2025-06-03 10:00:00+05:30,32.6,38
2025-06-03 11:00:00+05:30,34.5,32
2025-06-03 12:00:00+05:30,34.8,29
2025-06-03 13:00:00+05:30,34.2,31
2025-06-03 14:00:00+05:30,34.7,32
2025-06-03 15:00:00+05:30,33.6,35
2025-06-03 16:00:00+05:30,33.5,35
2025-06-03 17:00:00+05:30,33.5,34
2025-06-03 18:00:00+05:30,30.8,44
2025-06-03 19:00:00+05:30,29.6,53
2025-06-03 20:00:00+05:30,29.1,62
2025-06-03 21:00:00+05:30,28.3,66
2025-06-03 22:00:00+05:30,27.7,65
2025-06-03 23:00:00+05:30,26.2,68
2025-06-04 00:00:00+05:30,25.4,71
2025-06-04 01:00:00+05:30,25.1,74
2025-06-04 02:00:00+05:30,24.9,75
2025-06-04 03:00:00+05:30,24.4,81
2025-06-04 04:00:00+05:30,24.5,78
2025-06-04 05:00:00+05:30,24.7,75
2025-06-04 06:00:00+05:30,25.2,77
2025-06-04 07:00:00+05:30,25.5,76
2025-06-04 08:00:00+05:30,26.7,70
2025-06-04 09:00:00+05:30,27.1,68
2025-06-04 10:00:00+05:30,30.2,57
2025-06-04 11:00:00+05:30,32.2,49
2025-06-04 12:00:00+05:30,33.4,45
2025-06-04 13:00:00+05:30,35.1,37
2025-06-04 14:00:00+05:30,28.0,60
2025-06-04 15:00:00+05:30,29.9,56
2025-06-04 16:00:00+05:30,31.5,49
2025-06-04 17:00:00+05:30,31.4,48
2025-06-04 18:00:00+05:30,32.0,35
2025-06-04 19:00:00+05:30,30.1,43
2025-06-04 20:00:00+05:30,28.7,51
2025-06-04 21:00:00+05:30,27.1,63
2025-06-04 22:00:00+05:30,26.5,69
2025-06-04 23:00:00+05:30,26.1,73
2025-06-05 00:00:00+05:30,25.9,69
2025-06-05 01:00:00+05:30,25.4,72
2025-06-05 02:00:00+05:30,24.9,74
2025-06-05 03:00:00+05:30,24.7,74
2025-06-05 04:00:00+05:30,24.0,78
2025-06-05 05:00:00+05:30,23.9,78
2025-06-05 06:00:00+05:30,25.5,79
2025-06-05 07:00:00+05:30,27.3,68
2025-06-05 08:00:00+05:30,29.3,54
2025-06-05 09:00:00+05:30,31.0,45
2025-06-05 10:00:00+05:30,32.4,41
2025-06-05 11:00:00+05:30,33.6,37
2025-06-05 12:00:00+05:30,34.6,35
2025-06-05 13:00:00+05:30,35.5,32
2025-06-05 14:00:00+05:30,36.2,29
2025-06-05 15:00:00+05:30,36.5,28
2025-06-05 16:00:00+05:30,35.7,30
2025-06-05 17:00:00+05:30,34.0,37
2025-06-05 18:00:00+05:30,33.8,45
2025-06-05 19:00:00+05:30,31.6,50
2025-06-05 20:00:00+05:30,30.6,56
2025-06-05 21:00:00+05:30,30.1,62
2025-06-05 22:00:00+05:30,29.8,60
2025-06-05 23:00:00+05:30,28.9,62
2025-06-06 00:00:00+05:30,28.0,60
2025-06-06 01:00:00+05:30,27.3,63
2025-06-06 02:00:00+05:30,27.0,63
2025-06-06 03:00:00+05:30,26.9,60
2025-06-06 04:00:00+05:30,26.4,65
2025-06-06 05:00:00+05:30,25.9,65
2025-06-06 06:00:00+05:30,28.2,63
2025-06-06 07:00:00+05:30,29.8,55
2025-06-06 08:00:00+05:30,32.0,42
2025-06-06 09:00:00+05:30,33.5,38
2025-06-06 10:00:00+05:30,35.2,32
2025-06-06 11:00:00+05:30,36.4,28
2025-06-06 12:00:00+05:30,37.5,27
2025-06-06 13:00:00+05:30,38.2,26
2025-06-06 14:00:00+05:30,38.7,25
2025-06-06 15:00:00+05:30,38.5,25
2025-06-06 16:00:00+05:30,37.9,26
2025-06-06 17:00:00+05:30,37.1,27
2025-06-06 18:00:00+05:30,35.0,35
2025-06-06 19:00:00+05:30,33.9,38
2025-06-06 20:00:00+05:30,32.9,41
2025-06-06 21:00:00+05:30,32.1,44
2025-06-06 22:00:00+05:30,31.0,50
2025-06-06 23:00:00+05:30,30.4,53
2025-06-07 00:00:00+05:30,30.0,52
2025-06-07 01:00:00+05:30,29.5,53
2025-06-07 02:00:00+05:30,29.1,53
2025-06-07 03:00:00+05:30,28.8,53
2025-06-07 04:00:00+05:30,28.4,53
2025-06-07 05:00:00+05:30,27.7,57
2025-06-07 06:00:00+05:30,30.4,51
2025-06-07 07:00:00+05:30,32.0,47
2025-06-07 08:00:00+05:30,34.3,41
2025-06-07 09:00:00+05:30,36.8,30
2025-06-07 10:00:00+05:30,38.3,26
2025-06-07 11:00:00+05:30,39.5,24
2025-06-07 12:00:00+05:30,41.2,20
2025-06-07 13:00:00+05:30,39.4,27
2025-06-07 14:00:00+05:30,38.1,31
2025-06-07 15:00:00+05:30,38.9,29
2025-06-07 16:00:00+05:30,37.9,32
2025-06-07 17:00:00+05:30,36.8,34
2025-06-07 18:00:00+05:30,35.9,34
2025-06-07 19:00:00+05:30,34.9,37
2025-06-07 20:00:00+05:30,34.3,40
2025-06-07 21:00:00+05:30,33.5,44
2025-06-07 22:00:00+05:30,32.7,47
2025-06-07 23:00:00+05:30,32.2,49
2025-06-08 00:00:00+05:30,31.8,50
2025-06-08 01:00:00+05:30,31.5,50
2025-06-08 02:00:00+05:30,30.8,51
2025-06-08 03:00:00+05:30,30.4,52
2025-06-08 04:00:00+05:30,29.9,53
2025-06-08 05:00:00+05:30,29.3,56
2025-06-08 06:00:00+05:30,31.8,48
2025-06-08 07:00:00+05:30,33.0,45
2025-06-08 08:00:00+05:30,34.6,42
2025-06-08 09:00:00+05:30,36.6,37
2025-06-08 10:00:00+05:30,38.8,31
2025-06-08 11:00:00+05:30,40.8,25
2025-06-08 12:00:00+05:30,42.0,22
2025-06-08 13:00:00+05:30,42.3,23
2025-06-08 14:00:00+05:30,42.1,24
2025-06-08 15:00:00+05:30,42.5,21
2025-06-08 16:00:00+05:30,42.0,22
2025-06-08 17:00:00+05:30,41.2,24
2025-06-08 18:00:00+05:30,41.8,19
2025-06-08 19:00:00+05:30,39.0,31
2025-06-08 20:00:00+05:30,37.1,45
2025-06-08 21:00:00+05:30,36.4,46
2025-06-08 22:00:00+05:30,35.5,47
2025-06-08 23:00:00+05:30,35.0,46
2025-06-09 00:00:00+05:30,34.5,50
2025-06-09 01:00:00+05:30,34.1,43
2025-06-09 02:00:00+05:30,33.2,41
2025-06-09 03:00:00+05:30,31.4,48
2025-06-09 04:00:00+05:30,31.0,52
2025-06-09 05:00:00+05:30,30.2,56
2025-06-09 06:00:00+05:30,32.8,44
2025-06-09 07:00:00+05:30,34.2,41
2025-06-09 08:00:00+05:30,36.5,35
2025-06-09 09:00:00+05:30,38.6,30
2025-06-09 10:00:00+05:30,40.4,24
2025-06-09 11:00:00+05:30,41.8,20
2025-06-09 12:00:00+05:30,42.8,19
2025-06-09 13:00:00+05:30,43.4,18
2025-06-09 14:00:00+05:30,43.6,17
2025-06-09 15:00:00+05:30,43.6,16
2025-06-09 16:00:00+05:30,42.8,18
2025-06-09 17:00:00+05:30,42.0,20
2025-06-09 18:00:00+05:30,42.2,18
2025-06-09 19:00:00+05:30,41.3,17
2025-06-09 20:00:00+05:30,39.9,17
2025-06-09 21:00:00+05:30,38.0,20
2025-06-09 22:00:00+05:30,36.9,22
2025-06-09 23:00:00+05:30,36.3,22
2025-06-10 00:00:00+05:30,35.4,24
2025-06-10 01:00:00+05:30,34.0,27
2025-06-10 02:00:00+05:30,32.7,29
2025-06-10 03:00:00+05:30,31.8,30
2025-06-10 04:00:00+05:30,30.9,31
2025-06-10 05:00:00+05:30,30.6,29
2025-06-10 06:00:00+05:30,32.7,31
2025-06-10 07:00:00+05:30,34.2,27
2025-06-10 08:00:00+05:30,36.3,22
2025-06-10 09:00:00+05:30,38.3,19
2025-06-10 10:00:00+05:30,40.1,18
2025-06-10 11:00:00+05:30,41.2,18
2025-06-10 12:00:00+05:30,42.1,17
2025-06-10 13:00:00+05:30,42.8,16
2025-06-10 14:00:00+05:30,43.1,16
2025-06-10 15:00:00+05:30,42.9,16
2025-06-10 16:00:00+05:30,42.6,16
2025-06-10 17:00:00+05:30,41.8,17
2025-06-10 18:00:00+05:30,42.0,17
2025-06-10 19:00:00+05:30,40.5,19
2025-06-10 20:00:00+05:30,38.7,29
2025-06-10 21:00:00+05:30,37.1,30
2025-06-10 22:00:00+05:30,35.7,40
2025-06-10 23:00:00+05:30,34.8,41
2025-06-11 00:00:00+05:30,34.0,43
2025-06-11 01:00:00+05:30,33.3,42
2025-06-11 02:00:00+05:30,32.4,43
2025-06-11 03:00:00+05:30,31.3,52
2025-06-11 04:00:00+05:30,30.9,57
2025-06-11 05:00:00+05:30,30.1,54
2025-06-11 06:00:00+05:30,33.5,30
2025-06-11 07:00:00+05:30,34.5,27
2025-06-11 08:00:00+05:30,36.2,25
2025-06-11 09:00:00+05:30,37.8,24
2025-06-11 10:00:00+05:30,38.9,24
2025-06-11 11:00:00+05:30,40.3,23
2025-06-11 12:00:00+05:30,41.4,22
2025-06-11 13:00:00+05:30,42.4,21
2025-06-11 14:00:00+05:30,42.8,21
2025-06-11 15:00:00+05:30,42.3,23
2025-06-11 16:00:00+05:30,41.3,27
2025-06-11 17:00:00+05:30,40.0,31
2025-06-11 18:00:00+05:30,39.0,35
2025-06-11 19:00:00+05:30,37.4,42
2025-06-11 20:00:00+05:30,36.4,48
2025-06-11 21:00:00+05:30,35.3,54
2025-06-11 22:00:00+05:30,34.4,59
2025-06-11 23:00:00+05:30,33.8,61
2025-06-12 00:00:00+05:30,33.4,61
2025-06-12 01:00:00+05:30,32.9,61
2025-06-12 02:00:00+05:30,32.4,63
2025-06-12 03:00:00+05:30,31.8,64
2025-06-12 04:00:00+05:30,31.2,66
2025-06-12 05:00:00+05:30,30.7,68
2025-06-12 06:00:00+05:30,32.2,64
2025-06-12 07:00:00+05:30,33.6,58
2025-06-12 08:00:00+05:30,35.5,50
2025-06-12 09:00:00+05:30,37.1,47
2025-06-12 10:00:00+05:30,38.8,42
2025-06-12 11:00:00+05:30,39.6,42
2025-06-12 12:00:00+05:30,40.0,42
2025-06-12 13:00:00+05:30,41.1,38
2025-06-12 14:00:00+05:30,41.8,36
2025-06-12 15:00:00+05:30,42.1,34
2025-06-12 16:00:00+05:30,40.6,38
2025-06-12 17:00:00+05:30,39.5,40
2025-06-12 18:00:00+05:30,39.2,36
2025-06-12 19:00:00+05:30,37.8,41
2025-06-12 20:00:00+05:30,37.0,45
2025-06-12 21:00:00+05:30,36.2,49
2025-06-12 22:00:00+05:30,35.2,53
2025-06-12 23:00:00+05:30,34.3,54
2025-06-13 00:00:00+05:30,33.5,55
2025-06-13 01:00:00+05:30,32.9,56
2025-06-13 02:00:00+05:30,32.4,56
2025-06-13 03:00:00+05:30,31.9,58
2025-06-13 04:00:00+05:30,31.3,61
2025-06-13 05:00:00+05:30,31.0,63
2025-06-13 06:00:00+05:30,33.1,62
2025-06-13 07:00:00+05:30,34.3,58
2025-06-13 08:00:00+05:30,36.1,49
2025-06-13 09:00:00+05:30,38.0,42
2025-06-13 10:00:00+05:30,39.2,39
2025-06-13 11:00:00+05:30,39.7,40
2025-06-13 12:00:00+05:30,39.0,45
2025-06-13 13:00:00+05:30,38.8,47
2025-06-13 14:00:00+05:30,39.8,43
2025-06-13 15:00:00+05:30,39.8,42
2025-06-13 16:00:00+05:30,39.4,43
2025-06-13 17:00:00+05:30,38.3,47
2025-06-13 18:00:00+05:30,35.6,49
2025-06-13 19:00:00+05:30,34.6,54
2025-06-13 20:00:00+05:30,34.0,57
2025-06-13 21:00:00+05:30,33.4,60
2025-06-13 22:00:00+05:30,32.9,62
2025-06-13 23:00:00+05:30,32.4,64
2025-06-14 00:00:00+05:30,32.0,64
2025-06-14 01:00:00+05:30,31.7,65
2025-06-14 02:00:00+05:30,31.4,65
2025-06-14 03:00:00+05:30,31.0,67
2025-06-14 04:00:00+05:30,30.7,68
2025-06-14 05:00:00+05:30,30.3,70
2025-06-14 06:00:00+05:30,30.7,69
2025-06-14 07:00:00+05:30,32.1,64
2025-06-14 08:00:00+05:30,34.0,58
2025-06-14 09:00:00+05:30,35.9,52
2025-06-14 10:00:00+05:30,37.7,46
2025-06-14 11:00:00+05:30,39.4,39
2025-06-14 12:00:00+05:30,40.8,34
2025-06-14 13:00:00+05:30,42.0,31
2025-06-14 14:00:00+05:30,42.6,28
2025-06-14 15:00:00+05:30,42.6,28
2025-06-14 16:00:00+05:30,40.1,40
2025-06-14 17:00:00+05:30,38.6,42
2025-06-14 18:00:00+05:30,38.4,35
2025-06-14 19:00:00+05:30,37.3,38
2025-06-14 20:00:00+05:30,37.0,38
2025-06-14 21:00:00+05:30,36.3,39
2025-06-14 22:00:00+05:30,35.3,45
2025-06-14 23:00:00+05:30,34.8,47
2025-06-15 00:00:00+05:30,34.3,48
2025-06-15 01:00:00+05:30,33.6,49
2025-06-15 02:00:00+05:30,32.8,52
2025-06-15 03:00:00+05:30,32.1,54
2025-06-15 04:00:00+05:30,31.6,55
2025-06-15 05:00:00+05:30,31.2,57
2025-06-15 06:00:00+05:30,30.5,65
2025-06-15 07:00:00+05:30,32.0,60
2025-06-15 08:00:00+05:30,32.4,50
2025-06-15 09:00:00+05:30,35.2,41
2025-06-15 10:00:00+05:30,34.7,51
2025-06-15 11:00:00+05:30,32.3,61
2025-06-15 12:00:00+05:30,35.4,49
2025-06-15 13:00:00+05:30,37.5,42
2025-06-15 14:00:00+05:30,38.4,40
2025-06-15 15:00:00+05:30,37.6,41
2025-06-15 16:00:00+05:30,37.8,41
2025-06-15 17:00:00+05:30,37.8,41
2025-06-15 18:00:00+05:30,33.8,60
2025-06-15 19:00:00+05:30,33.4,61
2025-06-15 20:00:00+05:30,33.2,62
2025-06-15 21:00:00+05:30,32.8,67
2025-06-15 22:00:00+05:30,32.3,68
2025-06-15 23:00:00+05:30,31.7,72
2025-06-16 00:00:00+05:30,30.9,75
2025-06-16 01:00:00+05:30,30.2,80
2025-06-16 02:00:00+05:30,29.6,82
2025-06-16 03:00:00+05:30,29.4,83
2025-06-16 04:00:00+05:30,28.5,85
2025-06-16 05:00:00+05:30,25.4,92
2025-06-16 06:00:00+05:30,25.4,93
2025-06-16 07:00:00+05:30,25.7,95
2025-06-16 08:00:00+05:30,27.3,88
2025-06-16 09:00:00+05:30,27.5,88
2025-06-16 10:00:00+05:30,27.6,88
2025-06-16 11:00:00+05:30,30.6,75
2025-06-16 12:00:00+05:30,31.3,73
2025-06-16 13:00:00+05:30,31.5,72
2025-06-16 14:00:00+05:30,32.2,69
2025-06-16 15:00:00+05:30,32.4,67
2025-06-16 16:00:00+05:30,32.5,67
2025-06-16 17:00:00+05:30,32.2,69
2025-06-16 18:00:00+05:30,31.6,71
2025-06-16 19:00:00+05:30,30.4,76
2025-06-16 20:00:00+05:30,29.9,79
2025-06-16 21:00:00+05:30,29.7,80
2025-06-16 22:00:00+05:30,29.3,79
2025-06-16 23:00:00+05:30,27.0,95
2025-06-17 00:00:00+05:30,27.2,94
2025-06-17 01:00:00+05:30,26.8,93
2025-06-17 02:00:00+05:30,26.7,93
2025-06-17 03:00:00+05:30,26.6,94
2025-06-17 04:00:00+05:30,26.1,94
2025-06-17 05:00:00+05:30,25.5,93
2025-06-17 06:00:00+05:30,26.5,93
2025-06-17 07:00:00+05:30,27.2,90
2025-06-17 08:00:00+05:30,28.1,85
2025-06-17 09:00:00+05:30,29.6,79
2025-06-17 10:00:00+05:30,31.2,74
2025-06-17 11:00:00+05:30,32.4,68
2025-06-17 12:00:00+05:30,33.2,65
2025-06-17 13:00:00+05:30,33.7,64
2025-06-17 14:00:00+05:30,34.0,63
2025-06-17 15:00:00+05:30,33.8,64
2025-06-17 16:00:00+05:30,33.4,64
2025-06-17 17:00:00+05:30,33.2,66
2025-06-17 18:00:00+05:30,31.1,78
2025-06-17 19:00:00+05:30,30.4,82
2025-06-17 20:00:00+05:30,29.7,79
2025-06-17 21:00:00+05:30,28.2,84
2025-06-17 22:00:00+05:30,27.3,84
2025-06-17 23:00:00+05:30,27.0,81
2025-06-18 00:00:00+05:30,26.3,84
2025-06-18 01:00:00+05:30,25.6,88
2025-06-18 02:00:00+05:30,25.4,88
2025-06-18 03:00:00+05:30,24.9,86
2025-06-18 04:00:00+05:30,24.5,89
2025-06-18 05:00:00+05:30,24.4,91
2025-06-18 06:00:00+05:30,26.2,88
2025-06-18 07:00:00+05:30,26.9,86
2025-06-18 08:00:00+05:30,27.9,83
2025-06-18 09:00:00+05:30,29.1,79
2025-06-18 10:00:00+05:30,30.3,74
2025-06-18 11:00:00+05:30,31.4,69
2025-06-18 12:00:00+05:30,32.2,66
2025-06-18 13:00:00+05:30,32.8,63
2025-06-18 14:00:00+05:30,33.3,61
2025-06-18 15:00:00+05:30,33.5,59
2025-06-18 16:00:00+05:30,33.6,56
2025-06-18 17:00:00+05:30,33.6,55
2025-06-18 18:00:00+05:30,32.0,69
2025-06-18 19:00:00+05:30,30.8,74
2025-06-18 20:00:00+05:30,30.0,77
2025-06-18 21:00:00+05:30,29.4,80
2025-06-18 22:00:00+05:30,29.1,83
2025-06-18 23:00:00+05:30,28.8,84
2025-06-19 00:00:00+05:30,28.5,86
2025-06-19 01:00:00+05:30,28.1,88
2025-06-19 02:00:00+05:30,27.9,89
2025-06-19 03:00:00+05:30,27.7,89
2025-06-19 04:00:00+05:30,27.6,87
2025-06-19 05:00:00+05:30,27.5,84
2025-06-19 06:00:00+05:30,27.2,87
2025-06-19 07:00:00+05:30,28.3,83
2025-06-19 08:00:00+05:30,29.7,76
2025-06-19 09:00:00+05:30,30.8,73
2025-06-19 10:00:00+05:30,31.5,70
2025-06-19 11:00:00+05:30,31.6,68
2025-06-19 12:00:00+05:30,32.4,66
2025-06-19 13:00:00+05:30,32.5,63
2025-06-19 14:00:00+05:30,32.9,61
2025-06-19 15:00:00+05:30,32.7,61
2025-06-19 16:00:00+05:30,32.8,61
2025-06-19 17:00:00+05:30,32.0,65
2025-06-19 18:00:00+05:30,31.6,68
2025-06-19 19:00:00+05:30,30.4,75
2025-06-19 20:00:00+05:30,29.8,79
2025-06-19 21:00:00+05:30,29.4,82
2025-06-19 22:00:00+05:30,28.9,85
2025-06-19 23:00:00+05:30,28.3,87
2025-06-20 00:00:00+05:30,27.9,87
2025-06-20 01:00:00+05:30,27.6,87
2025-06-20 02:00:00+05:30,27.4,89
2025-06-20 03:00:00+05:30,26.4,93
2025-06-20 04:00:00+05:30,26.0,95
2025-06-20 05:00:00+05:30,26.0,94
2025-06-20 06:00:00+05:30,27.5,92
2025-06-20 07:00:00+05:30,28.2,89
2025-06-20 08:00:00+05:30,29.1,83
2025-06-20 09:00:00+05:30,30.0,79
2025-06-20 10:00:00+05:30,30.4,77
2025-06-20 11:00:00+05:30,31.4,74
2025-06-20 12:00:00+05:30,31.4,73
2025-06-20 13:00:00+05:30,30.0,77
2025-06-20 14:00:00+05:30,30.6,74
2025-06-20 15:00:00+05:30,31.0,72
2025-06-20 16:00:00+05:30,30.8,73
2025-06-20 17:00:00+05:30,30.6,75
2025-06-20 18:00:00+05:30,30.3,78
2025-06-20 19:00:00+05:30,29.3,83
2025-06-20 20:00:00+05:30,28.6,86
2025-06-20 21:00:00+05:30,28.2,88
2025-06-20 22:00:00+05:30,27.8,90
2025-06-20 23:00:00+05:30,27.6,91
2025-06-21 00:00:00+05:30,27.4,93
2025-06-21 01:00:00+05:30,27.0,94
2025-06-21 02:00:00+05:30,26.8,93
2025-06-21 03:00:00+05:30,26.6,93
2025-06-21 04:00:00+05:30,26.4,93
2025-06-21 05:00:00+05:30,26.2,94
2025-06-21 06:00:00+05:30,27.3,92
2025-06-21 07:00:00+05:30,28.1,90
2025-06-21 08:00:00+05:30,29.4,84
2025-06-21 09:00:00+05:30,31.0,73
2025-06-21 10:00:00+05:30,32.4,65
2025-06-21 11:00:00+05:30,33.4,61
2025-06-21 12:00:00+05:30,34.1,57
2025-06-21 13:00:00+05:30,34.6,55
2025-06-21 14:00:00+05:30,35.1,54
2025-06-21 15:00:00+05:30,35.0,55
2025-06-21 16:00:00+05:30,34.9,56
2025-06-21 17:00:00+05:30,34.5,59
2025-06-21 18:00:00+05:30,32.6,69
2025-06-21 19:00:00+05:30,31.4,77
2025-06-21 20:00:00+05:30,31.0,80
2025-06-21 21:00:00+05:30,30.5,82
2025-06-21 22:00:00+05:30,30.0,85
2025-06-21 23:00:00+05:30,29.6,87
2025-06-22 00:00:00+05:30,29.2,88
2025-06-22 01:00:00+05:30,29.0,88
2025-06-22 02:00:00+05:30,28.7,87
2025-06-22 03:00:00+05:30,28.5,87
2025-06-22 04:00:00+05:30,28.3,88
2025-06-22 05:00:00+05:30,28.2,88
2025-06-22 06:00:00+05:30,29.8,81
2025-06-22 07:00:00+05:30,30.6,79
2025-06-22 08:00:00+05:30,31.7,71
2025-06-22 09:00:00+05:30,32.9,64
2025-06-22 10:00:00+05:30,33.8,60
2025-06-22 11:00:00+05:30,34.3,59
2025-06-22 12:00:00+05:30,31.8,69
2025-06-22 13:00:00+05:30,32.2,68
2025-06-22 14:00:00+05:30,33.2,65
2025-06-22 15:00:00+05:30,33.8,63
2025-06-22 16:00:00+05:30,33.8,63
2025-06-22 17:00:00+05:30,33.5,64
2025-06-22 18:00:00+05:30,32.2,68
2025-06-22 19:00:00+05:30,31.1,74
2025-06-22 20:00:00+05:30,30.6,78
2025-06-22 21:00:00+05:30,30.1,80
2025-06-22 22:00:00+05:30,29.6,82
2025-06-22 23:00:00+05:30,29.3,84
2025-06-23 00:00:00+05:30,29.1,85
2025-06-23 01:00:00+05:30,28.8,86
2025-06-23 02:00:00+05:30,28.4,88
2025-06-23 03:00:00+05:30,28.2,89
2025-06-23 04:00:00+05:30,27.9,92
2025-06-23 05:00:00+05:30,27.9,92
2025-06-23 06:00:00+05:30,29.4,89
2025-06-23 07:00:00+05:30,30.4,81
2025-06-23 08:00:00+05:30,31.2,78
2025-06-23 09:00:00+05:30,32.4,72
2025-06-23 10:00:00+05:30,33.6,64
2025-06-23 11:00:00+05:30,34.5,59
2025-06-23 12:00:00+05:30,35.0,57
2025-06-23 13:00:00+05:30,35.6,54
2025-06-23 14:00:00+05:30,35.7,53
2025-06-23 15:00:00+05:30,35.7,53
2025-06-23 16:00:00+05:30,35.3,54
2025-06-23 17:00:00+05:30,34.3,59
2025-06-23 18:00:00+05:30,33.0,65
2025-06-23 19:00:00+05:30,32.0,70
2025-06-23 20:00:00+05:30,31.2,75
2025-06-23 21:00:00+05:30,30.6,79
2025-06-23 22:00:00+05:30,29.8,83
2025-06-23 23:00:00+05:30,29.4,84
2025-06-24 00:00:00+05:30,28.9,85
2025-06-24 01:00:00+05:30,28.5,87
2025-06-24 02:00:00+05:30,28.2,88
2025-06-24 03:00:00+05:30,27.9,90
2025-06-24 04:00:00+05:30,27.6,91
2025-06-24 05:00:00+05:30,27.4,92
2025-06-24 06:00:00+05:30,27.8,86
2025-06-24 07:00:00+05:30,28.3,84
2025-06-24 08:00:00+05:30,30.2,76
2025-06-24 09:00:00+05:30,31.8,70
2025-06-24 10:00:00+05:30,33.1,65
2025-06-24 11:00:00+05:30,34.4,59
2025-06-24 12:00:00+05:30,35.9,53
2025-06-24 13:00:00+05:30,36.6,50
2025-06-24 14:00:00+05:30,36.8,48
2025-06-24 15:00:00+05:30,36.5,48
2025-06-24 16:00:00+05:30,36.0,50
2025-06-24 17:00:00+05:30,35.2,54
2025-06-24 18:00:00+05:30,32.0,77
2025-06-24 19:00:00+05:30,31.7,78
2025-06-24 20:00:00+05:30,31.3,81
2025-06-24 21:00:00+05:30,31.2,82
2025-06-24 22:00:00+05:30,30.8,83
2025-06-24 23:00:00+05:30,30.4,83
2025-06-25 00:00:00+05:30,30.0,83
2025-06-25 01:00:00+05:30,29.7,81
2025-06-25 02:00:00+05:30,29.1,82
2025-06-25 03:00:00+05:30,28.4,84
2025-06-25 04:00:00+05:30,27.0,93
2025-06-25 05:00:00+05:30,26.7,94
2025-06-25 06:00:00+05:30,27.4,94
2025-06-25 07:00:00+05:30,27.9,92
2025-06-25 08:00:00+05:30,28.3,89
2025-06-25 09:00:00+05:30,28.4,87
2025-06-25 10:00:00+05:30,28.2,88
2025-06-25 11:00:00+05:30,28.5,86
2025-06-25 12:00:00+05:30,28.5,86
2025-06-25 13:00:00+05:30,30.1,79
2025-06-25 14:00:00+05:30,31.3,72
2025-06-25 15:00:00+05:30,31.7,71
2025-06-25 16:00:00+05:30,32.0,70
2025-06-25 17:00:00+05:30,32.0,69
2025-06-25 18:00:00+05:30,30.9,79
2025-06-25 19:00:00+05:30,29.8,84
2025-06-25 20:00:00+05:30,29.2,87
2025-06-25 21:00:00+05:30,28.8,89
2025-06-25 22:00:00+05:30,28.5,89
2025-06-25 23:00:00+05:30,28.4,89
2025-06-26 00:00:00+05:30,28.2,90
2025-06-26 01:00:00+05:30,28.1,91
2025-06-26 02:00:00+05:30,26.8,94
2025-06-26 03:00:00+05:30,25.9,95
2025-06-26 04:00:00+05:30,26.2,94
2025-06-26 05:00:00+05:30,26.2,95
2025-06-26 06:00:00+05:30,28.4,88
2025-06-26 07:00:00+05:30,29.2,85
2025-06-26 08:00:00+05:30,30.4,81
2025-06-26 09:00:00+05:30,31.6,73
2025-06-26 10:00:00+05:30,32.5,68
2025-06-26 11:00:00+05:30,33.3,64
2025-06-26 12:00:00+05:30,33.8,62
2025-06-26 13:00:00+05:30,34.3,60
2025-06-26 14:00:00+05:30,34.5,58
2025-06-26 15:00:00+05:30,34.4,58
2025-06-26 16:00:00+05:30,34.0,60
2025-06-26 17:00:00+05:30,33.5,64
2025-06-26 18:00:00+05:30,32.5,71
2025-06-26 19:00:00+05:30,31.4,77
2025-06-26 20:00:00+05:30,30.9,78
2025-06-26 21:00:00+05:30,30.5,79
2025-06-26 22:00:00+05:30,30.1,79
2025-06-26 23:00:00+05:30,29.6,80
2025-06-27 00:00:00+05:30,29.2,81
2025-06-27 01:00:00+05:30,28.8,83
2025-06-27 02:00:00+05:30,28.5,85
2025-06-27 03:00:00+05:30,28.2,86
2025-06-27 04:00:00+05:30,27.9,86
2025-06-27 05:00:00+05:30,27.7,86
2025-06-27 06:00:00+05:30,29.2,83
2025-06-27 07:00:00+05:30,29.9,80
2025-06-27 08:00:00+05:30,30.4,77
2025-06-27 09:00:00+05:30,30.7,75
2025-06-27 10:00:00+05:30,31.4,74
2025-06-27 11:00:00+05:30,32.1,71
2025-06-27 12:00:00+05:30,32.6,69
2025-06-27 13:00:00+05:30,33.4,67
2025-06-27 14:00:00+05:30,33.7,65
2025-06-27 15:00:00+05:30,33.7,63
2025-06-27 16:00:00+05:30,33.5,63
2025-06-27 17:00:00+05:30,33.0,66
2025-06-27 18:00:00+05:30,32.7,69
2025-06-27 19:00:00+05:30,31.6,74
2025-06-27 20:00:00+05:30,30.9,76
2025-06-27 21:00:00+05:30,30.2,79
2025-06-27 22:00:00+05:30,29.8,82
2025-06-27 23:00:00+05:30,29.4,85
2025-06-28 00:00:00+05:30,28.7,86
2025-06-28 01:00:00+05:30,27.2,91
2025-06-28 02:00:00+05:30,26.7,93
2025-06-28 03:00:00+05:30,26.0,95
2025-06-28 04:00:00+05:30,25.7,95
2025-06-28 05:00:00+05:30,25.6,94
2025-06-28 06:00:00+05:30,28.3,90
2025-06-28 07:00:00+05:30,29.5,82
2025-06-28 08:00:00+05:30,30.5,79
2025-06-28 09:00:00+05:30,31.8,71
2025-06-28 10:00:00+05:30,32.9,63
2025-06-28 11:00:00+05:30,33.9,59
2025-06-28 12:00:00+05:30,34.8,55
2025-06-28 13:00:00+05:30,35.5,54
2025-06-28 14:00:00+05:30,36.0,53
2025-06-28 15:00:00+05:30,36.2,52
2025-06-28 16:00:00+05:30,35.8,52
2025-06-28 17:00:00+05:30,35.0,54
2025-06-28 18:00:00+05:30,31.4,75
2025-06-28 19:00:00+05:30,31.0,80
2025-06-28 20:00:00+05:30,30.7,81
2025-06-28 21:00:00+05:30,30.5,83
2025-06-28 22:00:00+05:30,30.0,84
2025-06-28 23:00:00+05:30,29.3,88
2025-06-29 00:00:00+05:30,27.5,93
2025-06-29 01:00:00+05:30,26.9,95
2025-06-29 02:00:00+05:30,26.5,97
2025-06-29 03:00:00+05:30,26.3,96
2025-06-29 04:00:00+05:30,26.2,96
2025-06-29 05:00:00+05:30,26.1,97
2025-06-29 06:00:00+05:30,28.3,95
2025-06-29 07:00:00+05:30,29.0,90
2025-06-29 08:00:00+05:30,29.8,83
2025-06-29 09:00:00+05:30,30.0,81
2025-06-29 10:00:00+05:30,30.8,77
2025-06-29 11:00:00+05:30,31.9,70
2025-06-29 12:00:00+05:30,33.2,62
2025-06-29 13:00:00+05:30,33.3,62
2025-06-29 14:00:00+05:30,32.0,68
2025-06-29 15:00:00+05:30,32.0,67
2025-06-29 16:00:00+05:30,31.6,70
2025-06-29 17:00:00+05:30,31.5,71
2025-06-29 18:00:00+05:30,30.6,74
2025-06-29 19:00:00+05:30,30.0,78
2025-06-29 20:00:00+05:30,29.5,81
2025-06-29 21:00:00+05:30,29.1,83
2025-06-29 22:00:00+05:30,28.8,85
2025-06-29 23:00:00+05:30,28.5,86
2025-06-30 00:00:00+05:30,28.2,88
2025-06-30 01:00:00+05:30,27.5,88
2025-06-30 02:00:00+05:30,25.5,96
2025-06-30 03:00:00+05:30,25.2,98
2025-06-30 04:00:00+05:30,25.3,96
2025-06-30 05:00:00+05:30,25.3,96
2025-06-30 06:00:00+05:30,26.1,95
2025-06-30 07:00:00+05:30,26.0,94
2025-06-30 08:00:00+05:30,26.7,86
2025-06-30 09:00:00+05:30,28.2,79
2025-06-30 10:00:00+05:30,29.6,76
2025-06-30 11:00:00+05:30,30.4,74
2025-06-30 12:00:00+05:30,31.1,73
2025-06-30 13:00:00+05:30,31.6,73
2025-06-30 14:00:00+05:30,32.0,71
2025-06-30 15:00:00+05:30,29.7,79
2025-06-30 16:00:00+05:30,26.7,93
2025-06-30 17:00:00+05:30,27.0,92
2025-06-30 18:00:00+05:30,28.7,85
2025-06-30 19:00:00+05:30,28.2,88
2025-06-30 20:00:00+05:30,27.5,92
2025-06-30 21:00:00+05:30,26.7,96
2025-06-30 22:00:00+05:30,26.7,97
2025-06-30 23:00:00+05:30,26.5,97
2025-07-01 00:00:00+05:30,26.3,98
2025-07-01 01:00:00+05:30,26.2,98
2025-07-01 02:00:00+05:30,25.9,96
2025-07-01 03:00:00+05:30,25.4,95
2025-07-01 04:00:00+05:30,24.8,97
2025-07-01 05:00:00+05:30,25.0,96
2025-07-01 06:00:00+05:30,26.0,98
2025-07-01 07:00:00+05:30,26.4,97
2025-07-01 08:00:00+05:30,26.8,97
2025-07-01 09:00:00+05:30,26.7,95
2025-07-01 10:00:00+05:30,28.2,87
2025-07-01 11:00:00+05:30,30.9,71
2025-07-01 12:00:00+05:30,32.0,65
2025-07-01 13:00:00+05:30,32.8,61
2025-07-01 14:00:00+05:30,33.0,59
2025-07-01 15:00:00+05:30,33.2,60
2025-07-01 16:00:00+05:30,32.9,61
2025-07-01 17:00:00+05:30,32.4,64
2025-07-01 18:00:00+05:30,30.9,74
2025-07-01 19:00:00+05:30,29.8,81
2025-07-01 20:00:00+05:30,29.7,84
2025-07-01 21:00:00+05:30,29.3,85
2025-07-01 22:00:00+05:30,28.8,86
2025-07-01 23:00:00+05:30,28.4,89
2025-07-02 00:00:00+05:30,28.0,91
2025-07-02 01:00:00+05:30,27.8,92
2025-07-02 02:00:00+05:30,27.6,92
2025-07-02 03:00:00+05:30,27.3,93
2025-07-02 04:00:00+05:30,27.1,94
2025-07-02 05:00:00+05:30,27.0,94
2025-07-02 06:00:00+05:30,27.5,91
2025-07-02 07:00:00+05:30,28.4,88
2025-07-02 08:00:00+05:30,29.8,81
2025-07-02 09:00:00+05:30,31.1,73
2025-07-02 10:00:00+05:30,31.7,73
2025-07-02 11:00:00+05:30,32.6,69
2025-07-02 12:00:00+05:30,32.3,67
2025-07-02 13:00:00+05:30,31.9,70
2025-07-02 14:00:00+05:30,32.8,70
2025-07-02 15:00:00+05:30,33.1,69
2025-07-02 16:00:00+05:30,32.8,70
2025-07-02 17:00:00+05:30,31.9,71
2025-07-02 18:00:00+05:30,31.6,73
2025-07-02 19:00:00+05:30,30.5,79
2025-07-02 20:00:00+05:30,30.0,83
2025-07-02 21:00:00+05:30,29.6,84
2025-07-02 22:00:00+05:30,29.2,85
2025-07-02 23:00:00+05:30,28.7,87
2025-07-03 00:00:00+05:30,28.2,87
2025-07-03 01:00:00+05:30,27.8,88
2025-07-03 02:00:00+05:30,27.5,90
2025-07-03 03:00:00+05:30,27.2,92
2025-07-03 04:00:00+05:30,27.0,93
2025-07-03 05:00:00+05:30,26.8,93
2025-07-03 06:00:00+05:30,27.4,89
2025-07-03 07:00:00+05:30,28.0,87
2025-07-03 08:00:00+05:30,29.3,81
2025-07-03 09:00:00+05:30,30.8,72
2025-07-03 10:00:00+05:30,31.8,68
2025-07-03 11:00:00+05:30,32.5,64
2025-07-03 12:00:00+05:30,33.0,64
2025-07-03 13:00:00+05:30,33.4,62
2025-07-03 14:00:00+05:30,33.5,62
2025-07-03 15:00:00+05:30,33.3,62
2025-07-03 16:00:00+05:30,33.4,63
2025-07-03 17:00:00+05:30,32.8,65
2025-07-03 18:00:00+05:30,32.0,71
2025-07-03 19:00:00+05:30,31.1,78
2025-07-03 20:00:00+05:30,30.5,81
2025-07-03 21:00:00+05:30,29.9,84
2025-07-03 22:00:00+05:30,29.5,85
2025-07-03 23:00:00+05:30,29.1,85
2025-07-04 00:00:00+05:30,28.7,85
2025-07-04 01:00:00+05:30,28.1,87
2025-07-04 02:00:00+05:30,27.7,88
2025-07-04 03:00:00+05:30,27.4,90
2025-07-04 04:00:00+05:30,27.1,91
2025-07-04 05:00:00+05:30,26.8,93
2025-07-04 06:00:00+05:30,28.2,91
2025-07-04 07:00:00+05:30,28.9,86
2025-07-04 08:00:00+05:30,29.9,80
2025-07-04 09:00:00+05:30,31.2,74
2025-07-04 10:00:00+05:30,32.3,68
2025-07-04 11:00:00+05:30,33.3,62
2025-07-04 12:00:00+05:30,34.1,60
2025-07-04 13:00:00+05:30,34.3,60
2025-07-04 14:00:00+05:30,34.2,61
2025-07-04 15:00:00+05:30,34.1,62
2025-07-04 16:00:00+05:30,34.1,61
2025-07-04 17:00:00+05:30,33.8,63
2025-07-04 18:00:00+05:30,30.0,78
2025-07-04 19:00:00+05:30,29.5,81
2025-07-04 20:00:00+05:30,29.5,83
2025-07-04 21:00:00+05:30,29.4,85
2025-07-04 22:00:00+05:30,29.1,87
2025-07-04 23:00:00+05:30,28.8,88
2025-07-05 00:00:00+05:30,28.6,87
2025-07-05 01:00:00+05:30,28.4,88
2025-07-05 02:00:00+05:30,27.1,92
2025-07-05 03:00:00+05:30,26.8,94
2025-07-05 04:00:00+05:30,26.7,94
2025-07-05 05:00:00+05:30,26.5,95
2025-07-05 06:00:00+05:30,29.3,84
2025-07-05 07:00:00+05:30,30.1,80
2025-07-05 08:00:00+05:30,31.2,74
2025-07-05 09:00:00+05:30,32.7,66
2025-07-05 10:00:00+05:30,33.8,62
2025-07-05 11:00:00+05:30,34.9,57
2025-07-05 12:00:00+05:30,35.4,55
2025-07-05 13:00:00+05:30,35.5,55
2025-07-05 14:00:00+05:30,35.9,54
2025-07-05 15:00:00+05:30,35.6,54
2025-07-05 16:00:00+05:30,34.8,58
2025-07-05 17:00:00+05:30,34.3,60
2025-07-05 18:00:00+05:30,33.1,62
2025-07-05 19:00:00+05:30,31.7,70
2025-07-05 20:00:00+05:30,30.7,77
2025-07-05 21:00:00+05:30,29.8,80
2025-07-05 22:00:00+05:30,29.4,82
2025-07-05 23:00:00+05:30,29.2,83
2025-07-06 00:00:00+05:30,28.7,85
2025-07-06 01:00:00+05:30,28.4,86
2025-07-06 02:00:00+05:30,28.2,87
2025-07-06 03:00:00+05:30,27.6,89
2025-07-06 04:00:00+05:30,27.4,91
2025-07-06 05:00:00+05:30,27.4,92
2025-07-06 06:00:00+05:30,27.8,85
2025-07-06 07:00:00+05:30,28.9,79
2025-07-06 08:00:00+05:30,30.3,74
2025-07-06 09:00:00+05:30,31.4,71
2025-07-06 10:00:00+05:30,33.0,64
2025-07-06 11:00:00+05:30,34.4,58
2025-07-06 12:00:00+05:30,34.7,57
2025-07-06 13:00:00+05:30,35.6,55
2025-07-06 14:00:00+05:30,35.6,55
2025-07-06 15:00:00+05:30,35.4,55
2025-07-06 16:00:00+05:30,35.3,55
2025-07-06 17:00:00+05:30,35.1,56
2025-07-06 18:00:00+05:30,33.1,66
2025-07-06 19:00:00+05:30,32.8,69
2025-07-06 20:00:00+05:30,32.1,72
2025-07-06 21:00:00+05:30,31.1,77
2025-07-06 22:00:00+05:30,30.2,79
2025-07-06 23:00:00+05:30,27.6,87
2025-07-07 00:00:00+05:30,26.5,94
2025-07-07 01:00:00+05:30,26.5,94
2025-07-07 02:00:00+05:30,26.5,94
2025-07-07 03:00:00+05:30,26.4,94
2025-07-07 04:00:00+05:30,26.2,96
2025-07-07 05:00:00+05:30,26.0,97
2025-07-07 06:00:00+05:30,26.1,97
2025-07-07 07:00:00+05:30,26.3,95
2025-07-07 08:00:00+05:30,26.4,97
2025-07-07 09:00:00+05:30,27.4,93
2025-07-07 10:00:00+05:30,28.5,86
2025-07-07 11:00:00+05:30,30.1,79
2025-07-07 12:00:00+05:30,31.8,71
2025-07-07 13:00:00+05:30,32.8,66
2025-07-07 14:00:00+05:30,33.4,65
2025-07-07 15:00:00+05:30,33.5,65
2025-07-07 16:00:00+05:30,33.3,65
2025-07-07 17:00:00+05:30,33.1,66
2025-07-07 18:00:00+05:30,31.2,75
2025-07-07 19:00:00+05:30,30.2,78
2025-07-07 20:00:00+05:30,29.7,82
2025-07-07 21:00:00+05:30,29.6,83
2025-07-07 22:00:00+05:30,29.5,82
2025-07-07 23:00:00+05:30,28.7,87
2025-07-08 00:00:00+05:30,28.3,89
2025-07-08 01:00:00+05:30,28.0,90
2025-07-08 02:00:00+05:30,27.7,92
2025-07-08 03:00:00+05:30,27.4,92
2025-07-08 04:00:00+05:30,27.1,94
2025-07-08 05:00:00+05:30,27.0,94
2025-07-08 06:00:00+05:30,28.9,89
2025-07-08 07:00:00+05:30,29.9,85
2025-07-08 08:00:00+05:30,30.6,77
2025-07-08 09:00:00+05:30,31.4,73
2025-07-08 10:00:00+05:30,32.2,71
2025-07-08 11:00:00+05:30,33.1,66
2025-07-08 12:00:00+05:30,33.8,63
2025-07-08 13:00:00+05:30,34.1,62
2025-07-08 14:00:00+05:30,34.4,59
2025-07-08 15:00:00+05:30,34.2,60
2025-07-08 16:00:00+05:30,34.2,62
2025-07-08 17:00:00+05:30,33.9,63
2025-07-08 18:00:00+05:30,33.7,63
2025-07-08 19:00:00+05:30,31.9,78
2025-07-08 20:00:00+05:30,31.3,80
2025-07-08 21:00:00+05:30,30.8,83
2025-07-08 22:00:00+05:30,30.0,86
2025-07-08 23:00:00+05:30,29.5,87
2025-07-09 00:00:00+05:30,29.0,87
2025-07-09 01:00:00+05:30,28.9,87
2025-07-09 02:00:00+05:30,28.6,88
2025-07-09 03:00:00+05:30,28.1,89
2025-07-09 04:00:00+05:30,27.0,90
2025-07-09 05:00:00+05:30,26.7,92
2025-07-09 06:00:00+05:30,27.7,85
2025-07-09 07:00:00+05:30,28.4,83
2025-07-09 08:00:00+05:30,29.7,79
2025-07-09 09:00:00+05:30,31.0,74
2025-07-09 10:00:00+05:30,32.2,68
2025-07-09 11:00:00+05:30,28.8,80
2025-07-09 12:00:00+05:30,28.1,82
2025-07-09 13:00:00+05:30,29.5,80
2025-07-09 14:00:00+05:30,30.7,76
2025-07-09 15:00:00+05:30,31.1,75
2025-07-09 16:00:00+05:30,30.8,77
2025-07-09 17:00:00+05:30,30.6,78
2025-07-09 18:00:00+05:30,30.3,79
2025-07-09 19:00:00+05:30,29.4,87
2025-07-09 20:00:00+05:30,29.0,89
2025-07-09 21:00:00+05:30,28.6,91
2025-07-09 22:00:00+05:30,27.9,93
2025-07-09 23:00:00+05:30,27.1,88
2025-07-10 00:00:00+05:30,26.7,92
2025-07-10 01:00:00+05:30,26.5,94
2025-07-10 02:00:00+05:30,26.4,95
2025-07-10 03:00:00+05:30,26.3,96
2025-07-10 04:00:00+05:30,26.1,97
2025-07-10 05:00:00+05:30,25.7,96
2025-07-10 06:00:00+05:30,26.3,92
2025-07-10 07:00:00+05:30,26.7,87
2025-07-10 08:00:00+05:30,27.3,82
2025-07-10 09:00:00+05:30,27.7,79
2025-07-10 10:00:00+05:30,27.9,78
2025-07-10 11:00:00+05:30,28.1,77
2025-07-10 12:00:00+05:30,29.2,74
2025-07-10 13:00:00+05:30,29.4,72
2025-07-10 14:00:00+05:30,29.1,75
2025-07-10 15:00:00+05:30,28.8,78
2025-07-10 16:00:00+05:30,29.6,76
2025-07-10 17:00:00+05:30,29.4,76
2025-07-10 18:00:00+05:30,28.4,81
2025-07-10 19:00:00+05:30,27.7,86
2025-07-10 20:00:00+05:30,27.3,89
2025-07-10 21:00:00+05:30,27.0,89
2025-07-10 22:00:00+05:30,26.9,91
2025-07-10 23:00:00+05:30,26.6,93
2025-07-11 00:00:00+05:30,26.0,96
2025-07-11 01:00:00+05:30,26.0,96
2025-07-11 02:00:00+05:30,25.9,97
2025-07-11 03:00:00+05:30,25.7,98
2025-07-11 04:00:00+05:30,25.7,98
2025-07-11 05:00:00+05:30,25.8,97
2025-07-11 06:00:00+05:30,27.2,95
2025-07-11 07:00:00+05:30,27.1,90
2025-07-11 08:00:00+05:30,27.4,89
2025-07-11 09:00:00+05:30,28.0,88
2025-07-11 10:00:00+05:30,29.1,80
2025-07-11 11:00:00+05:30,29.7,74
2025-07-11 12:00:00+05:30,30.4,70
2025-07-11 13:00:00+05:30,30.8,69
2025-07-11 14:00:00+05:30,31.0,68
2025-07-11 15:00:00+05:30,31.6,66
2025-07-11 16:00:00+05:30,31.6,66
2025-07-11 17:00:00+05:30,31.3,67
2025-07-11 18:00:00+05:30,30.2,76
2025-07-11 19:00:00+05:30,29.1,83
2025-07-11 20:00:00+05:30,28.7,84
2025-07-11 21:00:00+05:30,28.6,85
2025-07-11 22:00:00+05:30,28.4,85
2025-07-11 23:00:00+05:30,27.8,89
2025-07-12 00:00:00+05:30,27.4,91
2025-07-12 01:00:00+05:30,27.0,93
2025-07-12 02:00:00+05:30,26.7,95
2025-07-12 03:00:00+05:30,26.6,96
2025-07-12 04:00:00+05:30,26.6,96
2025-07-12 05:00:00+05:30,26.3,97
2025-07-12 06:00:00+05:30,26.8,92
2025-07-12 07:00:00+05:30,27.9,86
2025-07-12 08:00:00+05:30,29.3,79
2025-07-12 09:00:00+05:30,30.4,75
2025-07-12 10:00:00+05:30,31.5,70
2025-07-12 11:00:00+05:30,32.4,65
2025-07-12 12:00:00+05:30,33.1,64
2025-07-12 13:00:00+05:30,33.6,63
2025-07-12 14:00:00+05:30,33.7,61
2025-07-12 15:00:00+05:30,34.0,61
2025-07-12 16:00:00+05:30,33.2,61
2025-07-12 17:00:00+05:30,30.1,78
2025-07-12 18:00:00+05:30,28.8,84
2025-07-12 19:00:00+05:30,27.9,88
2025-07-12 20:00:00+05:30,27.6,90
2025-07-12 21:00:00+05:30,27.5,91
2025-07-12 22:00:00+05:30,27.3,93
2025-07-12 23:00:00+05:30,27.2,94
2025-07-13 00:00:00+05:30,27.1,94
2025-07-13 01:00:00+05:30,26.8,95
2025-07-13 02:00:00+05:30,26.7,95
2025-07-13 03:00:00+05:30,26.4,97
2025-07-13 04:00:00+05:30,26.4,97
2025-07-13 05:00:00+05:30,26.3,97
2025-07-13 06:00:00+05:30,27.8,94
2025-07-13 07:00:00+05:30,28.9,90
2025-07-13 08:00:00+05:30,29.0,74
2025-07-13 09:00:00+05:30,28.9,80
2025-07-13 10:00:00+05:30,30.1,78
2025-07-13 11:00:00+05:30,31.5,74
2025-07-13 12:00:00+05:30,32.0,71
2025-07-13 13:00:00+05:30,32.4,70
2025-07-13 14:00:00+05:30,32.5,70
2025-07-13 15:00:00+05:30,27.6,86
2025-07-13 16:00:00+05:30,27.4,88
2025-07-13 17:00:00+05:30,27.7,88
2025-07-13 18:00:00+05:30,27.9,87
2025-07-13 19:00:00+05:30,27.4,92
2025-07-13 20:00:00+05:30,27.4,93
2025-07-13 21:00:00+05:30,27.8,92
2025-07-13 22:00:00+05:30,28.2,89
2025-07-13 23:00:00+05:30,28.2,88
2025-07-14 00:00:00+05:30,28.2,87
2025-07-14 01:00:00+05:30,28.1,87
2025-07-14 02:00:00+05:30,27.8,88
2025-07-14 03:00:00+05:30,27.5,90
2025-07-14 04:00:00+05:30,27.2,91
2025-07-14 05:00:00+05:30,27.1,90
2025-07-14 06:00:00+05:30,26.2,94
2025-07-14 07:00:00+05:30,26.8,91
2025-07-14 08:00:00+05:30,27.7,87
2025-07-14 09:00:00+05:30,29.0,79
2025-07-14 10:00:00+05:30,29.9,74
2025-07-14 11:00:00+05:30,30.3,72
2025-07-14 12:00:00+05:30,30.5,74
2025-07-14 13:00:00+05:30,31.1,72
2025-07-14 14:00:00+05:30,30.5,73
2025-07-14 15:00:00+05:30,30.8,74
2025-07-14 16:00:00+05:30,30.7,77
2025-07-14 17:00:00+05:30,27.6,87
2025-07-14 18:00:00+05:30,28.4,87
2025-07-14 19:00:00+05:30,28.4,87
2025-07-14 20:00:00+05:30,28.1,88
2025-07-14 21:00:00+05:30,27.6,88
2025-07-14 22:00:00+05:30,27.5,88
2025-07-14 23:00:00+05:30,27.0,87
2025-07-15 00:00:00+05:30,26.1,91
2025-07-15 01:00:00+05:30,26.3,91
2025-07-15 02:00:00+05:30,26.2,92
2025-07-15 03:00:00+05:30,26.1,92
2025-07-15 04:00:00+05:30,25.9,93
2025-07-15 05:00:00+05:30,25.8,93
2025-07-15 06:00:00+05:30,26.2,93
2025-07-15 07:00:00+05:30,26.8,89
2025-07-15 08:00:00+05:30,27.6,86
2025-07-15 09:00:00+05:30,27.8,85
2025-07-15 10:00:00+05:30,29.1,78
2025-07-15 11:00:00+05:30,30.1,74
2025-07-15 12:00:00+05:30,30.7,70
2025-07-15 13:00:00+05:30,31.8,65
2025-07-15 14:00:00+05:30,32.6,62
2025-07-15 15:00:00+05:30,32.4,62
2025-07-15 16:00:00+05:30,31.7,64
2025-07-15 17:00:00+05:30,30.9,70
2025-07-15 18:00:00+05:30,29.9,76
2025-07-15 19:00:00+05:30,28.9,81
2025-07-15 20:00:00+05:30,27.7,89
2025-07-15 21:00:00+05:30,27.6,90
2025-07-15 22:00:00+05:30,27.3,92
2025-07-15 23:00:00+05:30,27.0,92
2025-07-16 00:00:00+05:30,26.7,93
2025-07-16 01:00:00+05:30,26.4,95
2025-07-16 02:00:00+05:30,26.2,97
2025-07-16 03:00:00+05:30,26.1,96
2025-07-16 04:00:00+05:30,25.3,98
2025-07-16 05:00:00+05:30,25.2,97
2025-07-16 06:00:00+05:30,26.7,91
2025-07-16 07:00:00+05:30,27.5,88
2025-07-16 08:00:00+05:30,28.8,83
2025-07-16 09:00:00+05:30,30.4,76
2025-07-16 10:00:00+05:30,31.7,68
2025-07-16 11:00:00+05:30,32.3,65
2025-07-16 12:00:00+05:30,32.6,64
2025-07-16 13:00:00+05:30,32.3,65
2025-07-16 14:00:00+05:30,30.9,69
2025-07-16 15:00:00+05:30,31.0,71
2025-07-16 16:00:00+05:30,30.7,73
2025-07-16 17:00:00+05:30,30.1,77
2025-07-16 18:00:00+05:30,30.0,78
2025-07-16 19:00:00+05:30,29.3,84
2025-07-16 20:00:00+05:30,28.8,87
2025-07-16 21:00:00+05:30,28.4,88
2025-07-16 22:00:00+05:30,28.1,89
2025-07-16 23:00:00+05:30,27.9,90
2025-07-17 00:00:00+05:30,27.6,91
2025-07-17 01:00:00+05:30,27.4,92
2025-07-17 02:00:00+05:30,27.3,93
2025-07-17 03:00:00+05:30,27.1,93
2025-07-17 04:00:00+05:30,27.0,93
2025-07-17 05:00:00+05:30,27.0,93
2025-07-17 06:00:00+05:30,26.8,85
2025-07-17 07:00:00+05:30,27.4,84
2025-07-17 08:00:00+05:30,28.0,80
2025-07-17 09:00:00+05:30,29.0,75
2025-07-17 10:00:00+05:30,29.8,72
2025-07-17 11:00:00+05:30,30.3,69
2025-07-17 12:00:00+05:30,30.1,70
2025-07-17 13:00:00+05:30,29.9,72
2025-07-17 14:00:00+05:30,30.2,72
2025-07-17 15:00:00+05:30,31.0,68
2025-07-17 16:00:00+05:30,31.3,67
2025-07-17 17:00:00+05:30,30.9,69
2025-07-17 18:00:00+05:30,29.6,81
2025-07-17 19:00:00+05:30,28.9,87
2025-07-17 20:00:00+05:30,28.3,88
2025-07-17 21:00:00+05:30,27.5,91
2025-07-17 22:00:00+05:30,27.4,92
2025-07-17 23:00:00+05:30,27.0,94
2025-07-18 00:00:00+05:30,26.6,95
2025-07-18 01:00:00+05:30,26.7,94
2025-07-18 02:00:00+05:30,26.8,91
2025-07-18 03:00:00+05:30,26.8,90
2025-07-18 04:00:00+05:30,26.7,91
2025-07-18 05:00:00+05:30,26.6,91
2025-07-18 06:00:00+05:30,27.2,85
2025-07-18 07:00:00+05:30,27.8,82
2025-07-18 08:00:00+05:30,28.9,77
2025-07-18 09:00:00+05:30,30.1,70
2025-07-18 10:00:00+05:30,31.1,68
2025-07-18 11:00:00+05:30,31.4,68
2025-07-18 12:00:00+05:30,31.8,67
2025-07-18 13:00:00+05:30,32.4,65
2025-07-18 14:00:00+05:30,32.0,67
2025-07-18 15:00:00+05:30,29.3,80
2025-07-18 16:00:00+05:30,29.4,78
2025-07-18 17:00:00+05:30,29.4,79
2025-07-18 18:00:00+05:30,29.5,76
2025-07-18 19:00:00+05:30,28.6,80
2025-07-18 20:00:00+05:30,28.1,81
2025-07-18 21:00:00+05:30,27.9,82
2025-07-18 22:00:00+05:30,27.5,83
2025-07-18 23:00:00+05:30,27.2,85
2025-07-19 00:00:00+05:30,26.8,87
2025-07-19 01:00:00+05:30,26.6,89
2025-07-19 02:00:00+05:30,26.3,90
2025-07-19 03:00:00+05:30,26.2,90
2025-07-19 04:00:00+05:30,26.0,91
2025-07-19 05:00:00+05:30,25.9,91
2025-07-19 06:00:00+05:30,26.4,91
2025-07-19 07:00:00+05:30,27.1,87
2025-07-19 08:00:00+05:30,28.1,82
2025-07-19 09:00:00+05:30,29.2,76
2025-07-19 10:00:00+05:30,30.4,70
2025-07-19 11:00:00+05:30,31.5,65
2025-07-19 12:00:00+05:30,32.3,61
2025-07-19 13:00:00+05:30,32.6,59
2025-07-19 14:00:00+05:30,32.9,57
2025-07-19 15:00:00+05:30,32.8,57
2025-07-19 16:00:00+05:30,32.6,58
2025-07-19 17:00:00+05:30,32.2,61
2025-07-19 18:00:00+05:30,31.5,71
2025-07-19 19:00:00+05:30,30.2,76
2025-07-19 20:00:00+05:30,29.5,79
2025-07-19 21:00:00+05:30,29.1,80
2025-07-19 22:00:00+05:30,28.7,81
2025-07-19 23:00:00+05:30,28.4,81
2025-07-20 00:00:00+05:30,28.0,83
2025-07-20 01:00:00+05:30,27.5,85
2025-07-20 02:00:00+05:30,27.1,87
2025-07-20 03:00:00+05:30,26.8,88
2025-07-20 04:00:00+05:30,26.6,89
2025-07-20 05:00:00+05:30,26.5,88
2025-07-20 06:00:00+05:30,27.8,85
2025-07-20 07:00:00+05:30,28.7,82
2025-07-20 08:00:00+05:30,29.9,75
2025-07-20 09:00:00+05:30,30.9,69
2025-07-20 10:00:00+05:30,31.9,65
2025-07-20 11:00:00+05:30,33.0,60
2025-07-20 12:00:00+05:30,33.9,56
2025-07-20 13:00:00+05:30,34.6,53
2025-07-20 14:00:00+05:30,34.9,51
2025-07-20 15:00:00+05:30,34.8,51
2025-07-20 16:00:00+05:30,34.6,50
2025-07-20 17:00:00+05:30,34.2,52
2025-07-20 18:00:00+05:30,32.7,62
2025-07-20 19:00:00+05:30,31.5,68
2025-07-20 20:00:00+05:30,30.8,73
2025-07-20 21:00:00+05:30,30.1,77
2025-07-20 22:00:00+05:30,29.5,80
2025-07-20 23:00:00+05:30,29.0,82
2025-07-21 00:00:00+05:30,28.8,81
2025-07-21 01:00:00+05:30,28.4,80
2025-07-21 02:00:00+05:30,27.9,82
2025-07-21 03:00:00+05:30,27.6,82
2025-07-21 04:00:00+05:30,27.2,84
2025-07-21 05:00:00+05:30,26.9,85
2025-07-21 06:00:00+05:30,28.4,83
2025-07-21 07:00:00+05:30,28.8,82
2025-07-21 08:00:00+05:30,29.5,77
2025-07-21 09:00:00+05:30,30.6,70
2025-07-21 10:00:00+05:30,30.1,73
2025-07-21 11:00:00+05:30,29.9,74
2025-07-21 12:00:00+05:30,29.9,74
2025-07-21 13:00:00+05:30,30.6,71
2025-07-21 14:00:00+05:30,31.4,68
2025-07-21 15:00:00+05:30,31.4,67
2025-07-21 16:00:00+05:30,31.2,67
2025-07-21 17:00:00+05:30,30.7,70
2025-07-21 18:00:00+05:30,29.6,76
2025-07-21 19:00:00+05:30,29.0,80
2025-07-21 20:00:00+05:30,28.4,85
2025-07-21 21:00:00+05:30,28.0,87
2025-07-21 22:00:00+05:30,27.6,91
2025-07-21 23:00:00+05:30,27.3,91
2025-07-22 00:00:00+05:30,27.0,92
2025-07-22 01:00:00+05:30,26.8,92
2025-07-22 02:00:00+05:30,26.6,92
2025-07-22 03:00:00+05:30,26.4,91
2025-07-22 04:00:00+05:30,26.2,92
2025-07-22 05:00:00+05:30,26.0,93
2025-07-22 06:00:00+05:30,28.1,91
2025-07-22 07:00:00+05:30,28.5,81
2025-07-22 08:00:00+05:30,29.1,80
2025-07-22 09:00:00+05:30,30.5,74
2025-07-22 10:00:00+05:30,31.9,68
2025-07-22 11:00:00+05:30,32.9,62
2025-07-22 12:00:00+05:30,33.8,59
2025-07-22 13:00:00+05:30,34.1,57
2025-07-22 14:00:00+05:30,34.5,55
2025-07-22 15:00:00+05:30,34.7,53
2025-07-22 16:00:00+05:30,34.6,52
2025-07-22 17:00:00+05:30,34.2,53
2025-07-22 18:00:00+05:30,31.7,67
2025-07-22 19:00:00+05:30,30.7,77
2025-07-22 20:00:00+05:30,30.3,81
2025-07-22 21:00:00+05:30,29.8,83
2025-07-22 22:00:00+05:30,29.4,85
2025-07-22 23:00:00+05:30,29.0,88
2025-07-23 00:00:00+05:30,28.9,86
2025-07-23 01:00:00+05:30,28.4,89
2025-07-23 02:00:00+05:30,28.2,89
2025-07-23 03:00:00+05:30,27.9,89
2025-07-23 04:00:00+05:30,27.6,89
2025-07-23 05:00:00+05:30,27.4,89
2025-07-23 06:00:00+05:30,28.6,84
2025-07-23 07:00:00+05:30,29.3,81
2025-07-23 08:00:00+05:30,30.2,76
2025-07-23 09:00:00+05:30,29.8,73
2025-07-23 10:00:00+05:30,30.3,74
2025-07-23 11:00:00+05:30,31.5,71
2025-07-23 12:00:00+05:30,32.5,68
2025-07-23 13:00:00+05:30,33.1,66
2025-07-23 14:00:00+05:30,33.6,62
2025-07-23 15:00:00+05:30,32.9,63
2025-07-23 16:00:00+05:30,32.7,65
2025-07-23 17:00:00+05:30,32.4,69
2025-07-23 18:00:00+05:30,30.5,75
2025-07-23 19:00:00+05:30,29.6,84
2025-07-23 20:00:00+05:30,29.1,86
2025-07-23 21:00:00+05:30,28.8,88
2025-07-23 22:00:00+05:30,28.6,89
2025-07-23 23:00:00+05:30,28.3,90
2025-07-24 00:00:00+05:30,28.0,92
2025-07-24 01:00:00+05:30,27.8,92
2025-07-24 02:00:00+05:30,27.5,94
2025-07-24 03:00:00+05:30,27.1,96
2025-07-24 04:00:00+05:30,26.9,95
2025-07-24 05:00:00+05:30,26.4,90
2025-07-24 06:00:00+05:30,28.1,81
2025-07-24 07:00:00+05:30,28.7,81
2025-07-24 08:00:00+05:30,29.7,78
2025-07-24 09:00:00+05:30,31.6,70
2025-07-24 10:00:00+05:30,33.0,63
2025-07-24 11:00:00+05:30,34.0,57
2025-07-24 12:00:00+05:30,34.9,53
2025-07-24 13:00:00+05:30,35.4,52
2025-07-24 14:00:00+05:30,35.5,52
2025-07-24 15:00:00+05:30,35.8,51
2025-07-24 16:00:00+05:30,35.3,52
2025-07-24 17:00:00+05:30,34.6,54
2025-07-24 18:00:00+05:30,32.9,62
2025-07-24 19:00:00+05:30,31.6,72
2025-07-24 20:00:00+05:30,31.3,71
2025-07-24 21:00:00+05:30,30.7,73
2025-07-24 22:00:00+05:30,29.8,76
2025-07-24 23:00:00+05:30,29.0,79
2025-07-25 00:00:00+05:30,28.5,81
2025-07-25 01:00:00+05:30,28.1,83
2025-07-25 02:00:00+05:30,27.7,84
2025-07-25 03:00:00+05:30,27.4,85
2025-07-25 04:00:00+05:30,27.1,86
2025-07-25 05:00:00+05:30,26.9,88
2025-07-25 06:00:00+05:30,28.8,84
2025-07-25 07:00:00+05:30,29.4,82
2025-07-25 08:00:00+05:30,31.2,74
2025-07-25 09:00:00+05:30,33.3,62
2025-07-25 10:00:00+05:30,34.8,52
2025-07-25 11:00:00+05:30,35.6,48
2025-07-25 12:00:00+05:30,35.9,47
2025-07-25 13:00:00+05:30,36.1,47
2025-07-25 14:00:00+05:30,36.5,47
2025-07-25 15:00:00+05:30,36.3,47
2025-07-25 16:00:00+05:30,35.8,48
2025-07-25 17:00:00+05:30,35.2,52
2025-07-25 18:00:00+05:30,34.7,54
2025-07-25 19:00:00+05:30,33.8,65
2025-07-25 20:00:00+05:30,33.3,67
2025-07-25 21:00:00+05:30,32.0,74
2025-07-25 22:00:00+05:30,31.6,77
2025-07-25 23:00:00+05:30,30.8,82
2025-07-26 00:00:00+05:30,29.8,81
2025-07-26 01:00:00+05:30,28.2,86
2025-07-26 02:00:00+05:30,27.9,88
2025-07-26 03:00:00+05:30,27.6,89
2025-07-26 04:00:00+05:30,27.2,90
2025-07-26 05:00:00+05:30,27.0,92
2025-07-26 06:00:00+05:30,28.1,87
2025-07-26 07:00:00+05:30,28.4,86
2025-07-26 08:00:00+05:30,29.5,80
2025-07-26 09:00:00+05:30,30.9,73
2025-07-26 10:00:00+05:30,32.2,68
2025-07-26 11:00:00+05:30,33.3,63
2025-07-26 12:00:00+05:30,34.4,59
2025-07-26 13:00:00+05:30,35.2,56
2025-07-26 14:00:00+05:30,35.8,53
2025-07-26 15:00:00+05:30,36.1,51
2025-07-26 16:00:00+05:30,36.1,51
2025-07-26 17:00:00+05:30,35.1,53
2025-07-26 18:00:00+05:30,33.9,59
2025-07-26 19:00:00+05:30,33.2,63
2025-07-26 20:00:00+05:30,32.6,68
2025-07-26 21:00:00+05:30,32.0,73
2025-07-26 22:00:00+05:30,31.4,77
2025-07-26 23:00:00+05:30,30.7,83
2025-07-27 00:00:00+05:30,30.4,84
2025-07-27 01:00:00+05:30,29.9,85
2025-07-27 02:00:00+05:30,29.4,86
2025-07-27 03:00:00+05:30,29.1,85
2025-07-27 04:00:00+05:30,29.1,84
2025-07-27 05:00:00+05:30,28.9,83
2025-07-27 06:00:00+05:30,29.0,80
2025-07-27 07:00:00+05:30,30.2,74
2025-07-27 08:00:00+05:30,31.6,68
2025-07-27 09:00:00+05:30,32.5,63
2025-07-27 10:00:00+05:30,33.4,60
2025-07-27 11:00:00+05:30,34.3,57
2025-07-27 12:00:00+05:30,35.5,52
2025-07-27 13:00:00+05:30,35.8,50
2025-07-27 14:00:00+05:30,36.4,49
2025-07-27 15:00:00+05:30,36.4,49
2025-07-27 16:00:00+05:30,36.1,49
2025-07-27 17:00:00+05:30,35.3,52
2025-07-27 18:00:00+05:30,33.3,61
2025-07-27 19:00:00+05:30,32.6,64
2025-07-27 20:00:00+05:30,32.1,68
2025-07-27 21:00:00+05:30,31.5,72
2025-07-27 22:00:00+05:30,30.9,77
2025-07-27 23:00:00+05:30,30.4,80
2025-07-28 00:00:00+05:30,29.9,83
2025-07-28 01:00:00+05:30,29.6,84
2025-07-28 02:00:00+05:30,29.2,85
2025-07-28 03:00:00+05:30,28.9,86
2025-07-28 04:00:00+05:30,28.7,87
2025-07-28 05:00:00+05:30,28.4,87
2025-07-28 06:00:00+05:30,29.5,81
2025-07-28 07:00:00+05:30,30.6,75
2025-07-28 08:00:00+05:30,32.2,64
2025-07-28 09:00:00+05:30,33.5,58
2025-07-28 10:00:00+05:30,35.0,52
2025-07-28 11:00:00+05:30,36.0,48
2025-07-28 12:00:00+05:30,36.3,47
2025-07-28 13:00:00+05:30,36.6,46
2025-07-28 14:00:00+05:30,36.6,47
2025-07-28 15:00:00+05:30,36.9,47
2025-07-28 16:00:00+05:30,36.4,49
2025-07-28 17:00:00+05:30,35.2,53
2025-07-28 18:00:00+05:30,33.1,62
2025-07-28 19:00:00+05:30,32.5,65
2025-07-28 20:00:00+05:30,31.5,71
2025-07-28 21:00:00+05:30,30.4,78
2025-07-28 22:00:00+05:30,29.6,81
2025-07-28 23:00:00+05:30,29.1,83
2025-07-29 00:00:00+05:30,28.7,86
2025-07-29 01:00:00+05:30,28.4,88
2025-07-29 02:00:00+05:30,28.1,89
2025-07-29 03:00:00+05:30,27.8,91
2025-07-29 04:00:00+05:30,27.0,93
2025-07-29 05:00:00+05:30,26.9,93
2025-07-29 06:00:00+05:30,26.8,92
2025-07-29 07:00:00+05:30,27.1,91
2025-07-29 08:00:00+05:30,28.2,85
2025-07-29 09:00:00+05:30,30.1,77
2025-07-29 10:00:00+05:30,31.5,72
2025-07-29 11:00:00+05:30,32.5,66
2025-07-29 12:00:00+05:30,30.7,71
2025-07-29 13:00:00+05:30,31.6,70
2025-07-29 14:00:00+05:30,32.8,67
2025-07-29 15:00:00+05:30,30.7,75
2025-07-29 16:00:00+05:30,30.0,80
2025-07-29 17:00:00+05:30,30.5,79
2025-07-29 18:00:00+05:30,29.9,77
2025-07-29 19:00:00+05:30,29.2,81
2025-07-29 20:00:00+05:30,28.7,84
2025-07-29 21:00:00+05:30,28.4,85
2025-07-29 22:00:00+05:30,28.0,88
2025-07-29 23:00:00+05:30,27.7,90
2025-07-30 00:00:00+05:30,27.4,91
2025-07-30 01:00:00+05:30,27.1,92
2025-07-30 02:00:00+05:30,26.8,93
2025-07-30 03:00:00+05:30,26.6,93
2025-07-30 04:00:00+05:30,26.4,94
2025-07-30 05:00:00+05:30,26.3,94
2025-07-30 06:00:00+05:30,25.9,97
2025-07-30 07:00:00+05:30,26.4,96
2025-07-30 08:00:00+05:30,27.5,91
2025-07-30 09:00:00+05:30,29.1,85
2025-07-30 10:00:00+05:30,29.9,80
2025-07-30 11:00:00+05:30,31.3,74
2025-07-30 12:00:00+05:30,32.0,70
2025-07-30 13:00:00+05:30,30.4,76
2025-07-30 14:00:00+05:30,29.0,85
2025-07-30 15:00:00+05:30,30.1,80
2025-07-30 16:00:00+05:30,30.7,78
2025-07-30 17:00:00+05:30,30.2,78
2025-07-30 18:00:00+05:30,28.4,86
2025-07-30 19:00:00+05:30,27.4,91
2025-07-30 20:00:00+05:30,27.3,93
2025-07-30 21:00:00+05:30,27.1,93
2025-07-30 22:00:00+05:30,26.7,96
2025-07-30 23:00:00+05:30,26.7,94
2025-07-31 00:00:00+05:30,26.5,95
2025-07-31 01:00:00+05:30,26.2,95
2025-07-31 02:00:00+05:30,26.1,95
2025-07-31 03:00:00+05:30,25.7,97
2025-07-31 04:00:00+05:30,25.6,98
2025-07-31 05:00:00+05:30,25.5,98
2025-07-31 06:00:00+05:30,25.6,96
2025-07-31 07:00:00+05:30,25.6,97
2025-07-31 08:00:00+05:30,26.1,94
2025-07-31 09:00:00+05:30,27.0,89
2025-07-31 10:00:00+05:30,28.9,82
2025-07-31 11:00:00+05:30,29.8,78
2025-07-31 12:00:00+05:30,29.9,77
2025-07-31 13:00:00+05:30,30.2,75
2025-07-31 14:00:00+05:30,30.8,75
2025-07-31 15:00:00+05:30,31.1,74
2025-07-31 16:00:00+05:30,31.4,72
2025-07-31 17:00:00+05:30,30.7,73
2025-07-31 18:00:00+05:30,28.5,87
2025-07-31 19:00:00+05:30,28.0,91
2025-07-31 20:00:00+05:30,27.5,93
2025-07-31 21:00:00+05:30,27.3,94
2025-07-31 22:00:00+05:30,27.0,95
2025-07-31 23:00:00+05:30,26.6,95
2025-08-01 00:00:00+05:30,26.4,95
2025-08-01 01:00:00+05:30,26.1,95
2025-08-01 02:00:00+05:30,25.9,96
2025-08-01 03:00:00+05:30,25.6,97
2025-08-01 04:00:00+05:30,25.4,98
2025-08-01 05:00:00+05:30,25.3,98
2025-08-01 06:00:00+05:30,26.1,94
2025-08-01 07:00:00+05:30,26.5,93
2025-08-01 08:00:00+05:30,27.9,86
2025-08-01 09:00:00+05:30,29.2,79
2025-08-01 10:00:00+05:30,30.1,76
2025-08-01 11:00:00+05:30,30.9,73
2025-08-01 12:00:00+05:30,31.5,72
2025-08-01 13:00:00+05:30,32.0,71
2025-08-01 14:00:00+05:30,32.1,70
2025-08-01 15:00:00+05:30,31.1,76
2025-08-01 16:00:00+05:30,29.1,82
2025-08-01 17:00:00+05:30,29.3,82
2025-08-01 18:00:00+05:30,29.0,86
2025-08-01 19:00:00+05:30,28.7,88
2025-08-01 20:00:00+05:30,28.3,92
2025-08-01 21:00:00+05:30,28.2,93
2025-08-01 22:00:00+05:30,28.1,91
2025-08-01 23:00:00+05:30,27.9,88
2025-08-02 00:00:00+05:30,27.5,88
2025-08-02 01:00:00+05:30,27.1,87
2025-08-02 02:00:00+05:30,26.8,88
2025-08-02 03:00:00+05:30,26.6,89
2025-08-02 04:00:00+05:30,26.5,89
2025-08-02 05:00:00+05:30,26.3,90
2025-08-02 06:00:00+05:30,27.6,86
2025-08-02 07:00:00+05:30,28.2,84
2025-08-02 08:00:00+05:30,29.0,80
2025-08-02 09:00:00+05:30,29.3,77
2025-08-02 10:00:00+05:30,30.4,72
2025-08-02 11:00:00+05:30,31.3,69
2025-08-02 12:00:00+05:30,31.8,68
2025-08-02 13:00:00+05:30,32.2,67
2025-08-02 14:00:00+05:30,32.5,65
2025-08-02 15:00:00+05:30,32.9,63
2025-08-02 16:00:00+05:30,31.8,67
2025-08-02 17:00:00+05:30,31.3,72
2025-08-02 18:00:00+05:30,30.8,75
2025-08-02 19:00:00+05:30,29.9,77
2025-08-02 20:00:00+05:30,29.3,77
2025-08-02 21:00:00+05:30,28.8,80
2025-08-02 22:00:00+05:30,28.5,83
2025-08-02 23:00:00+05:30,28.4,84
2025-08-03 00:00:00+05:30,28.2,84
2025-08-03 01:00:00+05:30,28.0,84
2025-08-03 02:00:00+05:30,27.6,84
2025-08-03 03:00:00+05:30,27.4,84
2025-08-03 04:00:00+05:30,27.2,86
2025-08-03 05:00:00+05:30,27.0,88
2025-08-03 06:00:00+05:30,26.9,92
2025-08-03 07:00:00+05:30,27.8,88
2025-08-03 08:00:00+05:30,29.4,79
2025-08-03 09:00:00+05:30,30.4,71
2025-08-03 10:00:00+05:30,31.4,67
2025-08-03 11:00:00+05:30,32.5,65
2025-08-03 12:00:00+05:30,32.9,65
2025-08-03 13:00:00+05:30,33.1,65
2025-08-03 14:00:00+05:30,33.3,65
2025-08-03 15:00:00+05:30,32.8,67
2025-08-03 16:00:00+05:30,31.2,73
2025-08-03 17:00:00+05:30,31.3,74
2025-08-03 18:00:00+05:30,31.5,71
2025-08-03 19:00:00+05:30,30.7,76
2025-08-03 20:00:00+05:30,30.1,79
2025-08-03 21:00:00+05:30,29.4,84
2025-08-03 22:00:00+05:30,29.2,84
2025-08-03 23:00:00+05:30,28.7,85
2025-08-04 00:00:00+05:30,28.1,89
2025-08-04 01:00:00+05:30,27.4,90
2025-08-04 02:00:00+05:30,26.1,93
2025-08-04 03:00:00+05:30,25.8,95
2025-08-04 04:00:00+05:30,25.9,96
2025-08-04 05:00:00+05:30,25.9,96
2025-08-04 06:00:00+05:30,28.5,76
2025-08-04 07:00:00+05:30,28.6,75
2025-08-04 08:00:00+05:30,29.0,74
2025-08-04 09:00:00+05:30,29.4,74
2025-08-04 10:00:00+05:30,29.7,74
2025-08-04 11:00:00+05:30,29.9,75
2025-08-04 12:00:00+05:30,29.9,75
2025-08-04 13:00:00+05:30,30.2,75
2025-08-04 14:00:00+05:30,30.5,74
2025-08-04 15:00:00+05:30,30.6,75
2025-08-04 16:00:00+05:30,31.1,75
2025-08-04 17:00:00+05:30,31.1,76
2025-08-04 18:00:00+05:30,28.8,86
2025-08-04 19:00:00+05:30,28.6,87
2025-08-04 20:00:00+05:30,28.5,87
2025-08-04 21:00:00+05:30,28.4,87
2025-08-04 22:00:00+05:30,28.3,88
2025-08-04 23:00:00+05:30,28.1,88
2025-08-05 00:00:00+05:30,28.0,88
2025-08-05 01:00:00+05:30,27.7,88
2025-08-05 02:00:00+05:30,27.3,89
2025-08-05 03:00:00+05:30,27.1,89
2025-08-05 04:00:00+05:30,27.2,87
2025-08-05 05:00:00+05:30,27.3,84
2025-08-05 06:00:00+05:30,27.8,80
2025-08-05 07:00:00+05:30,28.1,78
2025-08-05 08:00:00+05:30,28.7,76
2025-08-05 09:00:00+05:30,29.4,75
2025-08-05 10:00:00+05:30,29.7,75
2025-08-05 11:00:00+05:30,28.9,76
2025-08-05 12:00:00+05:30,27.7,85
2025-08-05 13:00:00+05:30,26.0,93
2025-08-05 14:00:00+05:30,27.4,90
2025-08-05 15:00:00+05:30,28.5,86
2025-08-05 16:00:00+05:30,29.0,85
2025-08-05 17:00:00+05:30,28.7,86
2025-08-05 18:00:00+05:30,28.6,86
2025-08-05 19:00:00+05:30,27.9,90
2025-08-05 20:00:00+05:30,27.6,89
2025-08-05 21:00:00+05:30,27.6,87
2025-08-05 22:00:00+05:30,27.5,87
2025-08-05 23:00:00+05:30,27.3,87
2025-08-06 00:00:00+05:30,27.2,88
2025-08-06 01:00:00+05:30,27.1,89
2025-08-06 02:00:00+05:30,26.7,91
2025-08-06 03:00:00+05:30,26.5,92
2025-08-06 04:00:00+05:30,26.5,91
2025-08-06 05:00:00+05:30,26.4,91
2025-08-06 06:00:00+05:30,27.3,82
2025-08-06 07:00:00+05:30,27.2,82
2025-08-06 08:00:00+05:30,27.9,80
2025-08-06 09:00:00+05:30,28.8,76
2025-08-06 10:00:00+05:30,29.5,75
2025-08-06 11:00:00+05:30,30.6,71
2025-08-06 12:00:00+05:30,31.5,69
2025-08-06 13:00:00+05:30,31.2,69
2025-08-06 14:00:00+05:30,31.3,70
2025-08-06 15:00:00+05:30,32.0,68
2025-08-06 16:00:00+05:30,31.8,69
2025-08-06 17:00:00+05:30,30.9,71
2025-08-06 18:00:00+05:30,29.6,79
2025-08-06 19:00:00+05:30,28.9,83
2025-08-06 20:00:00+05:30,28.5,87
2025-08-06 21:00:00+05:30,28.3,88
2025-08-06 22:00:00+05:30,28.1,88
2025-08-06 23:00:00+05:30,27.7,90
2025-08-07 00:00:00+05:30,27.5,89
2025-08-07 01:00:00+05:30,27.3,88
2025-08-07 02:00:00+05:30,27.1,88
2025-08-07 03:00:00+05:30,27.0,86
2025-08-07 04:00:00+05:30,26.8,83
2025-08-07 05:00:00+05:30,26.5,81
2025-08-07 06:00:00+05:30,27.7,77
2025-08-07 07:00:00+05:30,28.3,76
2025-08-07 08:00:00+05:30,29.5,73
2025-08-07 09:00:00+05:30,30.7,70
2025-08-07 10:00:00+05:30,32.1,65
2025-08-07 11:00:00+05:30,33.3,56
2025-08-07 12:00:00+05:30,33.9,54
2025-08-07 13:00:00+05:30,34.3,53
2025-08-07 14:00:00+05:30,34.4,53
2025-08-07 15:00:00+05:30,34.2,54
2025-08-07 16:00:00+05:30,34.0,54
2025-08-07 17:00:00+05:30,33.3,58
2025-08-07 18:00:00+05:30,31.9,66
2025-08-07 19:00:00+05:30,30.8,72
2025-08-07 20:00:00+05:30,30.2,74
2025-08-07 21:00:00+05:30,29.7,76
2025-08-07 22:00:00+05:30,29.0,79
2025-08-07 23:00:00+05:30,28.6,79
2025-08-08 00:00:00+05:30,28.3,78
2025-08-08 01:00:00+05:30,28.0,77
2025-08-08 02:00:00+05:30,27.8,77
2025-08-08 03:00:00+05:30,27.6,77
2025-08-08 04:00:00+05:30,27.3,76
2025-08-08 05:00:00+05:30,26.9,76
2025-08-08 06:00:00+05:30,28.2,71
2025-08-08 07:00:00+05:30,28.9,68
2025-08-08 08:00:00+05:30,29.7,68
2025-08-08 09:00:00+05:30,31.0,63
2025-08-08 10:00:00+05:30,32.4,59
2025-08-08 11:00:00+05:30,33.0,57
2025-08-08 12:00:00+05:30,32.7,60
2025-08-08 13:00:00+05:30,33.4,58
2025-08-08 14:00:00+05:30,33.7,55
2025-08-08 15:00:00+05:30,33.7,54
2025-08-08 16:00:00+05:30,33.3,55
2025-08-08 17:00:00+05:30,32.9,60
2025-08-08 18:00:00+05:30,32.4,62
2025-08-08 19:00:00+05:30,30.9,71
2025-08-08 20:00:00+05:30,30.2,75
2025-08-08 21:00:00+05:30,29.6,79
2025-08-08 22:00:00+05:30,29.1,80
2025-08-08 23:00:00+05:30,28.3,86
2025-08-09 00:00:00+05:30,28.0,87
2025-08-09 01:00:00+05:30,27.9,87
2025-08-09 02:00:00+05:30,27.8,88
2025-08-09 03:00:00+05:30,27.7,89
2025-08-09 04:00:00+05:30,27.4,89
2025-08-09 05:00:00+05:30,27.2,91
2025-08-09 06:00:00+05:30,27.7,83
2025-08-09 07:00:00+05:30,28.0,82
2025-08-09 08:00:00+05:30,27.8,84
2025-08-09 09:00:00+05:30,27.0,90
2025-08-09 10:00:00+05:30,26.5,90
2025-08-09 11:00:00+05:30,27.6,84
2025-08-09 12:00:00+05:30,28.4,80
2025-08-09 13:00:00+05:30,29.4,77
2025-08-09 14:00:00+05:30,30.4,73
2025-08-09 15:00:00+05:30,30.2,73
2025-08-09 16:00:00+05:30,30.3,72
2025-08-09 17:00:00+05:30,30.1,74
2025-08-09 18:00:00+05:30,27.7,83
2025-08-09 19:00:00+05:30,27.1,87
2025-08-09 20:00:00+05:30,26.9,88
2025-08-09 21:00:00+05:30,26.8,89
2025-08-09 22:00:00+05:30,26.6,91
2025-08-09 23:00:00+05:30,26.5,91
2025-08-10 00:00:00+05:30,26.2,92
2025-08-10 01:00:00+05:30,26.3,93
2025-08-10 02:00:00+05:30,26.4,92
2025-08-10 03:00:00+05:30,26.2,93
2025-08-10 04:00:00+05:30,26.0,93
2025-08-10 05:00:00+05:30,25.9,93
2025-08-10 06:00:00+05:30,26.5,93
2025-08-10 07:00:00+05:30,27.1,92
2025-08-10 08:00:00+05:30,28.2,87
2025-08-10 09:00:00+05:30,28.9,83
2025-08-10 10:00:00+05:30,29.8,79
2025-08-10 11:00:00+05:30,31.0,74
2025-08-10 12:00:00+05:30,31.7,72
2025-08-10 13:00:00+05:30,32.1,72
2025-08-10 14:00:00+05:30,32.4,71
2025-08-10 15:00:00+05:30,32.3,71
2025-08-10 16:00:00+05:30,32.3,69
2025-08-10 17:00:00+05:30,32.0,71
2025-08-10 18:00:00+05:30,31.1,75
2025-08-10 19:00:00+05:30,30.4,81
2025-08-10 20:00:00+05:30,30.0,82
2025-08-10 21:00:00+05:30,29.5,84
2025-08-10 22:00:00+05:30,29.0,86
2025-08-10 23:00:00+05:30,28.5,88
2025-08-11 00:00:00+05:30,28.2,89
2025-08-11 01:00:00+05:30,28.0,87
2025-08-11 02:00:00+05:30,27.7,86
2025-08-11 03:00:00+05:30,27.5,84
2025-08-11 04:00:00+05:30,27.1,86
2025-08-11 05:00:00+05:30,27.0,86
2025-08-11 06:00:00+05:30,28.4,80
2025-08-11 07:00:00+05:30,28.8,78
2025-08-11 08:00:00+05:30,29.7,77
2025-08-11 09:00:00+05:30,30.9,71
2025-08-11 10:00:00+05:30,31.6,68
2025-08-11 11:00:00+05:30,32.6,66
2025-08-11 12:00:00+05:30,33.4,63
2025-08-11 13:00:00+05:30,33.9,61
2025-08-11 14:00:00+05:30,33.9,60
2025-08-11 15:00:00+05:30,32.7,64
2025-08-11 16:00:00+05:30,32.6,66
2025-08-11 17:00:00+05:30,31.9,70
2025-08-11 18:00:00+05:30,30.8,77
2025-08-11 19:00:00+05:30,29.9,83
2025-08-11 20:00:00+05:30,28.4,90
2025-08-11 21:00:00+05:30,27.7,94
2025-08-11 22:00:00+05:30,27.7,93
2025-08-11 23:00:00+05:30,27.7,94
2025-08-12 00:00:00+05:30,27.6,93
2025-08-12 01:00:00+05:30,27.4,91
2025-08-12 02:00:00+05:30,27.3,88
2025-08-12 03:00:00+05:30,27.2,89
2025-08-12 04:00:00+05:30,26.8,92
2025-08-12 05:00:00+05:30,26.6,94
2025-08-12 06:00:00+05:30,27.5,88
2025-08-12 07:00:00+05:30,27.8,84
2025-08-12 08:00:00+05:30,27.7,83
2025-08-12 09:00:00+05:30,27.7,82
2025-08-12 10:00:00+05:30,28.7,79
2025-08-12 11:00:00+05:30,29.4,76
2025-08-12 12:00:00+05:30,31.3,70
2025-08-12 13:00:00+05:30,32.5,65
2025-08-12 14:00:00+05:30,33.2,63
2025-08-12 15:00:00+05:30,33.4,62
2025-08-12 16:00:00+05:30,33.1,63
2025-08-12 17:00:00+05:30,32.5,65
2025-08-12 18:00:00+05:30,31.4,73
2025-08-12 19:00:00+05:30,30.6,78
2025-08-12 20:00:00+05:30,30.1,81
2025-08-12 21:00:00+05:30,29.6,83
2025-08-12 22:00:00+05:30,29.4,84
2025-08-12 23:00:00+05:30,28.9,86
2025-08-13 00:00:00+05:30,28.5,86
2025-08-13 01:00:00+05:30,28.1,87
2025-08-13 02:00:00+05:30,27.9,87
2025-08-13 03:00:00+05:30,27.6,87
2025-08-13 04:00:00+05:30,27.4,87
2025-08-13 05:00:00+05:30,27.2,86
2025-08-13 06:00:00+05:30,28.3,87
2025-08-13 07:00:00+05:30,28.9,84
2025-08-13 08:00:00+05:30,29.6,79
2025-08-13 09:00:00+05:30,30.7,71
2025-08-13 10:00:00+05:30,31.9,66
2025-08-13 11:00:00+05:30,32.7,62
2025-08-13 12:00:00+05:30,32.8,62
2025-08-13 13:00:00+05:30,33.2,59
2025-08-13 14:00:00+05:30,33.9,57
2025-08-13 15:00:00+05:30,33.8,58
2025-08-13 16:00:00+05:30,33.4,58
2025-08-13 17:00:00+05:30,33.1,61
2025-08-13 18:00:00+05:30,32.1,68
2025-08-13 19:00:00+05:30,30.9,76
2025-08-13 20:00:00+05:30,30.5,79
2025-08-13 21:00:00+05:30,30.4,81
2025-08-13 22:00:00+05:30,29.9,83
2025-08-13 23:00:00+05:30,29.2,84
2025-08-14 00:00:00+05:30,28.9,84
2025-08-14 01:00:00+05:30,28.6,86
2025-08-14 02:00:00+05:30,28.1,88
2025-08-14 03:00:00+05:30,27.8,89
2025-08-14 04:00:00+05:30,27.4,89
2025-08-14 05:00:00+05:30,26.9,91
2025-08-14 06:00:00+05:30,26.8,98
2025-08-14 07:00:00+05:30,26.9,96
2025-08-14 08:00:00+05:30,27.1,93
2025-08-14 09:00:00+05:30,27.8,91
2025-08-14 10:00:00+05:30,28.7,85
2025-08-14 11:00:00+05:30,28.7,83
2025-08-14 12:00:00+05:30,29.5,81
2025-08-14 13:00:00+05:30,28.1,84
2025-08-14 14:00:00+05:30,27.8,86
2025-08-14 15:00:00+05:30,27.9,88
2025-08-14 16:00:00+05:30,28.6,84
2025-08-14 17:00:00+05:30,28.3,85
2025-08-14 18:00:00+05:30,28.3,85
2025-08-14 19:00:00+05:30,27.4,90
2025-08-14 20:00:00+05:30,27.0,92
2025-08-14 21:00:00+05:30,26.7,94
2025-08-14 22:00:00+05:30,26.6,95
2025-08-14 23:00:00+05:30,26.3,96
2025-08-15 00:00:00+05:30,26.2,96
2025-08-15 01:00:00+05:30,26.2,95
2025-08-15 02:00:00+05:30,26.0,95
2025-08-15 03:00:00+05:30,25.7,96
2025-08-15 04:00:00+05:30,25.4,97
2025-08-15 05:00:00+05:30,25.3,98
2025-08-15 06:00:00+05:30,26.1,95
2025-08-15 07:00:00+05:30,26.7,95
2025-08-15 08:00:00+05:30,27.9,88
2025-08-15 09:00:00+05:30,29.3,82
2025-08-15 10:00:00+05:30,30.1,79
2025-08-15 11:00:00+05:30,30.8,76
2025-08-15 12:00:00+05:30,31.5,73
2025-08-15 13:00:00+05:30,31.7,73
2025-08-15 14:00:00+05:30,31.5,74
2025-08-15 15:00:00+05:30,30.4,77
2025-08-15 16:00:00+05:30,30.6,78
2025-08-15 17:00:00+05:30,30.3,80
2025-08-15 18:00:00+05:30,29.8,81
2025-08-15 19:00:00+05:30,29.0,85
2025-08-15 20:00:00+05:30,28.6,88
2025-08-15 21:00:00+05:30,28.4,88
2025-08-15 22:00:00+05:30,28.0,89
2025-08-15 23:00:00+05:30,27.6,92
2025-08-16 00:00:00+05:30,27.3,94
2025-08-16 01:00:00+05:30,27.1,95
2025-08-16 02:00:00+05:30,26.8,97
2025-08-16 03:00:00+05:30,26.7,97
2025-08-16 04:00:00+05:30,26.5,98
2025-08-16 05:00:00+05:30,26.3,98
2025-08-16 06:00:00+05:30,27.4,97
2025-08-16 07:00:00+05:30,28.2,93
2025-08-16 08:00:00+05:30,29.2,88
2025-08-16 09:00:00+05:30,29.8,81
2025-08-16 10:00:00+05:30,30.1,80
2025-08-16 11:00:00+05:30,28.9,80
2025-08-16 12:00:00+05:30,29.0,82
2025-08-16 13:00:00+05:30,30.2,80
2025-08-16 14:00:00+05:30,30.9,75
2025-08-16 15:00:00+05:30,31.2,74
2025-08-16 16:00:00+05:30,31.1,75
2025-08-16 17:00:00+05:30,30.9,76
2025-08-16 18:00:00+05:30,28.8,88
2025-08-16 19:00:00+05:30,28.3,90
2025-08-16 20:00:00+05:30,28.3,91
2025-08-16 21:00:00+05:30,28.2,92
2025-08-16 22:00:00+05:30,28.1,92
2025-08-16 23:00:00+05:30,27.8,92
2025-08-17 00:00:00+05:30,27.6,92
2025-08-17 01:00:00+05:30,27.5,92
2025-08-17 02:00:00+05:30,27.4,92
2025-08-17 03:00:00+05:30,27.3,92
2025-08-17 04:00:00+05:30,27.3,93
2025-08-17 05:00:00+05:30,27.4,93
2025-08-17 06:00:00+05:30,27.6,93
2025-08-17 07:00:00+05:30,27.5,93
2025-08-17 08:00:00+05:30,27.8,91
2025-08-17 09:00:00+05:30,29.6,85
2025-08-17 10:00:00+05:30,31.3,78
2025-08-17 11:00:00+05:30,31.4,75
2025-08-17 12:00:00+05:30,27.8,89
2025-08-17 13:00:00+05:30,29.1,85
2025-08-17 14:00:00+05:30,30.7,80
2025-08-17 15:00:00+05:30,31.6,75
2025-08-17 16:00:00+05:30,31.8,73
2025-08-17 17:00:00+05:30,31.4,74
2025-08-17 18:00:00+05:30,30.2,81
2025-08-17 19:00:00+05:30,29.1,88
2025-08-17 20:00:00+05:30,28.7,90
2025-08-17 21:00:00+05:30,28.5,90
2025-08-17 22:00:00+05:30,28.3,91
2025-08-17 23:00:00+05:30,28.2,90
2025-08-18 00:00:00+05:30,28.0,90
2025-08-18 01:00:00+05:30,27.7,91
2025-08-18 02:00:00+05:30,27.6,92
2025-08-18 03:00:00+05:30,27.5,93
2025-08-18 04:00:00+05:30,27.3,94
2025-08-18 05:00:00+05:30,27.2,94
2025-08-18 06:00:00+05:30,28.0,91
2025-08-18 07:00:00+05:30,28.4,90
2025-08-18 08:00:00+05:30,27.9,88
2025-08-18 09:00:00+05:30,28.4,87
2025-08-18 10:00:00+05:30,30.0,81
2025-08-18 11:00:00+05:30,31.0,76
2025-08-18 12:00:00+05:30,31.4,73
2025-08-18 13:00:00+05:30,31.7,71
2025-08-18 14:00:00+05:30,32.1,66
2025-08-18 15:00:00+05:30,32.0,68
2025-08-18 16:00:00+05:30,31.6,71
2025-08-18 17:00:00+05:30,30.8,75
2025-08-18 18:00:00+05:30,30.7,75
2025-08-18 19:00:00+05:30,29.4,80
2025-08-18 20:00:00+05:30,28.9,83
2025-08-18 21:00:00+05:30,28.6,85
2025-08-18 22:00:00+05:30,28.4,87
2025-08-18 23:00:00+05:30,28.1,89
2025-08-19 00:00:00+05:30,27.7,89
2025-08-19 01:00:00+05:30,27.4,89
2025-08-19 02:00:00+05:30,27.2,89
2025-08-19 03:00:00+05:30,27.1,90
2025-08-19 04:00:00+05:30,27.0,91
2025-08-19 05:00:00+05:30,26.7,92
2025-08-19 06:00:00+05:30,27.9,91
2025-08-19 07:00:00+05:30,28.7,90
2025-08-19 08:00:00+05:30,29.8,85
2025-08-19 09:00:00+05:30,30.8,80
2025-08-19 10:00:00+05:30,32.1,72
2025-08-19 11:00:00+05:30,30.8,75
2025-08-19 12:00:00+05:30,31.9,68
2025-08-19 13:00:00+05:30,30.5,74
2025-08-19 14:00:00+05:30,31.0,75
2025-08-19 15:00:00+05:30,31.6,71
2025-08-19 16:00:00+05:30,31.6,68
2025-08-19 17:00:00+05:30,31.5,68
2025-08-19 18:00:00+05:30,29.6,81
2025-08-19 19:00:00+05:30,29.1,85
2025-08-19 20:00:00+05:30,28.8,86
2025-08-19 21:00:00+05:30,28.7,87
2025-08-19 22:00:00+05:30,28.5,87
2025-08-19 23:00:00+05:30,28.3,86
2025-08-20 00:00:00+05:30,27.9,86
2025-08-20 01:00:00+05:30,27.5,87
2025-08-20 02:00:00+05:30,27.3,88
2025-08-20 03:00:00+05:30,27.0,89
2025-08-20 04:00:00+05:30,26.8,90
2025-08-20 05:00:00+05:30,26.6,91
2025-08-20 06:00:00+05:30,27.9,90
2025-08-20 07:00:00+05:30,27.9,90
2025-08-20 08:00:00+05:30,28.4,87
2025-08-20 09:00:00+05:30,29.0,81
2025-08-20 10:00:00+05:30,30.3,73
2025-08-20 11:00:00+05:30,30.6,71
2025-08-20 12:00:00+05:30,31.6,68
2025-08-20 13:00:00+05:30,32.2,64
2025-08-20 14:00:00+05:30,32.7,62
2025-08-20 15:00:00+05:30,32.3,64
2025-08-20 16:00:00+05:30,31.4,70
2025-08-20 17:00:00+05:30,30.7,73
2025-08-20 18:00:00+05:30,31.0,71
2025-08-20 19:00:00+05:30,30.1,76
2025-08-20 20:00:00+05:30,29.7,78
2025-08-20 21:00:00+05:30,29.3,81
2025-08-20 22:00:00+05:30,28.8,84
2025-08-20 23:00:00+05:30,28.4,87
2025-08-21 00:00:00+05:30,28.0,89
2025-08-21 01:00:00+05:30,27.8,90
2025-08-21 02:00:00+05:30,27.6,90
2025-08-21 03:00:00+05:30,26.6,90
2025-08-21 04:00:00+05:30,25.1,98
2025-08-21 05:00:00+05:30,25.2,98
2025-08-21 06:00:00+05:30,26.6,90
2025-08-21 07:00:00+05:30,27.4,86
2025-08-21 08:00:00+05:30,29.0,81
2025-08-21 09:00:00+05:30,30.6,72
2025-08-21 10:00:00+05:30,31.9,64
2025-08-21 11:00:00+05:30,32.4,62
2025-08-21 12:00:00+05:30,33.2,59
2025-08-21 13:00:00+05:30,33.5,59
2025-08-21 14:00:00+05:30,33.6,57
2025-08-21 15:00:00+05:30,33.9,57
2025-08-21 16:00:00+05:30,32.2,63
2025-08-21 17:00:00+05:30,31.9,64
2025-08-21 18:00:00+05:30,31.6,69
2025-08-21 19:00:00+05:30,31.2,72
2025-08-21 20:00:00+05:30,30.7,77
2025-08-21 21:00:00+05:30,30.2,82
2025-08-21 22:00:00+05:30,29.7,86
2025-08-21 23:00:00+05:30,29.3,88
2025-08-22 00:00:00+05:30,28.9,88
2025-08-22 01:00:00+05:30,28.4,88
2025-08-22 02:00:00+05:30,27.7,88
2025-08-22 03:00:00+05:30,27.2,90
2025-08-22 04:00:00+05:30,25.9,94
2025-08-22 05:00:00+05:30,25.6,94
2025-08-22 06:00:00+05:30,28.0,92
2025-08-22 07:00:00+05:30,28.7,86
2025-08-22 08:00:00+05:30,30.0,78
2025-08-22 09:00:00+05:30,31.3,71
2025-08-22 10:00:00+05:30,32.6,64
2025-08-22 11:00:00+05:30,33.7,58
2025-08-22 12:00:00+05:30,34.5,54
2025-08-22 13:00:00+05:30,34.2,55
2025-08-22 14:00:00+05:30,33.9,55
2025-08-22 15:00:00+05:30,34.5,53
2025-08-22 16:00:00+05:30,34.3,52
2025-08-22 17:00:00+05:30,33.7,55
2025-08-22 18:00:00+05:30,32.4,65
2025-08-22 19:00:00+05:30,31.6,69
2025-08-22 20:00:00+05:30,30.9,73
2025-08-22 21:00:00+05:30,30.1,76
2025-08-22 22:00:00+05:30,29.5,82
2025-08-22 23:00:00+05:30,28.9,85
2025-08-23 00:00:00+05:30,28.3,88
2025-08-23 01:00:00+05:30,27.8,88
2025-08-23 02:00:00+05:30,27.5,90
2025-08-23 03:00:00+05:30,26.5,93
2025-08-23 04:00:00+05:30,25.9,98
2025-08-23 05:00:00+05:30,25.8,97
2025-08-23 06:00:00+05:30,26.5,93
2025-08-23 07:00:00+05:30,27.4,89
2025-08-23 08:00:00+05:30,28.9,82
2025-08-23 09:00:00+05:30,30.2,74
2025-08-23 10:00:00+05:30,31.5,69
2025-08-23 11:00:00+05:30,32.1,65
2025-08-23 12:00:00+05:30,33.0,61
2025-08-23 13:00:00+05:30,30.0,73
2025-08-23 14:00:00+05:30,31.8,69
2025-08-23 15:00:00+05:30,30.2,73
2025-08-23 16:00:00+05:30,29.6,77
2025-08-23 17:00:00+05:30,29.1,80
2025-08-23 18:00:00+05:30,28.1,86
2025-08-23 19:00:00+05:30,27.6,89
2025-08-23 20:00:00+05:30,27.2,92
2025-08-23 21:00:00+05:30,26.7,93
2025-08-23 22:00:00+05:30,26.6,93
2025-08-23 23:00:00+05:30,26.4,94
2025-08-24 00:00:00+05:30,26.3,95
2025-08-24 01:00:00+05:30,26.2,95
2025-08-24 02:00:00+05:30,26.1,95
2025-08-24 03:00:00+05:30,26.0,95
2025-08-24 04:00:00+05:30,26.0,95
2025-08-24 05:00:00+05:30,25.9,95
2025-08-24 06:00:00+05:30,26.3,92
2025-08-24 07:00:00+05:30,27.0,89
2025-08-24 08:00:00+05:30,28.3,85
2025-08-24 09:00:00+05:30,29.5,79
2025-08-24 10:00:00+05:30,30.5,75
2025-08-24 11:00:00+05:30,31.6,70
2025-08-24 12:00:00+05:30,29.5,78
2025-08-24 13:00:00+05:30,31.2,73
2025-08-24 14:00:00+05:30,28.6,82
2025-08-24 15:00:00+05:30,29.6,79
2025-08-24 16:00:00+05:30,29.3,82
2025-08-24 17:00:00+05:30,26.5,91
2025-08-24 18:00:00+05:30,28.7,82
2025-08-24 19:00:00+05:30,28.0,84
2025-08-24 20:00:00+05:30,27.5,88
2025-08-24 21:00:00+05:30,27.3,89
2025-08-24 22:00:00+05:30,26.7,88
2025-08-24 23:00:00+05:30,26.0,91
2025-08-25 00:00:00+05:30,25.3,93
2025-08-25 01:00:00+05:30,25.3,93
2025-08-25 02:00:00+05:30,25.3,93
2025-08-25 03:00:00+05:30,24.9,95
2025-08-25 04:00:00+05:30,24.9,95
2025-08-25 05:00:00+05:30,24.8,95
2025-08-25 06:00:00+05:30,25.4,95
2025-08-25 07:00:00+05:30,25.9,93
2025-08-25 08:00:00+05:30,26.7,91
2025-08-25 09:00:00+05:30,27.5,87
2025-08-25 10:00:00+05:30,28.8,79
2025-08-25 11:00:00+05:30,29.5,76
2025-08-25 12:00:00+05:30,29.6,78
2025-08-25 13:00:00+05:30,29.3,77
2025-08-25 14:00:00+05:30,28.7,80
2025-08-25 15:00:00+05:30,29.4,77
2025-08-25 16:00:00+05:30,27.3,86
2025-08-25 17:00:00+05:30,26.9,90
2025-08-25 18:00:00+05:30,27.7,86
2025-08-25 19:00:00+05:30,27.4,87
2025-08-25 20:00:00+05:30,27.1,88
2025-08-25 21:00:00+05:30,26.8,89
2025-08-25 22:00:00+05:30,26.3,91
2025-08-25 23:00:00+05:30,26.2,93
2025-08-26 00:00:00+05:30,26.0,94
2025-08-26 01:00:00+05:30,25.7,95
2025-08-26 02:00:00+05:30,25.2,94
2025-08-26 03:00:00+05:30,25.5,94
2025-08-26 04:00:00+05:30,25.5,94
2025-08-26 05:00:00+05:30,25.4,95
2025-08-26 06:00:00+05:30,26.1,93
2025-08-26 07:00:00+05:30,26.0,87
2025-08-26 08:00:00+05:30,26.5,91
2025-08-26 09:00:00+05:30,27.7,88
2025-08-26 10:00:00+05:30,29.2,80
2025-08-26 11:00:00+05:30,29.5,77
2025-08-26 12:00:00+05:30,29.7,75
2025-08-26 13:00:00+05:30,30.3,75
2025-08-26 14:00:00+05:30,28.6,81
2025-08-26 15:00:00+05:30,29.2,81
2025-08-26 16:00:00+05:30,29.7,80
2025-08-26 17:00:00+05:30,29.7,79
2025-08-26 18:00:00+05:30,27.9,89
2025-08-26 19:00:00+05:30,27.3,90
2025-08-26 20:00:00+05:30,26.8,92
2025-08-26 21:00:00+05:30,26.5,93
2025-08-26 22:00:00+05:30,26.5,94
2025-08-26 23:00:00+05:30,26.3,95
2025-08-27 00:00:00+05:30,26.1,95
2025-08-27 01:00:00+05:30,25.9,96
2025-08-27 02:00:00+05:30,25.7,96
2025-08-27 03:00:00+05:30,25.5,98
2025-08-27 04:00:00+05:30,25.4,98
2025-08-27 05:00:00+05:30,25.3,97
2025-08-27 06:00:00+05:30,26.3,96
2025-08-27 07:00:00+05:30,27.1,93
2025-08-27 08:00:00+05:30,27.5,85
2025-08-27 09:00:00+05:30,28.5,84
2025-08-27 10:00:00+05:30,29.8,80
2025-08-27 11:00:00+05:30,30.9,77
2025-08-27 12:00:00+05:30,31.4,75
2025-08-27 13:00:00+05:30,32.0,71
2025-08-27 14:00:00+05:30,32.6,69
2025-08-27 15:00:00+05:30,32.6,69
2025-08-27 16:00:00+05:30,32.5,68
2025-08-27 17:00:00+05:30,31.7,71
2025-08-27 18:00:00+05:30,29.0,84
2025-08-27 19:00:00+05:30,28.5,89
2025-08-27 20:00:00+05:30,28.4,91
2025-08-27 21:00:00+05:30,28.2,92
2025-08-27 22:00:00+05:30,27.7,93
2025-08-27 23:00:00+05:30,27.2,92
2025-08-28 00:00:00+05:30,27.0,94
2025-08-28 01:00:00+05:30,26.3,96
2025-08-28 02:00:00+05:30,26.1,95
2025-08-28 03:00:00+05:30,26.1,96
2025-08-28 04:00:00+05:30,25.7,98
2025-08-28 05:00:00+05:30,25.8,96
2025-08-28 06:00:00+05:30,26.9,93
2025-08-28 07:00:00+05:30,27.3,93
2025-08-28 08:00:00+05:30,28.3,89
2025-08-28 09:00:00+05:30,29.7,81
2025-08-28 10:00:00+05:30,30.9,77
2025-08-28 11:00:00+05:30,31.6,75
2025-08-28 12:00:00+05:30,32.1,73
2025-08-28 13:00:00+05:30,32.2,73
2025-08-28 14:00:00+05:30,32.5,71
2025-08-28 15:00:00+05:30,32.7,70
2025-08-28 16:00:00+05:30,32.1,71
2025-08-28 17:00:00+05:30,30.2,76
2025-08-28 18:00:00+05:30,29.0,86
2025-08-28 19:00:00+05:30,28.9,90
2025-08-28 20:00:00+05:30,28.6,90
2025-08-28 21:00:00+05:30,28.3,91
2025-08-28 22:00:00+05:30,26.8,93
2025-08-28 23:00:00+05:30,25.5,97
2025-08-29 00:00:00+05:30,25.9,96
2025-08-29 01:00:00+05:30,26.1,96
2025-08-29 02:00:00+05:30,26.1,95
2025-08-29 03:00:00+05:30,25.8,96
2025-08-29 04:00:00+05:30,25.0,99
2025-08-29 05:00:00+05:30,25.2,97
2025-08-29 06:00:00+05:30,27.4,95
2025-08-29 07:00:00+05:30,27.1,89
2025-08-29 08:00:00+05:30,27.6,91
2025-08-29 09:00:00+05:30,28.5,86
2025-08-29 10:00:00+05:30,29.1,87
2025-08-29 11:00:00+05:30,30.1,83
2025-08-29 12:00:00+05:30,31.1,78
2025-08-29 13:00:00+05:30,31.5,72
2025-08-29 14:00:00+05:30,29.7,79
2025-08-29 15:00:00+05:30,29.3,82
2025-08-29 16:00:00+05:30,29.3,81
2025-08-29 17:00:00+05:30,29.1,82
2025-08-29 18:00:00+05:30,28.5,84
2025-08-29 19:00:00+05:30,28.0,86
2025-08-29 20:00:00+05:30,27.6,88
2025-08-29 21:00:00+05:30,27.2,89
2025-08-29 22:00:00+05:30,27.0,90
2025-08-29 23:00:00+05:30,26.9,91
2025-08-30 00:00:00+05:30,26.6,92
2025-08-30 01:00:00+05:30,26.5,93
2025-08-30 02:00:00+05:30,26.4,93
2025-08-30 03:00:00+05:30,26.3,93
2025-08-30 04:00:00+05:30,26.2,93
2025-08-30 05:00:00+05:30,26.1,94
2025-08-30 06:00:00+05:30,26.6,93
2025-08-30 07:00:00+05:30,26.7,89
2025-08-30 08:00:00+05:30,27.2,89
2025-08-30 09:00:00+05:30,28.2,85
2025-08-30 10:00:00+05:30,29.3,80
2025-08-30 11:00:00+05:30,30.3,74
2025-08-30 12:00:00+05:30,31.1,70
2025-08-30 13:00:00+05:30,31.5,68
2025-08-30 14:00:00+05:30,31.8,67
2025-08-30 15:00:00+05:30,32.0,65
2025-08-30 16:00:00+05:30,31.6,67
2025-08-30 17:00:00+05:30,30.5,73
2025-08-30 18:00:00+05:30,29.7,79
2025-08-30 19:00:00+05:30,29.0,83
2025-08-30 20:00:00+05:30,28.6,85
2025-08-30 21:00:00+05:30,28.2,87
2025-08-30 22:00:00+05:30,27.9,88
2025-08-30 23:00:00+05:30,27.6,89
2025-08-31 00:00:00+05:30,27.2,91
2025-08-31 01:00:00+05:30,27.0,92
2025-08-31 02:00:00+05:30,26.7,93
2025-08-31 03:00:00+05:30,25.9,94
2025-08-31 04:00:00+05:30,24.9,96
2025-08-31 05:00:00+05:30,24.5,97
2025-08-31 06:00:00+05:30,25.7,95
2025-08-31 07:00:00+05:30,25.9,93
2025-08-31 08:00:00+05:30,25.6,94
2025-08-31 09:00:00+05:30,26.8,90
2025-08-31 10:00:00+05:30,28.1,86
2025-08-31 11:00:00+05:30,28.6,83
2025-08-31 12:00:00+05:30,29.2,81
2025-08-31 13:00:00+05:30,29.7,80
2025-08-31 14:00:00+05:30,30.1,79
2025-08-31 15:00:00+05:30,26.7,88
2025-08-31 16:00:00+05:30,26.9,86
2025-08-31 17:00:00+05:30,27.3,87
2025-08-31 18:00:00+05:30,26.0,91
2025-08-31 19:00:00+05:30,26.0,93
2025-08-31 20:00:00+05:30,26.0,93
2025-08-31 21:00:00+05:30,25.9,94
2025-08-31 22:00:00+05:30,25.9,95
2025-08-31 23:00:00+05:30,25.8,95
2025-09-01 00:00:00+05:30,25.7,95
2025-09-01 01:00:00+05:30,25.2,96
2025-09-01 02:00:00+05:30,24.9,97
2025-09-01 03:00:00+05:30,24.5,98
2025-09-01 04:00:00+05:30,24.4,98
2025-09-01 05:00:00+05:30,24.3,97
2025-09-01 06:00:00+05:30,24.8,96
2025-09-01 07:00:00+05:30,24.6,97
2025-09-01 08:00:00+05:30,24.8,96
2025-09-01 09:00:00+05:30,25.0,94
2025-09-01 10:00:00+05:30,25.6,92
2025-09-01 11:00:00+05:30,26.8,88
2025-09-01 12:00:00+05:30,28.7,81
2025-09-01 13:00:00+05:30,28.5,79
2025-09-01 14:00:00+05:30,27.5,84
2025-09-01 15:00:00+05:30,27.7,82
2025-09-01 16:00:00+05:30,27.0,84
2025-09-01 17:00:00+05:30,26.0,90
2025-09-01 18:00:00+05:30,25.2,91
2025-09-01 19:00:00+05:30,24.9,93
2025-09-01 20:00:00+05:30,24.6,96
2025-09-01 21:00:00+05:30,24.5,96
2025-09-01 22:00:00+05:30,24.6,96
2025-09-01 23:00:00+05:30,24.7,95
2025-09-02 00:00:00+05:30,24.4,96
2025-09-02 01:00:00+05:30,24.2,98
2025-09-02 02:00:00+05:30,24.0,98
2025-09-02 03:00:00+05:30,24.2,98
2025-09-02 04:00:00+05:30,24.0,98
2025-09-02 05:00:00+05:30,24.0,98
2025-09-02 06:00:00+05:30,24.5,95
2025-09-02 07:00:00+05:30,24.5,94
2025-09-02 08:00:00+05:30,24.8,92
2025-09-02 09:00:00+05:30,25.8,86
2025-09-02 10:00:00+05:30,26.7,84
2025-09-02 11:00:00+05:30,27.1,81
2025-09-02 12:00:00+05:30,26.9,83
2025-09-02 13:00:00+05:30,26.0,88
2025-09-02 14:00:00+05:30,27.5,81
2025-09-02 15:00:00+05:30,26.2,87
2025-09-02 16:00:00+05:30,26.2,87
2025-09-02 17:00:00+05:30,26.3,88
2025-09-02 18:00:00+05:30,24.7,96
2025-09-02 19:00:00+05:30,24.8,96
2025-09-02 20:00:00+05:30,25.0,95
2025-09-02 21:00:00+05:30,25.1,96
2025-09-02 22:00:00+05:30,25.1,96
2025-09-02 23:00:00+05:30,25.1,96
2025-09-03 00:00:00+05:30,24.9,96
2025-09-03 01:00:00+05:30,24.7,96
2025-09-03 02:00:00+05:30,24.5,96
2025-09-03 03:00:00+05:30,24.3,97
2025-09-03 04:00:00+05:30,24.3,97
2025-09-03 05:00:00+05:30,24.2,98
2025-09-03 06:00:00+05:30,24.5,95
2025-09-03 07:00:00+05:30,25.1,94
2025-09-03 08:00:00+05:30,25.8,92
2025-09-03 09:00:00+05:30,26.7,89
2025-09-03 10:00:00+05:30,27.8,85
2025-09-03 11:00:00+05:30,29.5,80
2025-09-03 12:00:00+05:30,27.7,82
2025-09-03 13:00:00+05:30,28.3,79
2025-09-03 14:00:00+05:30,28.6,78
2025-09-03 15:00:00+05:30,28.9,77
2025-09-03 16:00:00+05:30,28.5,79
2025-09-03 17:00:00+05:30,28.3,80
2025-09-03 18:00:00+05:30,26.2,87
2025-09-03 19:00:00+05:30,26.0,88
2025-09-03 20:00:00+05:30,25.8,90
2025-09-03 21:00:00+05:30,25.7,90
2025-09-03 22:00:00+05:30,25.5,92
2025-09-03 23:00:00+05:30,25.4,94
2025-09-04 00:00:00+05:30,25.2,96
2025-09-04 01:00:00+05:30,25.1,96
2025-09-04 02:00:00+05:30,24.9,96
2025-09-04 03:00:00+05:30,24.8,97
2025-09-04 04:00:00+05:30,25.0,96
2025-09-04 05:00:00+05:30,24.6,96
2025-09-04 06:00:00+05:30,24.0,96
2025-09-04 07:00:00+05:30,24.5,92
2025-09-04 08:00:00+05:30,25.5,92
2025-09-04 09:00:00+05:30,27.1,87
2025-09-04 10:00:00+05:30,28.9,82
2025-09-04 11:00:00+05:30,30.2,77
2025-09-04 12:00:00+05:30,31.2,72
2025-09-04 13:00:00+05:30,31.6,69
2025-09-04 14:00:00+05:30,31.8,66
2025-09-04 15:00:00+05:30,29.9,75
2025-09-04 16:00:00+05:30,29.1,80
2025-09-04 17:00:00+05:30,28.7,82
2025-09-04 18:00:00+05:30,28.1,86
2025-09-04 19:00:00+05:30,27.5,88
2025-09-04 20:00:00+05:30,27.1,89
2025-09-04 21:00:00+05:30,26.8,90
2025-09-04 22:00:00+05:30,26.5,91
2025-09-04 23:00:00+05:30,26.2,92
2025-09-05 00:00:00+05:30,26.0,92
2025-09-05 01:00:00+05:30,25.8,93
2025-09-05 02:00:00+05:30,25.6,94
2025-09-05 03:00:00+05:30,25.5,92
2025-09-05 04:00:00+05:30,25.4,93
2025-09-05 05:00:00+05:30,25.4,93
2025-09-05 06:00:00+05:30,26.8,86
2025-09-05 07:00:00+05:30,27.3,83
2025-09-05 08:00:00+05:30,28.2,79
2025-09-05 09:00:00+05:30,29.2,73
2025-09-05 10:00:00+05:30,30.1,73
2025-09-05 11:00:00+05:30,30.8,72
2025-09-05 12:00:00+05:30,31.3,71
2025-09-05 13:00:00+05:30,30.9,73
2025-09-05 14:00:00+05:30,30.8,73
2025-09-05 15:00:00+05:30,29.7,75
2025-09-05 16:00:00+05:30,28.7,82
2025-09-05 17:00:00+05:30,27.2,88
2025-09-05 18:00:00+05:30,27.3,89
2025-09-05 19:00:00+05:30,27.1,91
2025-09-05 20:00:00+05:30,26.9,92
2025-09-05 21:00:00+05:30,26.8,91
2025-09-05 22:00:00+05:30,26.7,91
2025-09-05 23:00:00+05:30,26.6,92
2025-09-06 00:00:00+05:30,26.0,92
2025-09-06 01:00:00+05:30,25.0,95
2025-09-06 02:00:00+05:30,24.5,94
2025-09-06 03:00:00+05:30,24.6,95
2025-09-06 04:00:00+05:30,24.8,96
2025-09-06 05:00:00+05:30,24.7,96
2025-09-06 06:00:00+05:30,26.3,91
2025-09-06 07:00:00+05:30,26.9,91
2025-09-06 08:00:00+05:30,28.1,86
2025-09-06 09:00:00+05:30,29.5,77
2025-09-06 10:00:00+05:30,30.5,73
2025-09-06 11:00:00+05:30,31.0,71
2025-09-06 12:00:00+05:30,31.5,71
2025-09-06 13:00:00+05:30,31.4,72
2025-09-06 14:00:00+05:30,31.8,72
2025-09-06 15:00:00+05:30,29.8,78
2025-09-06 16:00:00+05:30,29.1,81
2025-09-06 17:00:00+05:30,28.6,84
2025-09-06 18:00:00+05:30,29.0,83
2025-09-06 19:00:00+05:30,28.3,86
2025-09-06 20:00:00+05:30,27.6,88
2025-09-06 21:00:00+05:30,26.9,88
2025-09-06 22:00:00+05:30,26.6,89
2025-09-06 23:00:00+05:30,26.4,89
2025-09-07 00:00:00+05:30,26.4,90
2025-09-07 01:00:00+05:30,25.5,93
2025-09-07 02:00:00+05:30,25.5,94
2025-09-07 03:00:00+05:30,25.3,95
2025-09-07 04:00:00+05:30,25.1,96
2025-09-07 05:00:00+05:30,24.9,96
2025-09-07 06:00:00+05:30,25.9,95
2025-09-07 07:00:00+05:30,26.7,94
2025-09-07 08:00:00+05:30,28.0,88
2025-09-07 09:00:00+05:30,29.4,82
2025-09-07 10:00:00+05:30,30.8,74
2025-09-07 11:00:00+05:30,31.5,72
2025-09-07 12:00:00+05:30,32.0,69
2025-09-07 13:00:00+05:30,32.1,69
2025-09-07 14:00:00+05:30,32.2,70
2025-09-07 15:00:00+05:30,30.5,77
2025-09-07 16:00:00+05:30,30.7,77
2025-09-07 17:00:00+05:30,30.0,78
2025-09-07 18:00:00+05:30,27.7,88
2025-09-07 19:00:00+05:30,27.2,89
2025-09-07 20:00:00+05:30,27.0,90
2025-09-07 21:00:00+05:30,26.7,91
2025-09-07 22:00:00+05:30,26.4,92
2025-09-07 23:00:00+05:30,26.2,93
2025-09-08 00:00:00+05:30,25.9,94
2025-09-08 01:00:00+05:30,25.6,95
2025-09-08 02:00:00+05:30,25.4,96
2025-09-08 03:00:00+05:30,25.2,97
2025-09-08 04:00:00+05:30,25.1,98
2025-09-08 05:00:00+05:30,25.0,98
2025-09-08 06:00:00+05:30,25.5,96
2025-09-08 07:00:00+05:30,26.6,92
2025-09-08 08:00:00+05:30,28.0,88
2025-09-08 09:00:00+05:30,29.4,81
2025-09-08 10:00:00+05:30,30.4,75
2025-09-08 11:00:00+05:30,31.2,72
2025-09-08 12:00:00+05:30,31.7,69
2025-09-08 13:00:00+05:30,31.8,70
2025-09-08 14:00:00+05:30,31.8,70
2025-09-08 15:00:00+05:30,32.0,67
2025-09-08 16:00:00+05:30,31.4,67
2025-09-08 17:00:00+05:30,30.3,75
2025-09-08 18:00:00+05:30,30.2,79
2025-09-08 19:00:00+05:30,29.1,85
2025-09-08 20:00:00+05:30,28.3,91
2025-09-08 21:00:00+05:30,27.9,93
2025-09-08 22:00:00+05:30,27.5,94
2025-09-08 23:00:00+05:30,27.1,95
2025-09-09 00:00:00+05:30,26.8,95
2025-09-09 01:00:00+05:30,26.6,93
2025-09-09 02:00:00+05:30,26.4,90
2025-09-09 03:00:00+05:30,26.2,88
2025-09-09 04:00:00+05:30,26.2,86
2025-09-09 05:00:00+05:30,26.1,87
2025-09-09 06:00:00+05:30,27.1,85
2025-09-09 07:00:00+05:30,27.8,84
2025-09-09 08:00:00+05:30,28.9,80
2025-09-09 09:00:00+05:30,30.2,74
2025-09-09 10:00:00+05:30,30.8,70
2025-09-09 11:00:00+05:30,31.6,65
2025-09-09 12:00:00+05:30,32.2,63
2025-09-09 13:00:00+05:30,32.5,63
2025-09-09 14:00:00+05:30,32.6,64
2025-09-09 15:00:00+05:30,32.5,62
2025-09-09 16:00:00+05:30,32.1,62
2025-09-09 17:00:00+05:30,31.3,67
2025-09-09 18:00:00+05:30,30.5,72
2025-09-09 19:00:00+05:30,29.7,77
2025-09-09 20:00:00+05:30,29.3,78
2025-09-09 21:00:00+05:30,28.9,77
2025-09-09 22:00:00+05:30,28.4,78
2025-09-09 23:00:00+05:30,27.9,79
2025-09-10 00:00:00+05:30,27.4,81
2025-09-10 01:00:00+05:30,27.0,81
2025-09-10 02:00:00+05:30,26.6,82
2025-09-10 03:00:00+05:30,26.2,82
2025-09-10 04:00:00+05:30,26.0,83
2025-09-10 05:00:00+05:30,25.8,84
2025-09-10 06:00:00+05:30,27.3,88
2025-09-10 07:00:00+05:30,28.0,86
2025-09-10 08:00:00+05:30,29.2,82
2025-09-10 09:00:00+05:30,30.4,75
2025-09-10 10:00:00+05:30,31.3,69
2025-09-10 11:00:00+05:30,32.2,63
2025-09-10 12:00:00+05:30,32.6,61
2025-09-10 13:00:00+05:30,33.3,57
2025-09-10 14:00:00+05:30,33.4,54
2025-09-10 15:00:00+05:30,33.1,55
2025-09-10 16:00:00+05:30,32.6,58
2025-09-10 17:00:00+05:30,31.6,62
2025-09-10 18:00:00+05:30,30.5,65
2025-09-10 19:00:00+05:30,29.6,69
2025-09-10 20:00:00+05:30,29.0,72
2025-09-10 21:00:00+05:30,28.4,74
2025-09-10 22:00:00+05:30,27.8,77
2025-09-10 23:00:00+05:30,27.3,79
2025-09-11 00:00:00+05:30,26.8,80
2025-09-11 01:00:00+05:30,26.4,82
2025-09-11 02:00:00+05:30,26.0,82
2025-09-11 03:00:00+05:30,25.8,81
2025-09-11 04:00:00+05:30,25.5,80
2025-09-11 05:00:00+05:30,25.2,79
2025-09-11 06:00:00+05:30,26.6,77
2025-09-11 07:00:00+05:30,27.4,75
2025-09-11 08:00:00+05:30,28.7,71
2025-09-11 09:00:00+05:30,30.1,66
2025-09-11 10:00:00+05:30,31.4,61
2025-09-11 11:00:00+05:30,32.3,56
2025-09-11 12:00:00+05:30,33.0,52
2025-09-11 13:00:00+05:30,33.3,49
2025-09-11 14:00:00+05:30,33.5,48
2025-09-11 15:00:00+05:30,33.5,48
2025-09-11 16:00:00+05:30,32.9,49
2025-09-11 17:00:00+05:30,32.1,52
2025-09-11 18:00:00+05:30,30.6,63
2025-09-11 19:00:00+05:30,29.8,66
2025-09-11 20:00:00+05:30,29.2,69
2025-09-11 21:00:00+05:30,28.5,73
2025-09-11 22:00:00+05:30,28.1,74
2025-09-11 23:00:00+05:30,27.7,76
2025-09-12 00:00:00+05:30,27.0,81
2025-09-12 01:00:00+05:30,26.6,82
2025-09-12 02:00:00+05:30,26.3,83
2025-09-12 03:00:00+05:30,26.0,82
2025-09-12 04:00:00+05:30,25.6,78
2025-09-12 05:00:00+05:30,25.3,76
2025-09-12 06:00:00+05:30,26.4,78
2025-09-12 07:00:00+05:30,27.3,74
2025-09-12 08:00:00+05:30,28.8,68
2025-09-12 09:00:00+05:30,30.6,61
2025-09-12 10:00:00+05:30,31.9,56
2025-09-12 11:00:00+05:30,32.9,51
2025-09-12 12:00:00+05:30,33.8,48
2025-09-12 13:00:00+05:30,34.3,45
2025-09-12 14:00:00+05:30,34.4,44
2025-09-12 15:00:00+05:30,34.3,45
2025-09-12 16:00:00+05:30,33.8,46
2025-09-12 17:00:00+05:30,32.7,51
2025-09-12 18:00:00+05:30,31.8,55
2025-09-12 19:00:00+05:30,31.2,58
2025-09-12 20:00:00+05:30,30.9,60
2025-09-12 21:00:00+05:30,30.5,68
2025-09-12 22:00:00+05:30,30.0,65
2025-09-12 23:00:00+05:30,29.6,66
2025-09-13 00:00:00+05:30,29.2,68
2025-09-13 01:00:00+05:30,29.0,70
2025-09-13 02:00:00+05:30,28.7,72
2025-09-13 03:00:00+05:30,28.3,73
2025-09-13 04:00:00+05:30,28.0,74
2025-09-13 05:00:00+05:30,27.5,76
2025-09-13 06:00:00+05:30,28.5,70
2025-09-13 07:00:00+05:30,29.2,66
2025-09-13 08:00:00+05:30,29.7,63
2025-09-13 09:00:00+05:30,31.7,55
2025-09-13 10:00:00+05:30,33.8,45
2025-09-13 11:00:00+05:30,34.9,42
2025-09-13 12:00:00+05:30,35.7,40
2025-09-13 13:00:00+05:30,35.9,40
2025-09-13 14:00:00+05:30,35.8,39
2025-09-13 15:00:00+05:30,35.3,40
2025-09-13 16:00:00+05:30,34.4,44
2025-09-13 17:00:00+05:30,33.2,50
2025-09-13 18:00:00+05:30,33.0,48
2025-09-13 19:00:00+05:30,32.5,51
2025-09-13 20:00:00+05:30,31.9,54
2025-09-13 21:00:00+05:30,31.3,56
2025-09-13 22:00:00+05:30,30.7,61
2025-09-13 23:00:00+05:30,30.1,65
2025-09-14 00:00:00+05:30,29.4,69
2025-09-14 01:00:00+05:30,29.1,69
2025-09-14 02:00:00+05:30,28.9,68
2025-09-14 03:00:00+05:30,28.6,69
2025-09-14 04:00:00+05:30,28.2,72
2025-09-14 05:00:00+05:30,27.8,74
2025-09-14 06:00:00+05:30,28.6,73
2025-09-14 07:00:00+05:30,29.7,68
2025-09-14 08:00:00+05:30,31.7,58
2025-09-14 09:00:00+05:30,33.3,51
2025-09-14 10:00:00+05:30,34.7,45
2025-09-14 11:00:00+05:30,35.5,42
2025-09-14 12:00:00+05:30,36.1,40
2025-09-14 13:00:00+05:30,36.3,39
2025-09-14 14:00:00+05:30,36.6,39
2025-09-14 15:00:00+05:30,36.5,39
2025-09-14 16:00:00+05:30,35.6,41
2025-09-14 17:00:00+05:30,34.5,45
2025-09-14 18:00:00+05:30,33.3,51
2025-09-14 19:00:00+05:30,32.9,52
2025-09-14 20:00:00+05:30,32.8,54
2025-09-14 21:00:00+05:30,32.2,54
2025-09-14 22:00:00+05:30,31.7,55
2025-09-14 23:00:00+05:30,31.0,60
2025-09-15 00:00:00+05:30,30.5,64
2025-09-15 01:00:00+05:30,30.1,65
2025-09-15 02:00:00+05:30,29.6,67
2025-09-15 03:00:00+05:30,29.3,68
2025-09-15 04:00:00+05:30,28.9,69
2025-09-15 05:00:00+05:30,28.6,70
2025-09-15 06:00:00+05:30,29.5,70
2025-09-15 07:00:00+05:30,30.2,63
2025-09-15 08:00:00+05:30,32.1,52
2025-09-15 09:00:00+05:30,34.3,40
2025-09-15 10:00:00+05:30,35.5,37
2025-09-15 11:00:00+05:30,36.4,36
2025-09-15 12:00:00+05:30,37.1,35
2025-09-15 13:00:00+05:30,37.3,35
2025-09-15 14:00:00+05:30,37.2,35
2025-09-15 15:00:00+05:30,36.6,37
2025-09-15 16:00:00+05:30,35.7,40
2025-09-15 17:00:00+05:30,34.7,44
2025-09-15 18:00:00+05:30,34.0,46
2025-09-15 19:00:00+05:30,33.6,47
2025-09-15 20:00:00+05:30,33.3,49
2025-09-15 21:00:00+05:30,32.9,51
2025-09-15 22:00:00+05:30,32.3,54
2025-09-15 23:00:00+05:30,31.4,60
2025-09-16 00:00:00+05:30,30.6,64
2025-09-16 01:00:00+05:30,29.8,67
2025-09-16 02:00:00+05:30,29.1,70
2025-09-16 03:00:00+05:30,28.5,72
2025-09-16 04:00:00+05:30,27.6,76
2025-09-16 05:00:00+05:30,26.7,83
2025-09-16 06:00:00+05:30,29.6,62
2025-09-16 07:00:00+05:30,29.8,61
2025-09-16 08:00:00+05:30,31.2,56
2025-09-16 09:00:00+05:30,33.1,47
2025-09-16 10:00:00+05:30,34.8,42
2025-09-16 11:00:00+05:30,36.1,38
2025-09-16 12:00:00+05:30,36.8,37
2025-09-16 13:00:00+05:30,36.7,38
2025-09-16 14:00:00+05:30,36.4,39
2025-09-16 15:00:00+05:30,36.2,39
2025-09-16 16:00:00+05:30,35.2,42
2025-09-16 17:00:00+05:30,34.0,45
2025-09-16 18:00:00+05:30,32.6,56
2025-09-16 19:00:00+05:30,32.0,58
2025-09-16 20:00:00+05:30,30.4,68
2025-09-16 21:00:00+05:30,29.4,73
2025-09-16 22:00:00+05:30,28.6,75
2025-09-16 23:00:00+05:30,27.9,77
2025-09-17 00:00:00+05:30,27.5,77
2025-09-17 01:00:00+05:30,27.2,78
2025-09-17 02:00:00+05:30,27.1,78
2025-09-17 03:00:00+05:30,27.1,79
2025-09-17 04:00:00+05:30,26.8,81
2025-09-17 05:00:00+05:30,25.9,85
2025-09-17 06:00:00+05:30,26.5,82
2025-09-17 07:00:00+05:30,27.8,76
2025-09-17 08:00:00+05:30,29.8,67
2025-09-17 09:00:00+05:30,32.2,58
2025-09-17 10:00:00+05:30,33.8,50
2025-09-17 11:00:00+05:30,34.9,45
2025-09-17 12:00:00+05:30,35.8,42
2025-09-17 13:00:00+05:30,35.8,42
2025-09-17 14:00:00+05:30,35.7,42
2025-09-17 15:00:00+05:30,35.3,43
2025-09-17 16:00:00+05:30,34.8,45
2025-09-17 17:00:00+05:30,34.0,48
2025-09-17 18:00:00+05:30,31.7,63
2025-09-17 19:00:00+05:30,31.7,64
2025-09-17 20:00:00+05:30,31.1,66
2025-09-17 21:00:00+05:30,29.8,74
2025-09-17 22:00:00+05:30,28.6,80
2025-09-17 23:00:00+05:30,27.8,84
2025-09-18 00:00:00+05:30,27.2,86
2025-09-18 01:00:00+05:30,26.4,88
2025-09-18 02:00:00+05:30,25.7,88
2025-09-18 03:00:00+05:30,25.6,87
2025-09-18 04:00:00+05:30,25.1,90
2025-09-18 05:00:00+05:30,24.9,91
2025-09-18 06:00:00+05:30,26.7,83
2025-09-18 07:00:00+05:30,27.6,78
2025-09-18 08:00:00+05:30,29.4,71
2025-09-18 09:00:00+05:30,31.5,62
2025-09-18 10:00:00+05:30,33.4,52
2025-09-18 11:00:00+05:30,34.6,46
2025-09-18 12:00:00+05:30,33.9,50
2025-09-18 13:00:00+05:30,33.6,52
2025-09-18 14:00:00+05:30,32.8,52
2025-09-18 15:00:00+05:30,32.6,55
2025-09-18 16:00:00+05:30,32.0,59
2025-09-18 17:00:00+05:30,31.3,65
2025-09-18 18:00:00+05:30,31.5,63
2025-09-18 19:00:00+05:30,31.0,66
2025-09-18 20:00:00+05:30,30.9,66
2025-09-18 21:00:00+05:30,30.4,67
2025-09-18 22:00:00+05:30,29.8,70
2025-09-18 23:00:00+05:30,29.2,73
2025-09-19 00:00:00+05:30,28.7,77
2025-09-19 01:00:00+05:30,28.1,81
2025-09-19 02:00:00+05:30,27.6,84
2025-09-19 03:00:00+05:30,27.0,87
2025-09-19 04:00:00+05:30,26.7,89
2025-09-19 05:00:00+05:30,26.6,90
2025-09-19 06:00:00+05:30,28.2,76
2025-09-19 07:00:00+05:30,29.2,71
2025-09-19 08:00:00+05:30,31.1,62
2025-09-19 09:00:00+05:30,32.9,52
2025-09-19 10:00:00+05:30,32.3,55
2025-09-19 11:00:00+05:30,33.4,48
2025-09-19 12:00:00+05:30,34.5,44
2025-09-19 13:00:00+05:30,35.1,42
2025-09-19 14:00:00+05:30,35.3,41
2025-09-19 15:00:00+05:30,35.2,41
2025-09-19 16:00:00+05:30,34.4,45
2025-09-19 17:00:00+05:30,33.5,49
2025-09-19 18:00:00+05:30,32.6,55
2025-09-19 19:00:00+05:30,32.1,58
2025-09-19 20:00:00+05:30,31.4,60
2025-09-19 21:00:00+05:30,30.8,63
2025-09-19 22:00:00+05:30,30.3,68
2025-09-19 23:00:00+05:30,29.8,68
2025-09-20 00:00:00+05:30,29.3,70
2025-09-20 01:00:00+05:30,29.0,73
2025-09-20 02:00:00+05:30,28.3,73
2025-09-20 03:00:00+05:30,28.1,73
2025-09-20 04:00:00+05:30,27.7,73
2025-09-20 05:00:00+05:30,27.3,75
2025-09-20 06:00:00+05:30,28.9,74
2025-09-20 07:00:00+05:30,30.0,69
2025-09-20 08:00:00+05:30,32.1,55
2025-09-20 09:00:00+05:30,33.8,43
2025-09-20 10:00:00+05:30,34.8,39
2025-09-20 11:00:00+05:30,35.5,38
2025-09-20 12:00:00+05:30,35.8,38
2025-09-20 13:00:00+05:30,36.2,38
2025-09-20 14:00:00+05:30,36.2,38
2025-09-20 15:00:00+05:30,35.8,38
2025-09-20 16:00:00+05:30,35.3,39
2025-09-20 17:00:00+05:30,34.3,41
2025-09-20 18:00:00+05:30,33.1,45
2025-09-20 19:00:00+05:30,32.3,50
2025-09-20 20:00:00+05:30,31.6,54
2025-09-20 21:00:00+05:30,31.0,57
2025-09-20 22:00:00+05:30,30.4,58
2025-09-20 23:00:00+05:30,29.8,61
2025-09-21 00:00:00+05:30,29.2,62
2025-09-21 01:00:00+05:30,28.5,64
2025-09-21 02:00:00+05:30,27.8,65
2025-09-21 03:00:00+05:30,27.3,66
2025-09-21 04:00:00+05:30,26.8,68
2025-09-21 05:00:00+05:30,26.4,68
2025-09-21 06:00:00+05:30,27.8,71
2025-09-21 07:00:00+05:30,28.8,66
2025-09-21 08:00:00+05:30,30.9,59
2025-09-21 09:00:00+05:30,33.1,50
2025-09-21 10:00:00+05:30,34.5,43
2025-09-21 11:00:00+05:30,35.5,39
2025-09-21 12:00:00+05:30,36.0,37
2025-09-21 13:00:00+05:30,36.6,34
2025-09-21 14:00:00+05:30,36.5,34
2025-09-21 15:00:00+05:30,36.2,35
2025-09-21 16:00:00+05:30,35.5,37
2025-09-21 17:00:00+05:30,34.4,43
2025-09-21 18:00:00+05:30,33.6,43
2025-09-21 19:00:00+05:30,33.2,44
2025-09-21 20:00:00+05:30,32.4,47
2025-09-21 21:00:00+05:30,31.6,52
2025-09-21 22:00:00+05:30,30.9,54
2025-09-21 23:00:00+05:30,30.3,57
2025-09-22 00:00:00+05:30,29.4,60
2025-09-22 01:00:00+05:30,28.9,61
2025-09-22 02:00:00+05:30,28.3,63
2025-09-22 03:00:00+05:30,27.7,66
2025-09-22 04:00:00+05:30,27.4,66
2025-09-22 05:00:00+05:30,27.1,66
2025-09-22 06:00:00+05:30,28.3,69
2025-09-22 07:00:00+05:30,29.4,64
2025-09-22 08:00:00+05:30,31.6,55
2025-09-22 09:00:00+05:30,33.9,45
2025-09-22 10:00:00+05:30,35.4,37
2025-09-22 11:00:00+05:30,36.3,33
2025-09-22 12:00:00+05:30,37.1,30
2025-09-22 13:00:00+05:30,37.3,29
2025-09-22 14:00:00+05:30,37.3,30
2025-09-22 15:00:00+05:30,36.8,31
2025-09-22 16:00:00+05:30,35.7,37
2025-09-22 17:00:00+05:30,35.0,39
2025-09-22 18:00:00+05:30,34.5,39
2025-09-22 19:00:00+05:30,33.5,44
2025-09-22 20:00:00+05:30,32.8,46
2025-09-22 21:00:00+05:30,31.9,48
2025-09-22 22:00:00+05:30,31.2,50
2025-09-22 23:00:00+05:30,30.8,51
2025-09-23 00:00:00+05:30,30.2,51
2025-09-23 01:00:00+05:30,29.7,53
2025-09-23 02:00:00+05:30,28.9,55
2025-09-23 03:00:00+05:30,28.3,57
2025-09-23 04:00:00+05:30,27.8,59
2025-09-23 05:00:00+05:30,27.3,60
2025-09-23 06:00:00+05:30,28.0,65
2025-09-23 07:00:00+05:30,28.7,64
2025-09-23 08:00:00+05:30,30.7,55
2025-09-23 09:00:00+05:30,33.0,46
2025-09-23 10:00:00+05:30,34.7,41
2025-09-23 11:00:00+05:30,36.1,36
2025-09-23 12:00:00+05:30,36.9,32
2025-09-23 13:00:00+05:30,37.1,31
2025-09-23 14:00:00+05:30,37.0,31
2025-09-23 15:00:00+05:30,36.3,33
2025-09-23 16:00:00+05:30,35.6,35
2025-09-23 17:00:00+05:30,34.7,36
2025-09-23 18:00:00+05:30,33.8,36
2025-09-23 19:00:00+05:30,33.1,38
2025-09-23 20:00:00+05:30,32.6,39
2025-09-23 21:00:00+05:30,32.1,40
2025-09-23 22:00:00+05:30,31.6,42
2025-09-23 23:00:00+05:30,31.2,43
2025-09-24 00:00:00+05:30,30.1,47
2025-09-24 01:00:00+05:30,29.1,52
2025-09-24 02:00:00+05:30,28.5,55
2025-09-24 03:00:00+05:30,27.9,58
2025-09-24 04:00:00+05:30,27.4,59
2025-09-24 05:00:00+05:30,26.9,60
2025-09-24 06:00:00+05:30,27.4,65
2025-09-24 07:00:00+05:30,28.0,61
2025-09-24 08:00:00+05:30,29.8,54
2025-09-24 09:00:00+05:30,31.9,48
2025-09-24 10:00:00+05:30,33.8,43
2025-09-24 11:00:00+05:30,35.3,36
2025-09-24 12:00:00+05:30,36.2,32
2025-09-24 13:00:00+05:30,36.6,31
2025-09-24 14:00:00+05:30,36.6,29
2025-09-24 15:00:00+05:30,36.3,30
2025-09-24 16:00:00+05:30,35.4,33
2025-09-24 17:00:00+05:30,34.3,38
2025-09-24 18:00:00+05:30,33.6,43
2025-09-24 19:00:00+05:30,33.1,45
2025-09-24 20:00:00+05:30,32.6,47
2025-09-24 21:00:00+05:30,31.8,50
2025-09-24 22:00:00+05:30,30.9,55
2025-09-24 23:00:00+05:30,30.1,57
2025-09-25 00:00:00+05:30,29.4,60
2025-09-25 01:00:00+05:30,28.8,62
2025-09-25 02:00:00+05:30,28.3,64
2025-09-25 03:00:00+05:30,27.6,67
2025-09-25 04:00:00+05:30,27.3,67
2025-09-25 05:00:00+05:30,26.9,69
2025-09-25 06:00:00+05:30,27.1,71
2025-09-25 07:00:00+05:30,27.8,67
2025-09-25 08:00:00+05:30,29.9,57
2025-09-25 09:00:00+05:30,32.5,46
2025-09-25 10:00:00+05:30,34.5,37
2025-09-25 11:00:00+05:30,35.7,33
2025-09-25 12:00:00+05:30,36.3,31
2025-09-25 13:00:00+05:30,36.6,32
2025-09-25 14:00:00+05:30,36.5,32
2025-09-25 15:00:00+05:30,36.2,33
2025-09-25 16:00:00+05:30,35.4,36
2025-09-25 17:00:00+05:30,34.2,40
2025-09-25 18:00:00+05:30,33.4,43
2025-09-25 19:00:00+05:30,33.1,44
2025-09-25 20:00:00+05:30,32.5,46
2025-09-25 21:00:00+05:30,31.8,48
2025-09-25 22:00:00+05:30,31.1,50
2025-09-25 23:00:00+05:30,30.4,52
2025-09-26 00:00:00+05:30,29.7,53
2025-09-26 01:00:00+05:30,29.2,55
2025-09-26 02:00:00+05:30,28.4,58
2025-09-26 03:00:00+05:30,27.7,61
2025-09-26 04:00:00+05:30,27.1,64
2025-09-26 05:00:00+05:30,26.6,67
2025-09-26 06:00:00+05:30,27.0,75
2025-09-26 07:00:00+05:30,28.0,70
2025-09-26 08:00:00+05:30,30.2,61
2025-09-26 09:00:00+05:30,32.8,49
2025-09-26 10:00:00+05:30,34.5,40
2025-09-26 11:00:00+05:30,35.7,36
2025-09-26 12:00:00+05:30,36.7,32
2025-09-26 13:00:00+05:30,37.0,31
2025-09-26 14:00:00+05:30,37.2,30
2025-09-26 15:00:00+05:30,36.6,33
2025-09-26 16:00:00+05:30,35.4,41
2025-09-26 17:00:00+05:30,34.3,44
2025-09-26 18:00:00+05:30,33.8,48
2025-09-26 19:00:00+05:30,33.4,50
2025-09-26 20:00:00+05:30,32.7,53
2025-09-26 21:00:00+05:30,32.0,55
2025-09-26 22:00:00+05:30,31.3,56
2025-09-26 23:00:00+05:30,30.7,57
2025-09-27 00:00:00+05:30,30.1,58
2025-09-27 01:00:00+05:30,29.4,60
2025-09-27 02:00:00+05:30,28.7,63
2025-09-27 03:00:00+05:30,28.0,67
2025-09-27 04:00:00+05:30,27.5,69
2025-09-27 05:00:00+05:30,27.0,72
2025-09-27 06:00:00+05:30,27.7,75
2025-09-27 07:00:00+05:30,28.6,71
2025-09-27 08:00:00+05:30,31.1,61
2025-09-27 09:00:00+05:30,33.4,51
2025-09-27 10:00:00+05:30,35.0,45
2025-09-27 11:00:00+05:30,36.4,40
2025-09-27 12:00:00+05:30,37.4,37
2025-09-27 13:00:00+05:30,38.1,35
2025-09-27 14:00:00+05:30,37.9,36
2025-09-27 15:00:00+05:30,37.4,36
2025-09-27 16:00:00+05:30,36.3,40
2025-09-27 17:00:00+05:30,35.2,44
2025-09-27 18:00:00+05:30,34.4,48
2025-09-27 19:00:00+05:30,33.8,52
2025-09-27 20:00:00+05:30,33.0,56
2025-09-27 21:00:00+05:30,32.6,59
2025-09-27 22:00:00+05:30,32.2,61
2025-09-27 23:00:00+05:30,31.6,64
2025-09-28 00:00:00+05:30,31.0,65
2025-09-28 01:00:00+05:30,30.5,67
2025-09-28 02:00:00+05:30,29.9,69
2025-09-28 03:00:00+05:30,29.3,72
2025-09-28 04:00:00+05:30,28.9,75
2025-09-28 05:00:00+05:30,28.7,76
2025-09-28 06:00:00+05:30,29.5,75
2025-09-28 07:00:00+05:30,30.1,71
2025-09-28 08:00:00+05:30,31.3,66
2025-09-28 09:00:00+05:30,32.8,59
2025-09-28 10:00:00+05:30,34.5,49
2025-09-28 11:00:00+05:30,35.6,44
2025-09-28 12:00:00+05:30,36.1,42
2025-09-28 13:00:00+05:30,36.3,42
2025-09-28 14:00:00+05:30,36.6,42
2025-09-28 15:00:00+05:30,36.3,42
2025-09-28 16:00:00+05:30,35.8,44
2025-09-28 17:00:00+05:30,34.8,48
2025-09-28 18:00:00+05:30,33.7,55
2025-09-28 19:00:00+05:30,33.3,57
2025-09-28 20:00:00+05:30,32.8,59
2025-09-28 21:00:00+05:30,32.0,63
2025-09-28 22:00:00+05:30,31.3,66
2025-09-28 23:00:00+05:30,30.5,69
2025-09-29 00:00:00+05:30,29.9,72
2025-09-29 01:00:00+05:30,29.3,74
2025-09-29 02:00:00+05:30,28.8,76
2025-09-29 03:00:00+05:30,28.4,78
2025-09-29 04:00:00+05:30,28.0,80
2025-09-29 05:00:00+05:30,27.6,82
2025-09-29 06:00:00+05:30,28.0,77
2025-09-29 07:00:00+05:30,28.7,75
2025-09-29 08:00:00+05:30,30.6,68
2025-09-29 09:00:00+05:30,32.6,58
2025-09-29 10:00:00+05:30,34.1,49
2025-09-29 11:00:00+05:30,35.1,44
2025-09-29 12:00:00+05:30,35.9,41
2025-09-29 13:00:00+05:30,36.3,40
2025-09-29 14:00:00+05:30,36.4,40
2025-09-29 15:00:00+05:30,36.3,40
2025-09-29 16:00:00+05:30,35.7,40
2025-09-29 17:00:00+05:30,34.7,44
2025-09-29 18:00:00+05:30,34.0,49
2025-09-29 19:00:00+05:30,33.4,51
2025-09-29 20:00:00+05:30,32.8,52
2025-09-29 21:00:00+05:30,32.1,56
2025-09-29 22:00:00+05:30,31.6,58
2025-09-29 23:00:00+05:30,31.1,60
2025-09-30 00:00:00+05:30,30.3,67
2025-09-30 01:00:00+05:30,29.5,69
2025-09-30 02:00:00+05:30,29.3,71
2025-09-30 03:00:00+05:30,26.9,80
2025-09-30 04:00:00+05:30,24.8,91
2025-09-30 05:00:00+05:30,24.9,92
2025-09-30 06:00:00+05:30,26.4,86
2025-09-30 07:00:00+05:30,27.2,85
2025-09-30 08:00:00+05:30,28.8,80
2025-09-30 09:00:00+05:30,30.7,72
2025-09-30 10:00:00+05:30,32.1,64
2025-09-30 11:00:00+05:30,33.1,57
2025-09-30 12:00:00+05:30,33.5,54
2025-09-30 13:00:00+05:30,33.4,54
2025-09-30 14:00:00+05:30,33.7,52
2025-09-30 15:00:00+05:30,33.0,54
2025-09-30 16:00:00+05:30,32.7,56
2025-09-30 17:00:00+05:30,32.2,67
2025-09-30 18:00:00+05:30,31.7,67
2025-09-30 19:00:00+05:30,31.1,72
2025-09-30 20:00:00+05:30,30.5,74
2025-09-30 21:00:00+05:30,29.8,77
2025-09-30 22:00:00+05:30,29.4,76
2025-09-30 23:00:00+05:30,29.0,74
2025-10-01 00:00:00+05:30,28.5,76
2025-10-01 01:00:00+05:30,28.2,77
2025-10-01 02:00:00+05:30,27.8,78
2025-10-01 03:00:00+05:30,27.4,79
2025-10-01 04:00:00+05:30,26.9,83
2025-10-01 05:00:00+05:30,23.8,96
2025-10-01 06:00:00+05:30,24.0,96
2025-10-01 07:00:00+05:30,24.8,95
2025-10-01 08:00:00+05:30,26.5,89
2025-10-01 09:00:00+05:30,28.1,78
2025-10-01 10:00:00+05:30,29.3,73
2025-10-01 11:00:00+05:30,30.8,70
2025-10-01 12:00:00+05:30,31.4,66
2025-10-01 13:00:00+05:30,31.9,60
2025-10-01 14:00:00+05:30,32.3,58
2025-10-01 15:00:00+05:30,29.4,73
2025-10-01 16:00:00+05:30,27.7,80
2025-10-01 17:00:00+05:30,28.3,77
2025-10-01 18:00:00+05:30,28.0,83
2025-10-01 19:00:00+05:30,27.7,85
2025-10-01 20:00:00+05:30,27.5,87
2025-10-01 21:00:00+05:30,27.4,87
2025-10-01 22:00:00+05:30,27.2,85
2025-10-01 23:00:00+05:30,26.4,88
2025-10-02 00:00:00+05:30,26.5,84
2025-10-02 01:00:00+05:30,26.2,85
2025-10-02 02:00:00+05:30,26.0,87
2025-10-02 03:00:00+05:30,25.8,87
2025-10-02 04:00:00+05:30,24.9,90
2025-10-02 05:00:00+05:30,23.9,93
2025-10-02 06:00:00+05:30,24.4,93
2025-10-02 07:00:00+05:30,25.4,89
2025-10-02 08:00:00+05:30,27.2,82
2025-10-02 09:00:00+05:30,29.0,73
2025-10-02 10:00:00+05:30,30.4,66
2025-10-02 11:00:00+05:30,31.1,64
2025-10-02 12:00:00+05:30,30.3,65
2025-10-02 13:00:00+05:30,30.3,60
2025-10-02 14:00:00+05:30,30.4,63
2025-10-02 15:00:00+05:30,30.8,62
2025-10-02 16:00:00+05:30,30.9,62
2025-10-02 17:00:00+05:30,29.0,73
2025-10-02 18:00:00+05:30,28.2,75
2025-10-02 19:00:00+05:30,27.7,81
2025-10-02 20:00:00+05:30,27.6,80
2025-10-02 21:00:00+05:30,27.2,82
2025-10-02 22:00:00+05:30,26.9,84
2025-10-02 23:00:00+05:30,26.8,90
2025-10-03 00:00:00+05:30,25.9,94
2025-10-03 01:00:00+05:30,25.4,94
2025-10-03 02:00:00+05:30,24.9,95
2025-10-03 03:00:00+05:30,24.6,96
2025-10-03 04:00:00+05:30,24.3,97
2025-10-03 05:00:00+05:30,24.6,97
2025-10-03 06:00:00+05:30,24.7,97
2025-10-03 07:00:00+05:30,25.4,93
2025-10-03 08:00:00+05:30,26.8,85
2025-10-03 09:00:00+05:30,28.5,74
2025-10-03 10:00:00+05:30,29.8,65
2025-10-03 11:00:00+05:30,30.6,63
2025-10-03 12:00:00+05:30,32.0,57
2025-10-03 13:00:00+05:30,32.5,55
2025-10-03 14:00:00+05:30,32.7,53
2025-10-03 15:00:00+05:30,32.4,53
2025-10-03 16:00:00+05:30,31.5,56
2025-10-03 17:00:00+05:30,30.9,61
2025-10-03 18:00:00+05:30,30.0,73
2025-10-03 19:00:00+05:30,29.5,73
2025-10-03 20:00:00+05:30,28.8,76
2025-10-03 21:00:00+05:30,28.0,80
2025-10-03 22:00:00+05:30,27.5,84
2025-10-03 23:00:00+05:30,27.7,85
2025-10-04 00:00:00+05:30,27.3,87
2025-10-04 01:00:00+05:30,26.9,86
2025-10-04 02:00:00+05:30,26.4,89
2025-10-04 03:00:00+05:30,26.1,90
2025-10-04 04:00:00+05:30,25.8,91
2025-10-04 05:00:00+05:30,26.0,90
2025-10-04 06:00:00+05:30,25.9,90
2025-10-04 07:00:00+05:30,26.9,83
2025-10-04 08:00:00+05:30,29.0,68
2025-10-04 09:00:00+05:30,31.0,56
2025-10-04 10:00:00+05:30,32.5,48
2025-10-04 11:00:00+05:30,33.5,45
2025-10-04 12:00:00+05:30,34.0,42
2025-10-04 13:00:00+05:30,34.5,40
2025-10-04 14:00:00+05:30,34.4,39
2025-10-04 15:00:00+05:30,34.1,40
2025-10-04 16:00:00+05:30,33.4,43
2025-10-04 17:00:00+05:30,32.2,48
2025-10-04 18:00:00+05:30,31.0,54
2025-10-04 19:00:00+05:30,30.5,57
2025-10-04 20:00:00+05:30,29.9,60
2025-10-04 21:00:00+05:30,29.4,62
2025-10-04 22:00:00+05:30,28.9,64
2025-10-04 23:00:00+05:30,27.9,67
2025-10-05 00:00:00+05:30,27.3,68
2025-10-05 01:00:00+05:30,26.8,68
2025-10-05 02:00:00+05:30,26.3,69
2025-10-05 03:00:00+05:30,25.7,71
2025-10-05 04:00:00+05:30,25.2,74
2025-10-05 05:00:00+05:30,25.8,86
2025-10-05 06:00:00+05:30,25.9,84
2025-10-05 07:00:00+05:30,26.8,79
2025-10-05 08:00:00+05:30,28.5,67
2025-10-05 09:00:00+05:30,30.6,57
2025-10-05 10:00:00+05:30,31.9,51
2025-10-05 11:00:00+05:30,30.9,58
2025-10-05 12:00:00+05:30,32.3,51
2025-10-05 13:00:00+05:30,33.3,43
2025-10-05 14:00:00+05:30,34.1,36
2025-10-05 15:00:00+05:30,34.1,35
2025-10-05 16:00:00+05:30,33.6,37
2025-10-05 17:00:00+05:30,32.7,42
2025-10-05 18:00:00+05:30,31.1,51
2025-10-05 19:00:00+05:30,30.3,60
2025-10-05 20:00:00+05:30,30.1,61
2025-10-05 21:00:00+05:30,29.4,63
2025-10-05 22:00:00+05:30,28.9,65
2025-10-05 23:00:00+05:30,25.9,71
2025-10-06 00:00:00+05:30,22.6,92
2025-10-06 01:00:00+05:30,23.5,86
2025-10-06 02:00:00+05:30,23.3,87
2025-10-06 03:00:00+05:30,22.9,91
2025-10-06 04:00:00+05:30,22.7,92
2025-10-06 05:00:00+05:30,24.1,81
2025-10-06 06:00:00+05:30,24.1,82
2025-10-06 07:00:00+05:30,24.9,78
2025-10-06 08:00:00+05:30,26.2,70
2025-10-06 09:00:00+05:30,26.4,69
2025-10-06 10:00:00+05:30,27.1,65
2025-10-06 11:00:00+05:30,29.7,46
2025-10-06 12:00:00+05:30,24.8,80
2025-10-06 13:00:00+05:30,24.9,82
2025-10-06 14:00:00+05:30,23.8,91
2025-10-06 15:00:00+05:30,24.4,86
2025-10-06 16:00:00+05:30,24.0,88
2025-10-06 17:00:00+05:30,23.4,92
2025-10-06 18:00:00+05:30,22.7,94
2025-10-06 19:00:00+05:30,22.6,94
2025-10-06 20:00:00+05:30,22.6,94
2025-10-06 21:00:00+05:30,22.4,95
2025-10-06 22:00:00+05:30,22.3,96
2025-10-06 23:00:00+05:30,22.7,95
2025-10-07 00:00:00+05:30,22.7,95
2025-10-07 01:00:00+05:30,22.3,96
2025-10-07 02:00:00+05:30,21.8,98
2025-10-07 03:00:00+05:30,22.1,98
2025-10-07 04:00:00+05:30,22.4,97
2025-10-07 05:00:00+05:30,22.3,96
2025-10-07 06:00:00+05:30,22.2,97
2025-10-07 07:00:00+05:30,22.7,94
2025-10-07 08:00:00+05:30,23.2,91
2025-10-07 09:00:00+05:30,24.6,85
2025-10-07 10:00:00+05:30,25.8,80
2025-10-07 11:00:00+05:30,27.0,67
2025-10-07 12:00:00+05:30,27.7,66
2025-10-07 13:00:00+05:30,28.3,65
2025-10-07 14:00:00+05:30,28.7,63
2025-10-07 15:00:00+05:30,25.5,75
2025-10-07 16:00:00+05:30,26.0,73
2025-10-07 17:00:00+05:30,21.3,93
2025-10-07 18:00:00+05:30,21.5,88
2025-10-07 19:00:00+05:30,21.3,92
2025-10-07 20:00:00+05:30,21.0,96
2025-10-07 21:00:00+05:30,21.0,96
2025-10-07 22:00:00+05:30,20.8,96
2025-10-07 23:00:00+05:30,21.1,98
2025-10-08 00:00:00+05:30,20.8,98
2025-10-08 01:00:00+05:30,20.4,98
2025-10-08 02:00:00+05:30,20.8,98
2025-10-08 03:00:00+05:30,20.7,98
2025-10-08 04:00:00+05:30,20.0,99
2025-10-08 05:00:00+05:30,20.7,99
2025-10-08 06:00:00+05:30,20.9,97
2025-10-08 07:00:00+05:30,21.4,94
2025-10-08 08:00:00+05:30,22.4,87
2025-10-08 09:00:00+05:30,23.4,82
2025-10-08 10:00:00+05:30,24.4,79
2025-10-08 11:00:00+05:30,25.1,76
2025-10-08 12:00:00+05:30,26.0,71
2025-10-08 13:00:00+05:30,26.2,67
2025-10-08 14:00:00+05:30,24.3,71
2025-10-08 15:00:00+05:30,23.0,79
2025-10-08 16:00:00+05:30,24.1,76
2025-10-08 17:00:00+05:30,22.6,87
2025-10-08 18:00:00+05:30,22.8,90
2025-10-08 19:00:00+05:30,22.8,87
2025-10-08 20:00:00+05:30,22.5,86
2025-10-08 21:00:00+05:30,21.8,88
2025-10-08 22:00:00+05:30,21.2,90
2025-10-08 23:00:00+05:30,21.9,92
2025-10-09 00:00:00+05:30,22.1,92
2025-10-09 01:00:00+05:30,21.8,92
2025-10-09 02:00:00+05:30,21.5,93
2025-10-09 03:00:00+05:30,21.1,94
2025-10-09 04:00:00+05:30,20.8,95
2025-10-09 05:00:00+05:30,20.8,95
2025-10-09 06:00:00+05:30,20.9,95
2025-10-09 07:00:00+05:30,21.5,93
2025-10-09 08:00:00+05:30,22.8,89
2025-10-09 09:00:00+05:30,24.2,83
2025-10-09 10:00:00+05:30,25.1,77
2025-10-09 11:00:00+05:30,26.9,66
2025-10-09 12:00:00+05:30,27.7,56
2025-10-09 13:00:00+05:30,28.4,49
2025-10-09 14:00:00+05:30,28.4,48
2025-10-09 15:00:00+05:30,28.1,48
2025-10-09 16:00:00+05:30,27.4,53
2025-10-09 17:00:00+05:30,26.6,61
2025-10-09 18:00:00+05:30,24.9,66
2025-10-09 19:00:00+05:30,24.0,70
2025-10-09 20:00:00+05:30,23.3,72
2025-10-09 21:00:00+05:30,22.6,73
2025-10-09 22:00:00+05:30,22.0,74
2025-10-09 23:00:00+05:30,22.0,78
2025-10-10 00:00:00+05:30,21.6,80
2025-10-10 01:00:00+05:30,21.2,81
2025-10-10 02:00:00+05:30,20.7,83
2025-10-10 03:00:00+05:30,20.3,84
2025-10-10 04:00:00+05:30,19.9,84
2025-10-10 05:00:00+05:30,19.9,88
2025-10-10 06:00:00+05:30,20.0,87
2025-10-10 07:00:00+05:30,20.8,86
2025-10-10 08:00:00+05:30,22.3,81
2025-10-10 09:00:00+05:30,24.1,74
2025-10-10 10:00:00+05:30,25.8,66
2025-10-10 11:00:00+05:30,27.1,57
2025-10-10 12:00:00+05:30,27.9,52
2025-10-10 13:00:00+05:30,28.4,48
2025-10-10 14:00:00+05:30,28.6,44
2025-10-10 15:00:00+05:30,28.5,44
2025-10-10 16:00:00+05:30,27.9,49
2025-10-10 17:00:00+05:30,26.3,60
2025-10-10 18:00:00+05:30,24.6,65
2025-10-10 19:00:00+05:30,23.4,74
2025-10-10 20:00:00+05:30,22.8,75
2025-10-10 21:00:00+05:30,22.3,77
2025-10-10 22:00:00+05:30,22.0,77
2025-10-10 23:00:00+05:30,21.7,81
2025-10-11 00:00:00+05:30,21.3,83
2025-10-11 01:00:00+05:30,20.7,85
2025-10-11 02:00:00+05:30,20.3,86
2025-10-11 03:00:00+05:30,19.9,86
2025-10-11 04:00:00+05:30,19.6,86
2025-10-11 05:00:00+05:30,19.9,89
2025-10-11 06:00:00+05:30,20.3,87
2025-10-11 07:00:00+05:30,21.1,85
2025-10-11 08:00:00+05:30,22.8,80
2025-10-11 09:00:00+05:30,24.9,70
2025-10-11 10:00:00+05:30,26.6,60
2025-10-11 11:00:00+05:30,27.4,54
2025-10-11 12:00:00+05:30,28.2,50
2025-10-11 13:00:00+05:30,28.8,47
2025-10-11 14:00:00+05:30,28.9,47
2025-10-11 15:00:00+05:30,28.8,45
2025-10-11 16:00:00+05:30,28.0,49
2025-10-11 17:00:00+05:30,27.2,61
2025-10-11 18:00:00+05:30,25.5,65
2025-10-11 19:00:00+05:30,24.9,67
2025-10-11 20:00:00+05:30,24.3,69
2025-10-11 21:00:00+05:30,23.6,70
2025-10-11 22:00:00+05:30,22.9,73
2025-10-11 23:00:00+05:30,23.2,74
2025-10-12 00:00:00+05:30,22.9,75
2025-10-12 01:00:00+05:30,22.0,79
2025-10-12 02:00:00+05:30,21.6,79
2025-10-12 03:00:00+05:30,21.0,79
2025-10-12 04:00:00+05:30,20.6,79
2025-10-12 05:00:00+05:30,20.8,86
2025-10-12 06:00:00+05:30,21.2,84
2025-10-12 07:00:00+05:30,22.0,82
2025-10-12 08:00:00+05:30,23.7,76
2025-10-12 09:00:00+05:30,25.7,68
2025-10-12 10:00:00+05:30,27.7,59
2025-10-12 11:00:00+05:30,29.2,48
2025-10-12 12:00:00+05:30,30.2,43
2025-10-12 13:00:00+05:30,30.7,39
2025-10-12 14:00:00+05:30,30.7,40
2025-10-12 15:00:00+05:30,30.4,41
2025-10-12 16:00:00+05:30,29.7,44
2025-10-12 17:00:00+05:30,28.4,48
2025-10-12 18:00:00+05:30,26.7,55
2025-10-12 19:00:00+05:30,26.0,58
2025-10-12 20:00:00+05:30,25.3,61
2025-10-12 21:00:00+05:30,24.3,67
2025-10-12 22:00:00+05:30,23.4,71
2025-10-12 23:00:00+05:30,23.2,73
2025-10-13 00:00:00+05:30,22.9,73
2025-10-13 01:00:00+05:30,22.3,75
2025-10-13 02:00:00+05:30,21.6,77
2025-10-13 03:00:00+05:30,21.3,78
2025-10-13 04:00:00+05:30,21.0,78
2025-10-13 05:00:00+05:30,20.6,86
2025-10-13 06:00:00+05:30,20.6,86
2025-10-13 07:00:00+05:30,21.9,81
2025-10-13 08:00:00+05:30,23.9,73
2025-10-13 09:00:00+05:30,26.2,62
2025-10-13 10:00:00+05:30,28.3,51
2025-10-13 11:00:00+05:30,29.8,41
2025-10-13 12:00:00+05:30,31.1,35
2025-10-13 13:00:00+05:30,31.7,33
2025-10-13 14:00:00+05:30,31.7,33
2025-10-13 15:00:00+05:30,31.4,34
2025-10-13 16:00:00+05:30,30.6,36
2025-10-13 17:00:00+05:30,29.4,38
2025-10-13 18:00:00+05:30,27.6,46
2025-10-13 19:00:00+05:30,27.1,54
2025-10-13 20:00:00+05:30,25.7,57
2025-10-13 21:00:00+05:30,25.0,60
2025-10-13 22:00:00+05:30,24.6,62
2025-10-13 23:00:00+05:30,24.5,69
2025-10-14 00:00:00+05:30,23.6,71
2025-10-14 01:00:00+05:30,23.3,72
2025-10-14 02:00:00+05:30,22.5,72
2025-10-14 03:00:00+05:30,22.0,72
2025-10-14 04:00:00+05:30,21.3,75
2025-10-14 05:00:00+05:30,21.3,80
2025-10-14 06:00:00+05:30,21.4,81
2025-10-14 07:00:00+05:30,22.8,75
2025-10-14 08:00:00+05:30,25.2,66
2025-10-14 09:00:00+05:30,27.9,51
2025-10-14 10:00:00+05:30,29.9,36
2025-10-14 11:00:00+05:30,30.6,33
2025-10-14 12:00:00+05:30,31.4,31
2025-10-14 13:00:00+05:30,31.8,30
2025-10-14 14:00:00+05:30,31.7,31
2025-10-14 15:00:00+05:30,31.3,31
2025-10-14 16:00:00+05:30,30.6,32
2025-10-14 17:00:00+05:30,29.4,32
2025-10-14 18:00:00+05:30,27.7,46
2025-10-14 19:00:00+05:30,27.5,49
2025-10-14 20:00:00+05:30,26.6,51
2025-10-14 21:00:00+05:30,25.9,52
2025-10-14 22:00:00+05:30,25.2,53
2025-10-14 23:00:00+05:30,25.0,59
2025-10-15 00:00:00+05:30,24.3,61
2025-10-15 01:00:00+05:30,23.5,64
2025-10-15 02:00:00+05:30,22.3,68
2025-10-15 03:00:00+05:30,21.2,73
2025-10-15 04:00:00+05:30,20.6,75
2025-10-15 05:00:00+05:30,20.8,81
2025-10-15 06:00:00+05:30,20.9,80
2025-10-15 07:00:00+05:30,22.2,74
2025-10-15 08:00:00+05:30,24.5,63
2025-10-15 09:00:00+05:30,27.0,53
2025-10-15 10:00:00+05:30,29.1,43
2025-10-15 11:00:00+05:30,30.6,30
2025-10-15 12:00:00+05:30,31.6,29
2025-10-15 13:00:00+05:30,31.9,28
2025-10-15 14:00:00+05:30,31.9,28
2025-10-15 15:00:00+05:30,31.6,28
2025-10-15 16:00:00+05:30,30.7,28
2025-10-15 17:00:00+05:30,29.4,31
2025-10-15 18:00:00+05:30,27.6,41
2025-10-15 19:00:00+05:30,26.7,50
2025-10-15 20:00:00+05:30,26.1,51
2025-10-15 21:00:00+05:30,25.7,52
2025-10-15 22:00:00+05:30,25.4,53
2025-10-15 23:00:00+05:30,24.8,56
2025-10-16 00:00:00+05:30,23.4,60
2025-10-16 01:00:00+05:30,22.6,64
2025-10-16 02:00:00+05:30,22.0,67
2025-10-16 03:00:00+05:30,21.4,67
2025-10-16 04:00:00+05:30,20.9,68
2025-10-16 05:00:00+05:30,20.6,76
2025-10-16 06:00:00+05:30,20.8,74
2025-10-16 07:00:00+05:30,22.3,66
2025-10-16 08:00:00+05:30,24.6,60
2025-10-16 09:00:00+05:30,27.2,49
2025-10-16 10:00:00+05:30,29.2,41
2025-10-16 11:00:00+05:30,30.3,36
2025-10-16 12:00:00+05:30,30.9,35
2025-10-16 13:00:00+05:30,31.3,35
2025-10-16 14:00:00+05:30,31.3,36
2025-10-16 15:00:00+05:30,31.0,37
2025-10-16 16:00:00+05:30,30.4,38
2025-10-16 17:00:00+05:30,29.4,39
2025-10-16 18:00:00+05:30,27.6,52
2025-10-16 19:00:00+05:30,26.9,58
2025-10-16 20:00:00+05:30,26.3,57
2025-10-16 21:00:00+05:30,25.9,58
2025-10-16 22:00:00+05:30,25.4,59
2025-10-16 23:00:00+05:30,24.9,62
2025-10-17 00:00:00+05:30,24.1,64
2025-10-17 01:00:00+05:30,23.5,65
2025-10-17 02:00:00+05:30,22.5,69
2025-10-17 03:00:00+05:30,21.6,72
2025-10-17 04:00:00+05:30,20.9,75
2025-10-17 05:00:00+05:30,21.3,72
2025-10-17 06:00:00+05:30,21.2,72
2025-10-17 07:00:00+05:30,22.4,66
2025-10-17 08:00:00+05:30,24.6,58
2025-10-17 09:00:00+05:30,27.1,52
2025-10-17 10:00:00+05:30,29.5,47
2025-10-17 11:00:00+05:30,30.6,42
2025-10-17 12:00:00+05:30,31.3,40
2025-10-17 13:00:00+05:30,31.8,39
2025-10-17 14:00:00+05:30,31.9,37
2025-10-17 15:00:00+05:30,31.7,36
2025-10-17 16:00:00+05:30,31.1,37
2025-10-17 17:00:00+05:30,30.6,36
2025-10-17 18:00:00+05:30,29.1,43
2025-10-17 19:00:00+05:30,28.1,53
2025-10-17 20:00:00+05:30,27.2,55
2025-10-17 21:00:00+05:30,26.5,56
2025-10-17 22:00:00+05:30,25.9,59
2025-10-17 23:00:00+05:30,25.5,62
2025-10-18 00:00:00+05:30,24.6,64
2025-10-18 01:00:00+05:30,23.9,67
2025-10-18 02:00:00+05:30,23.4,70
2025-10-18 03:00:00+05:30,22.9,71
2025-10-18 04:00:00+05:30,22.3,74
2025-10-18 05:00:00+05:30,22.3,79
2025-10-18 06:00:00+05:30,22.3,77
2025-10-18 07:00:00+05:30,23.1,73
2025-10-18 08:00:00+05:30,25.0,64
2025-10-18 09:00:00+05:30,27.6,53
2025-10-18 10:00:00+05:30,29.9,44
2025-10-18 11:00:00+05:30,31.1,38
2025-10-18 12:00:00+05:30,32.6,33
2025-10-18 13:00:00+05:30,33.1,31
2025-10-18 14:00:00+05:30,33.1,30
2025-10-18 15:00:00+05:30,32.9,31
2025-10-18 16:00:00+05:30,32.1,34
2025-10-18 17:00:00+05:30,30.7,37
2025-10-18 18:00:00+05:30,29.3,49
2025-10-18 19:00:00+05:30,28.8,53
2025-10-18 20:00:00+05:30,27.8,55
2025-10-18 21:00:00+05:30,27.1,54
2025-10-18 22:00:00+05:30,26.8,56
2025-10-18 23:00:00+05:30,26.0,63
2025-10-19 00:00:00+05:30,25.4,65
2025-10-19 01:00:00+05:30,24.8,68
2025-10-19 02:00:00+05:30,24.4,69
2025-10-19 03:00:00+05:30,23.4,73
2025-10-19 04:00:00+05:30,22.5,76
2025-10-19 05:00:00+05:30,22.5,82
2025-10-19 06:00:00+05:30,22.1,84
2025-10-19 07:00:00+05:30,23.3,78
2025-10-19 08:00:00+05:30,26.2,61
2025-10-19 09:00:00+05:30,28.9,49
2025-10-19 10:00:00+05:30,30.9,40
2025-10-19 11:00:00+05:30,31.5,37
2025-10-19 12:00:00+05:30,33.1,32
2025-10-19 13:00:00+05:30,33.6,31
2025-10-19 14:00:00+05:30,33.6,30
2025-10-19 15:00:00+05:30,33.2,30
2025-10-19 16:00:00+05:30,31.9,36
2025-10-19 17:00:00+05:30,30.5,35
2025-10-19 18:00:00+05:30,29.2,48
2025-10-19 19:00:00+05:30,28.5,51
2025-10-19 20:00:00+05:30,27.6,51
2025-10-19 21:00:00+05:30,27.0,53
2025-10-19 22:00:00+05:30,26.6,57
2025-10-19 23:00:00+05:30,26.6,58
2025-10-20 00:00:00+05:30,26.1,60
2025-10-20 01:00:00+05:30,25.1,63
2025-10-20 02:00:00+05:30,23.9,66
2025-10-20 03:00:00+05:30,23.5,70
2025-10-20 04:00:00+05:30,22.8,71
2025-10-20 05:00:00+05:30,22.7,79
2025-10-20 06:00:00+05:30,22.4,80
2025-10-20 07:00:00+05:30,23.6,72
2025-10-20 08:00:00+05:30,25.6,64
2025-10-20 09:00:00+05:30,28.0,53
2025-10-20 10:00:00+05:30,30.1,43
2025-10-20 11:00:00+05:30,31.6,36
2025-10-20 12:00:00+05:30,32.7,32
2025-10-20 13:00:00+05:30,33.1,30
2025-10-20 14:00:00+05:30,32.9,29
2025-10-20 15:00:00+05:30,32.5,30
2025-10-20 16:00:00+05:30,31.9,31
2025-10-20 17:00:00+05:30,30.7,37
2025-10-20 18:00:00+05:30,29.7,42
2025-10-20 19:00:00+05:30,28.8,46
2025-10-20 20:00:00+05:30,27.8,51
2025-10-20 21:00:00+05:30,27.0,54
2025-10-20 22:00:00+05:30,25.9,59
2025-10-20 23:00:00+05:30,25.2,65
2025-10-21 00:00:00+05:30,24.5,69
2025-10-21 01:00:00+05:30,24.0,72
2025-10-21 02:00:00+05:30,23.6,74
2025-10-21 03:00:00+05:30,23.3,75
2025-10-21 04:00:00+05:30,22.9,77
2025-10-21 05:00:00+05:30,23.3,76
2025-10-21 06:00:00+05:30,23.7,75
2025-10-21 07:00:00+05:30,24.2,75
2025-10-21 08:00:00+05:30,25.9,66
2025-10-21 09:00:00+05:30,28.5,53
2025-10-21 10:00:00+05:30,30.2,44
2025-10-21 11:00:00+05:30,29.8,42
2025-10-21 12:00:00+05:30,30.5,39
2025-10-21 13:00:00+05:30,30.8,37
2025-10-21 14:00:00+05:30,30.6,38
2025-10-21 15:00:00+05:30,30.4,38
2025-10-21 16:00:00+05:30,29.9,39
2025-10-21 17:00:00+05:30,29.8,40
2025-10-21 18:00:00+05:30,28.2,51
2025-10-21 19:00:00+05:30,26.9,62
2025-10-21 20:00:00+05:30,25.9,71
2025-10-21 21:00:00+05:30,25.2,78
2025-10-21 22:00:00+05:30,24.4,80
2025-10-21 23:00:00+05:30,25.3,80
2025-10-22 00:00:00+05:30,24.5,83
2025-10-22 01:00:00+05:30,24.0,86
2025-10-22 02:00:00+05:30,23.5,89
2025-10-22 03:00:00+05:30,23.1,90
2025-10-22 04:00:00+05:30,22.5,93
2025-10-22 05:00:00+05:30,22.6,94
2025-10-22 06:00:00+05:30,22.3,96
2025-10-22 07:00:00+05:30,22.9,94
2025-10-22 08:00:00+05:30,25.0,84
2025-10-22 09:00:00+05:30,27.9,66
2025-10-22 10:00:00+05:30,29.9,51
2025-10-22 11:00:00+05:30,30.9,45
2025-10-22 12:00:00+05:30,31.8,39
2025-10-22 13:00:00+05:30,32.4,33
2025-10-22 14:00:00+05:30,32.3,31
2025-10-22 15:00:00+05:30,32.1,30
2025-10-22 16:00:00+05:30,31.3,34
2025-10-22 17:00:00+05:30,30.4,34
2025-10-22 18:00:00+05:30,29.2,37
2025-10-22 19:00:00+05:30,28.3,39
2025-10-22 20:00:00+05:30,27.3,41
2025-10-22 21:00:00+05:30,26.8,41
2025-10-22 22:00:00+05:30,26.0,44
2025-10-22 23:00:00+05:30,25.4,51
2025-10-23 00:00:00+05:30,24.6,51
2025-10-23 01:00:00+05:30,23.9,52
2025-10-23 02:00:00+05:30,23.3,52
2025-10-23 03:00:00+05:30,22.6,54
2025-10-23 04:00:00+05:30,21.8,56
2025-10-23 05:00:00+05:30,21.8,64
2025-10-23 06:00:00+05:30,21.5,64
2025-10-23 07:00:00+05:30,21.9,64
2025-10-23 08:00:00+05:30,23.7,58
2025-10-23 09:00:00+05:30,26.5,50
2025-10-23 10:00:00+05:30,28.9,44
2025-10-23 11:00:00+05:30,30.9,34
2025-10-23 12:00:00+05:30,31.6,29
2025-10-23 13:00:00+05:30,31.9,27
2025-10-23 14:00:00+05:30,32.1,26
2025-10-23 15:00:00+05:30,31.8,26
2025-10-23 16:00:00+05:30,30.9,27
2025-10-23 17:00:00+05:30,29.9,27
2025-10-23 18:00:00+05:30,28.8,30
2025-10-23 19:00:00+05:30,28.0,31
2025-10-23 20:00:00+05:30,26.9,37
2025-10-23 21:00:00+05:30,26.5,40
2025-10-23 22:00:00+05:30,25.8,41
2025-10-23 23:00:00+05:30,24.9,51
2025-10-24 00:00:00+05:30,23.7,55
2025-10-24 01:00:00+05:30,23.1,58
2025-10-24 02:00:00+05:30,22.4,59
2025-10-24 03:00:00+05:30,22.0,59
2025-10-24 04:00:00+05:30,21.3,61
2025-10-24 05:00:00+05:30,21.2,68
2025-10-24 06:00:00+05:30,21.1,68
2025-10-24 07:00:00+05:30,21.6,66
2025-10-24 08:00:00+05:30,23.7,58
2025-10-24 09:00:00+05:30,26.6,46
2025-10-24 10:00:00+05:30,29.2,37
2025-10-24 11:00:00+05:30,30.8,26
2025-10-24 12:00:00+05:30,31.8,24
2025-10-24 13:00:00+05:30,32.0,23
2025-10-24 14:00:00+05:30,31.8,23
2025-10-24 15:00:00+05:30,31.3,24
2025-10-24 16:00:00+05:30,30.6,25
2025-10-24 17:00:00+05:30,29.6,26
2025-10-24 18:00:00+05:30,28.4,36
2025-10-24 19:00:00+05:30,27.2,47
2025-10-24 20:00:00+05:30,25.6,45
2025-10-24 21:00:00+05:30,25.1,49
2025-10-24 22:00:00+05:30,24.8,51
2025-10-24 23:00:00+05:30,24.4,51
2025-10-25 00:00:00+05:30,23.7,50
2025-10-25 01:00:00+05:30,23.2,51
2025-10-25 02:00:00+05:30,22.4,56
2025-10-25 03:00:00+05:30,21.8,58
2025-10-25 04:00:00+05:30,20.8,61
2025-10-25 05:00:00+05:30,20.5,75
2025-10-25 06:00:00+05:30,20.3,77
2025-10-25 07:00:00+05:30,21.2,70
2025-10-25 08:00:00+05:30,23.5,61
2025-10-25 09:00:00+05:30,26.6,47
2025-10-25 10:00:00+05:30,29.0,37
2025-10-25 11:00:00+05:30,30.0,30
2025-10-25 12:00:00+05:30,31.3,27
2025-10-25 13:00:00+05:30,31.8,27
2025-10-25 14:00:00+05:30,31.8,27
2025-10-25 15:00:00+05:30,31.2,29
2025-10-25 16:00:00+05:30,30.1,31
2025-10-25 17:00:00+05:30,28.6,34
2025-10-25 18:00:00+05:30,27.5,36
2025-10-25 19:00:00+05:30,26.3,42
2025-10-25 20:00:00+05:30,25.5,46
2025-10-25 21:00:00+05:30,24.6,50
2025-10-25 22:00:00+05:30,23.4,55
2025-10-25 23:00:00+05:30,23.0,60
2025-10-26 00:00:00+05:30,22.4,61
2025-10-26 01:00:00+05:30,21.6,63
2025-10-26 02:00:00+05:30,20.5,65
2025-10-26 03:00:00+05:30,20.1,65
2025-10-26 04:00:00+05:30,19.2,70
2025-10-26 05:00:00+05:30,18.7,74
2025-10-26 06:00:00+05:30,18.4,76
2025-10-26 07:00:00+05:30,19.7,69
2025-10-26 08:00:00+05:30,22.2,60
2025-10-26 09:00:00+05:30,25.2,49
2025-10-26 10:00:00+05:30,27.8,38
2025-10-26 11:00:00+05:30,29.6,32
2025-10-26 12:00:00+05:30,30.8,26
2025-10-26 13:00:00+05:30,31.4,24
2025-10-26 14:00:00+05:30,31.6,23
2025-10-26 15:00:00+05:30,31.2,23
2025-10-26 16:00:00+05:30,30.3,25
2025-10-26 17:00:00+05:30,28.9,35
2025-10-26 18:00:00+05:30,27.4,42
2025-10-26 19:00:00+05:30,26.1,48
2025-10-26 20:00:00+05:30,25.1,54
2025-10-26 21:00:00+05:30,24.3,57
2025-10-26 22:00:00+05:30,23.7,62
2025-10-26 23:00:00+05:30,23.0,62
2025-10-27 00:00:00+05:30,22.2,64
2025-10-27 01:00:00+05:30,21.4,66
2025-10-27 02:00:00+05:30,21.0,68
2025-10-27 03:00:00+05:30,20.4,72
2025-10-27 04:00:00+05:30,19.7,76
2025-10-27 05:00:00+05:30,19.1,78
2025-10-27 06:00:00+05:30,18.7,80
2025-10-27 07:00:00+05:30,19.8,74
2025-10-27 08:00:00+05:30,22.4,63
2025-10-27 09:00:00+05:30,25.6,50
2025-10-27 10:00:00+05:30,28.2,40
2025-10-27 11:00:00+05:30,29.1,40
2025-10-27 12:00:00+05:30,30.3,35
2025-10-27 13:00:00+05:30,30.2,34
2025-10-27 14:00:00+05:30,29.2,37
2025-10-27 15:00:00+05:30,26.2,49
2025-10-27 16:00:00+05:30,24.8,47
2025-10-27 17:00:00+05:30,26.5,46
2025-10-27 18:00:00+05:30,25.2,51
2025-10-27 19:00:00+05:30,24.1,59
2025-10-27 20:00:00+05:30,23.6,63
2025-10-27 21:00:00+05:30,23.0,67
2025-10-27 22:00:00+05:30,22.7,69
2025-10-27 23:00:00+05:30,22.3,73
2025-10-28 00:00:00+05:30,22.2,74
2025-10-28 01:00:00+05:30,21.9,76
2025-10-28 02:00:00+05:30,21.6,78
2025-10-28 03:00:00+05:30,21.4,81
2025-10-28 04:00:00+05:30,21.4,78
2025-10-28 05:00:00+05:30,21.6,79
2025-10-28 06:00:00+05:30,21.5,80
2025-10-28 07:00:00+05:30,21.6,80
2025-10-28 08:00:00+05:30,22.2,76
2025-10-28 09:00:00+05:30,23.0,72
2025-10-28 10:00:00+05:30,23.8,68
2025-10-28 11:00:00+05:30,25.1,62
2025-10-28 12:00:00+05:30,25.7,56
2025-10-28 13:00:00+05:30,26.6,53
2025-10-28 14:00:00+05:30,26.8,52
2025-10-28 15:00:00+05:30,27.0,51
2025-10-28 16:00:00+05:30,26.7,53
2025-10-28 17:00:00+05:30,25.3,64
2025-10-28 18:00:00+05:30,24.2,71
2025-10-28 19:00:00+05:30,23.6,75
2025-10-28 20:00:00+05:30,22.9,79
2025-10-28 21:00:00+05:30,22.5,82
2025-10-28 22:00:00+05:30,22.0,86
2025-10-28 23:00:00+05:30,21.8,84
2025-10-29 00:00:00+05:30,21.4,86
2025-10-29 01:00:00+05:30,21.2,88
2025-10-29 02:00:00+05:30,21.0,87
2025-10-29 03:00:00+05:30,20.8,88
2025-10-29 04:00:00+05:30,20.5,89
2025-10-29 05:00:00+05:30,20.3,92
2025-10-29 06:00:00+05:30,20.0,92
2025-10-29 07:00:00+05:30,20.3,90
2025-10-29 08:00:00+05:30,22.4,78
2025-10-29 09:00:00+05:30,24.8,66
2025-10-29 10:00:00+05:30,26.8,57
2025-10-29 11:00:00+05:30,27.6,56
2025-10-29 12:00:00+05:30,28.2,54
2025-10-29 13:00:00+05:30,28.9,50
2025-10-29 14:00:00+05:30,28.9,49
2025-10-29 15:00:00+05:30,28.8,49
2025-10-29 16:00:00+05:30,28.2,51
2025-10-29 17:00:00+05:30,27.8,50
2025-10-29 18:00:00+05:30,27.1,53
2025-10-29 19:00:00+05:30,26.6,56
2025-10-29 20:00:00+05:30,25.9,63
2025-10-29 21:00:00+05:30,25.1,66
2025-10-29 22:00:00+05:30,24.6,65
2025-10-29 23:00:00+05:30,24.0,74
2025-10-30 00:00:00+05:30,23.5,72
2025-10-30 01:00:00+05:30,23.1,74
2025-10-30 02:00:00+05:30,22.8,75
2025-10-30 03:00:00+05:30,22.3,77
2025-10-30 04:00:00+05:30,22.2,78
2025-10-30 05:00:00+05:30,22.5,81
2025-10-30 06:00:00+05:30,22.0,88
2025-10-30 07:00:00+05:30,22.7,82
2025-10-30 08:00:00+05:30,23.0,81
2025-10-30 09:00:00+05:30,24.8,74
2025-10-30 10:00:00+05:30,25.9,70
2025-10-30 11:00:00+05:30,27.5,65
2025-10-30 12:00:00+05:30,27.2,65
2025-10-30 13:00:00+05:30,27.0,64
2025-10-30 14:00:00+05:30,26.9,65
2025-10-30 15:00:00+05:30,26.5,66
2025-10-30 16:00:00+05:30,26.1,69
2025-10-30 17:00:00+05:30,25.3,73
2025-10-30 18:00:00+05:30,24.9,77
2025-10-30 19:00:00+05:30,24.0,85
2025-10-30 20:00:00+05:30,23.7,89
2025-10-30 21:00:00+05:30,23.3,92
2025-10-30 22:00:00+05:30,23.0,94
2025-10-30 23:00:00+05:30,22.8,95
2025-10-31 00:00:00+05:30,22.7,95
2025-10-31 01:00:00+05:30,22.6,95
2025-10-31 02:00:00+05:30,22.5,95
2025-10-31 03:00:00+05:30,22.3,96
2025-10-31 04:00:00+05:30,22.2,96
2025-10-31 05:00:00+05:30,21.1,95
2025-10-31 06:00:00+05:30,21.2,98
2025-10-31 07:00:00+05:30,22.1,94
2025-10-31 08:00:00+05:30,23.5,88
2025-10-31 09:00:00+05:30,25.2,77
2025-10-31 10:00:00+05:30,26.9,67
2025-10-31 11:00:00+05:30,27.9,64
2025-10-31 12:00:00+05:30,29.0,58
2025-10-31 13:00:00+05:30,29.9,53
2025-10-31 14:00:00+05:30,30.1,50
2025-10-31 15:00:00+05:30,30.4,48
2025-10-31 16:00:00+05:30,29.6,50
2025-10-31 17:00:00+05:30,28.5,57
2025-10-31 18:00:00+05:30,27.6,68
2025-10-31 19:00:00+05:30,26.5,71
2025-10-31 20:00:00+05:30,26.0,71
2025-10-31 21:00:00+05:30,25.6,70
2025-10-31 22:00:00+05:30,24.9,72
2025-10-31 23:00:00+05:30,24.0,81
2025-11-01 00:00:00+05:30,23.7,80
2025-11-01 01:00:00+05:30,23.0,82
2025-11-01 02:00:00+05:30,22.6,83
2025-11-01 03:00:00+05:30,22.1,85
2025-11-01 04:00:00+05:30,21.6,88
2025-11-01 05:00:00+05:30,21.1,93
2025-11-01 06:00:00+05:30,21.2,93
2025-11-01 07:00:00+05:30,21.7,89
2025-11-01 08:00:00+05:30,23.7,77
2025-11-01 09:00:00+05:30,26.5,60
2025-11-01 10:00:00+05:30,28.8,46
2025-11-01 11:00:00+05:30,30.2,35
2025-11-01 12:00:00+05:30,30.9,31
2025-11-01 13:00:00+05:30,31.2,28
2025-11-01 14:00:00+05:30,31.1,28
2025-11-01 15:00:00+05:30,30.7,28
2025-11-01 16:00:00+05:30,29.9,28
2025-11-01 17:00:00+05:30,27.7,42
2025-11-01 18:00:00+05:30,26.2,48
2025-11-01 19:00:00+05:30,25.1,52
2025-11-01 20:00:00+05:30,24.4,54
2025-11-01 21:00:00+05:30,24.3,53
2025-11-01 22:00:00+05:30,24.1,54
2025-11-01 23:00:00+05:30,23.4,63
2025-11-02 00:00:00+05:30,22.5,63
2025-11-02 01:00:00+05:30,21.7,67
2025-11-02 02:00:00+05:30,21.1,69
2025-11-02 03:00:00+05:30,20.5,71
2025-11-02 04:00:00+05:30,20.1,72
2025-11-02 05:00:00+05:30,20.3,75
2025-11-02 06:00:00+05:30,19.8,78
2025-11-02 07:00:00+05:30,20.4,76
2025-11-02 08:00:00+05:30,21.9,72
2025-11-02 09:00:00+05:30,24.0,64
2025-11-02 10:00:00+05:30,26.2,57
2025-11-02 11:00:00+05:30,28.1,48
2025-11-02 12:00:00+05:30,29.1,38
2025-11-02 13:00:00+05:30,29.6,36
2025-11-02 14:00:00+05:30,29.6,35
2025-11-02 15:00:00+05:30,29.3,36
2025-11-02 16:00:00+05:30,28.3,39
2025-11-02 17:00:00+05:30,27.0,45
2025-11-02 18:00:00+05:30,25.5,50
2025-11-02 19:00:00+05:30,24.7,53
2025-11-02 20:00:00+05:30,23.9,54
2025-11-02 21:00:00+05:30,23.2,54
2025-11-02 22:00:00+05:30,22.6,54
2025-11-02 23:00:00+05:30,22.6,57
2025-11-03 00:00:00+05:30,21.8,59
2025-11-03 01:00:00+05:30,21.4,59
2025-11-03 02:00:00+05:30,20.6,61
2025-11-03 03:00:00+05:30,19.7,64
2025-11-03 04:00:00+05:30,19.0,66
2025-11-03 05:00:00+05:30,18.8,70
2025-11-03 06:00:00+05:30,18.4,72
2025-11-03 07:00:00+05:30,18.9,70
2025-11-03 08:00:00+05:30,20.4,66
2025-11-03 09:00:00+05:30,22.6,58
2025-11-03 10:00:00+05:30,25.1,49
2025-11-03 11:00:00+05:30,27.4,43
2025-11-03 12:00:00+05:30,29.1,38
2025-11-03 13:00:00+05:30,30.1,34
2025-11-03 14:00:00+05:30,30.7,28
2025-11-03 15:00:00+05:30,30.4,27
2025-11-03 16:00:00+05:30,29.2,30
2025-11-03 17:00:00+05:30,27.1,39
2025-11-03 18:00:00+05:30,25.6,45
2025-11-03 19:00:00+05:30,24.5,49
2025-11-03 20:00:00+05:30,23.9,53
2025-11-03 21:00:00+05:30,23.4,53
2025-11-03 22:00:00+05:30,22.3,58
2025-11-03 23:00:00+05:30,22.5,59
2025-11-04 00:00:00+05:30,21.2,62
2025-11-04 01:00:00+05:30,20.4,64
2025-11-04 02:00:00+05:30,19.2,70
2025-11-04 03:00:00+05:30,17.9,77
2025-11-04 04:00:00+05:30,18.6,76
2025-11-04 05:00:00+05:30,18.1,84
2025-11-04 06:00:00+05:30,18.9,79
2025-11-04 07:00:00+05:30,19.6,72
2025-11-04 08:00:00+05:30,21.5,67
2025-11-04 09:00:00+05:30,23.1,62
2025-11-04 10:00:00+05:30,25.4,55
2025-11-04 11:00:00+05:30,27.5,45
2025-11-04 12:00:00+05:30,28.6,42
2025-11-04 13:00:00+05:30,28.6,46
2025-11-04 14:00:00+05:30,28.2,46
2025-11-04 15:00:00+05:30,28.0,41
2025-11-04 16:00:00+05:30,27.1,44
2025-11-04 17:00:00+05:30,26.2,54
2025-11-04 18:00:00+05:30,25.0,57
2025-11-04 19:00:00+05:30,23.8,63
2025-11-04 20:00:00+05:30,22.9,67
2025-11-04 21:00:00+05:30,22.2,73
2025-11-04 22:00:00+05:30,21.6,79
2025-11-04 23:00:00+05:30,22.4,77
2025-11-05 00:00:00+05:30,21.7,82
2025-11-05 01:00:00+05:30,21.3,83
2025-11-05 02:00:00+05:30,20.6,84
2025-11-05 03:00:00+05:30,19.6,88
2025-11-05 04:00:00+05:30,19.1,89
2025-11-05 05:00:00+05:30,19.1,94
2025-11-05 06:00:00+05:30,18.8,95
2025-11-05 07:00:00+05:30,19.8,90
2025-11-05 08:00:00+05:30,22.3,80
2025-11-05 09:00:00+05:30,24.7,69
2025-11-05 10:00:00+05:30,26.5,61
2025-11-05 11:00:00+05:30,28.3,54
2025-11-05 12:00:00+05:30,29.6,41
2025-11-05 13:00:00+05:30,29.6,38
2025-11-05 14:00:00+05:30,29.4,38
2025-11-05 15:00:00+05:30,28.9,38
2025-11-05 16:00:00+05:30,28.1,40
2025-11-05 17:00:00+05:30,27.2,43
2025-11-05 18:00:00+05:30,26.0,46
2025-11-05 19:00:00+05:30,24.9,48
2025-11-05 20:00:00+05:30,23.7,50
2025-11-05 21:00:00+05:30,22.7,52
2025-11-05 22:00:00+05:30,22.0,53
2025-11-05 23:00:00+05:30,21.5,59
2025-11-06 00:00:00+05:30,20.6,60
2025-11-06 01:00:00+05:30,19.7,57
2025-11-06 02:00:00+05:30,18.8,51
2025-11-06 03:00:00+05:30,17.7,49
2025-11-06 04:00:00+05:30,16.9,52
2025-11-06 05:00:00+05:30,16.6,63
2025-11-06 06:00:00+05:30,16.1,65
2025-11-06 07:00:00+05:30,16.4,63
2025-11-06 08:00:00+05:30,17.9,60
2025-11-06 09:00:00+05:30,20.0,53
2025-11-06 10:00:00+05:30,22.5,44
2025-11-06 11:00:00+05:30,24.7,35
2025-11-06 12:00:00+05:30,25.8,29
2025-11-06 13:00:00+05:30,26.4,26
2025-11-06 14:00:00+05:30,26.6,27
2025-11-06 15:00:00+05:30,26.2,28
2025-11-06 16:00:00+05:30,25.4,32
2025-11-06 17:00:00+05:30,23.9,36
2025-11-06 18:00:00+05:30,23.0,41
2025-11-06 19:00:00+05:30,22.1,44
2025-11-06 20:00:00+05:30,21.3,46
2025-11-06 21:00:00+05:30,20.6,47
2025-11-06 22:00:00+05:30,19.8,48
2025-11-06 23:00:00+05:30,19.4,50
2025-11-07 00:00:00+05:30,18.4,52
2025-11-07 01:00:00+05:30,17.6,53
2025-11-07 02:00:00+05:30,17.0,55
2025-11-07 03:00:00+05:30,16.3,57
2025-11-07 04:00:00+05:30,15.8,59
2025-11-07 05:00:00+05:30,15.9,63
2025-11-07 06:00:00+05:30,15.4,63
2025-11-07 07:00:00+05:30,15.7,62
2025-11-07 08:00:00+05:30,17.2,57
2025-11-07 09:00:00+05:30,19.4,49
2025-11-07 10:00:00+05:30,22.0,41
2025-11-07 11:00:00+05:30,25.0,35
2025-11-07 12:00:00+05:30,26.8,28
2025-11-07 13:00:00+05:30,27.8,23
2025-11-07 14:00:00+05:30,28.1,22
2025-11-07 15:00:00+05:30,27.7,22
2025-11-07 16:00:00+05:30,26.7,25
2025-11-07 17:00:00+05:30,25.0,32
2025-11-07 18:00:00+05:30,23.7,36
2025-11-07 19:00:00+05:30,22.5,38
2025-11-07 20:00:00+05:30,21.4,41
2025-11-07 21:00:00+05:30,20.5,43
2025-11-07 22:00:00+05:30,19.5,45
2025-11-07 23:00:00+05:30,19.0,49
2025-11-08 00:00:00+05:30,18.0,51
2025-11-08 01:00:00+05:30,17.4,53
2025-11-08 02:00:00+05:30,16.9,54
2025-11-08 03:00:00+05:30,16.3,55
2025-11-08 04:00:00+05:30,15.8,55
2025-11-08 05:00:00+05:30,15.1,60
2025-11-08 06:00:00+05:30,14.4,63
2025-11-08 07:00:00+05:30,15.2,59
2025-11-08 08:00:00+05:30,17.0,53
2025-11-08 09:00:00+05:30,19.6,44
2025-11-08 10:00:00+05:30,22.5,35
2025-11-08 11:00:00+05:30,25.1,24
2025-11-08 12:00:00+05:30,26.4,22
2025-11-08 13:00:00+05:30,27.1,21
2025-11-08 14:00:00+05:30,27.2,21
2025-11-08 15:00:00+05:30,26.7,22
2025-11-08 16:00:00+05:30,25.7,24
2025-11-08 17:00:00+05:30,24.0,31
2025-11-08 18:00:00+05:30,22.7,36
2025-11-08 19:00:00+05:30,21.8,40
2025-11-08 20:00:00+05:30,20.9,43
2025-11-08 21:00:00+05:30,19.9,46
2025-11-08 22:00:00+05:30,19.3,47
2025-11-08 23:00:00+05:30,18.8,52
2025-11-09 00:00:00+05:30,18.1,51
2025-11-09 01:00:00+05:30,17.5,53
2025-11-09 02:00:00+05:30,16.8,54
2025-11-09 03:00:00+05:30,16.2,56
2025-11-09 04:00:00+05:30,15.6,57
2025-11-09 05:00:00+05:30,14.9,64
2025-11-09 06:00:00+05:30,14.5,65
2025-11-09 07:00:00+05:30,15.0,63
2025-11-09 08:00:00+05:30,16.8,58
2025-11-09 09:00:00+05:30,19.4,50
2025-11-09 10:00:00+05:30,22.2,41
2025-11-09 11:00:00+05:30,25.0,31
2025-11-09 12:00:00+05:30,26.3,27
2025-11-09 13:00:00+05:30,27.1,25
2025-11-09 14:00:00+05:30,27.3,25
2025-11-09 15:00:00+05:30,26.9,26
2025-11-09 16:00:00+05:30,26.0,29
2025-11-09 17:00:00+05:30,24.1,37
2025-11-09 18:00:00+05:30,23.1,39
2025-11-09 19:00:00+05:30,22.3,40
2025-11-09 20:00:00+05:30,21.4,42
2025-11-09 21:00:00+05:30,20.4,43
2025-11-09 22:00:00+05:30,19.6,45
2025-11-09 23:00:00+05:30,19.3,47
2025-11-10 00:00:00+05:30,18.1,51
2025-11-10 01:00:00+05:30,17.2,54
2025-11-10 02:00:00+05:30,16.5,56
2025-11-10 03:00:00+05:30,15.9,58
2025-11-10 04:00:00+05:30,15.3,61
2025-11-10 05:00:00+05:30,14.8,68
2025-11-10 06:00:00+05:30,14.0,71
2025-11-10 07:00:00+05:30,14.8,66
2025-11-10 08:00:00+05:30,16.7,59
2025-11-10 09:00:00+05:30,19.5,49
2025-11-10 10:00:00+05:30,22.3,40
2025-11-10 11:00:00+05:30,24.9,32
2025-11-10 12:00:00+05:30,26.4,26
2025-11-10 13:00:00+05:30,27.2,23
2025-11-10 14:00:00+05:30,27.4,23
2025-11-10 15:00:00+05:30,27.1,21
2025-11-10 16:00:00+05:30,26.1,23
2025-11-10 17:00:00+05:30,23.7,40
2025-11-10 18:00:00+05:30,22.7,41
2025-11-10 19:00:00+05:30,21.7,44
2025-11-10 20:00:00+05:30,20.8,46
2025-11-10 21:00:00+05:30,19.8,49
2025-11-10 22:00:00+05:30,18.9,52
2025-11-10 23:00:00+05:30,18.3,57
2025-11-11 00:00:00+05:30,16.8,60
2025-11-11 01:00:00+05:30,16.1,61
2025-11-11 02:00:00+05:30,15.2,62
2025-11-11 03:00:00+05:30,14.7,63
2025-11-11 04:00:00+05:30,14.5,63
2025-11-11 05:00:00+05:30,14.3,68
2025-11-11 06:00:00+05:30,14.1,69
2025-11-11 07:00:00+05:30,14.7,66
2025-11-11 08:00:00+05:30,16.7,60
2025-11-11 09:00:00+05:30,19.6,50
2025-11-11 10:00:00+05:30,22.6,40
2025-11-11 11:00:00+05:30,25.4,31
2025-11-11 12:00:00+05:30,26.9,26
2025-11-11 13:00:00+05:30,27.6,23
2025-11-11 14:00:00+05:30,27.8,22
2025-11-11 15:00:00+05:30,27.4,23
2025-11-11 16:00:00+05:30,26.5,25
2025-11-11 17:00:00+05:30,24.6,30
2025-11-11 18:00:00+05:30,23.5,34
2025-11-11 19:00:00+05:30,22.6,37
2025-11-11 20:00:00+05:30,21.6,42
2025-11-11 21:00:00+05:30,20.8,46
2025-11-11 22:00:00+05:30,20.1,48
2025-11-11 23:00:00+05:30,19.3,51
2025-11-12 00:00:00+05:30,18.1,54
2025-11-12 01:00:00+05:30,17.3,56
2025-11-12 02:00:00+05:30,16.6,58
2025-11-12 03:00:00+05:30,16.0,60
2025-11-12 04:00:00+05:30,15.4,62
2025-11-12 05:00:00+05:30,15.0,66
2025-11-12 06:00:00+05:30,14.5,68
2025-11-12 07:00:00+05:30,14.9,66
2025-11-12 08:00:00+05:30,16.6,61
2025-11-12 09:00:00+05:30,19.4,52
2025-11-12 10:00:00+05:30,22.4,42
2025-11-12 11:00:00+05:30,25.2,34
2025-11-12 12:00:00+05:30,26.9,28
2025-11-12 13:00:00+05:30,27.5,25
2025-11-12 14:00:00+05:30,27.7,24
2025-11-12 15:00:00+05:30,27.3,24
2025-11-12 16:00:00+05:30,26.4,27
2025-11-12 17:00:00+05:30,24.7,32
2025-11-12 18:00:00+05:30,23.7,35
2025-11-12 19:00:00+05:30,22.6,39
2025-11-12 20:00:00+05:30,21.2,44
2025-11-12 21:00:00+05:30,20.2,50
2025-11-12 22:00:00+05:30,19.8,52
2025-11-12 23:00:00+05:30,19.3,57
2025-11-13 00:00:00+05:30,17.6,58
2025-11-13 01:00:00+05:30,16.8,61
2025-11-13 02:00:00+05:30,16.0,64
2025-11-13 03:00:00+05:30,15.3,68
2025-11-13 04:00:00+05:30,14.7,70
2025-11-13 05:00:00+05:30,14.3,74
2025-11-13 06:00:00+05:30,13.7,76
2025-11-13 07:00:00+05:30,14.2,72
2025-11-13 08:00:00+05:30,15.9,65
2025-11-13 09:00:00+05:30,18.7,54
2025-11-13 10:00:00+05:30,21.6,44
2025-11-13 11:00:00+05:30,24.4,35
2025-11-13 12:00:00+05:30,25.7,30
2025-11-13 13:00:00+05:30,26.4,27
2025-11-13 14:00:00+05:30,26.7,24
2025-11-13 15:00:00+05:30,26.4,24
2025-11-13 16:00:00+05:30,25.5,27
2025-11-13 17:00:00+05:30,23.3,35
2025-11-13 18:00:00+05:30,22.7,35
2025-11-13 19:00:00+05:30,21.8,38
2025-11-13 20:00:00+05:30,21.0,41
2025-11-13 21:00:00+05:30,20.0,45
2025-11-13 22:00:00+05:30,19.3,47
2025-11-13 23:00:00+05:30,18.8,50
2025-11-14 00:00:00+05:30,17.5,55
2025-11-14 01:00:00+05:30,16.5,58
2025-11-14 02:00:00+05:30,15.8,61
2025-11-14 03:00:00+05:30,15.1,63
2025-11-14 04:00:00+05:30,14.6,65
2025-11-14 05:00:00+05:30,14.0,73
2025-11-14 06:00:00+05:30,13.9,72
2025-11-14 07:00:00+05:30,14.4,69
2025-11-14 08:00:00+05:30,16.1,64
2025-11-14 09:00:00+05:30,18.7,54
2025-11-14 10:00:00+05:30,21.5,44
2025-11-14 11:00:00+05:30,24.0,35
2025-11-14 12:00:00+05:30,25.5,26
2025-11-14 13:00:00+05:30,26.2,25
2025-11-14 14:00:00+05:30,26.5,24
2025-11-14 15:00:00+05:30,26.3,23
2025-11-14 16:00:00+05:30,25.4,26
2025-11-14 17:00:00+05:30,23.1,37
2025-11-14 18:00:00+05:30,22.2,38
2025-11-14 19:00:00+05:30,21.6,39
2025-11-14 20:00:00+05:30,21.0,41
2025-11-14 21:00:00+05:30,19.9,45
2025-11-14 22:00:00+05:30,19.0,49
2025-11-14 23:00:00+05:30,18.3,53
2025-11-15 00:00:00+05:30,17.4,54
2025-11-15 01:00:00+05:30,16.5,57
2025-11-15 02:00:00+05:30,15.7,61
2025-11-15 03:00:00+05:30,15.0,63
2025-11-15 04:00:00+05:30,14.4,67
2025-11-15 05:00:00+05:30,13.9,73
2025-11-15 06:00:00+05:30,13.5,73
2025-11-15 07:00:00+05:30,13.9,71
2025-11-15 08:00:00+05:30,15.6,65
2025-11-15 09:00:00+05:30,18.4,55
2025-11-15 10:00:00+05:30,21.4,44
2025-11-15 11:00:00+05:30,24.0,34
2025-11-15 12:00:00+05:30,25.7,27
2025-11-15 13:00:00+05:30,26.6,25
2025-11-15 14:00:00+05:30,27.0,23
2025-11-15 15:00:00+05:30,26.7,25
2025-11-15 16:00:00+05:30,25.9,27
2025-11-15 17:00:00+05:30,23.5,39
2025-11-15 18:00:00+05:30,23.0,36
2025-11-15 19:00:00+05:30,22.2,38
2025-11-15 20:00:00+05:30,20.9,43
2025-11-15 21:00:00+05:30,19.7,48
2025-11-15 22:00:00+05:30,18.7,51
2025-11-15 23:00:00+05:30,18.1,53
2025-11-16 00:00:00+05:30,16.7,58
2025-11-16 01:00:00+05:30,15.8,62
2025-11-16 02:00:00+05:30,15.2,64
2025-11-16 03:00:00+05:30,14.5,67
2025-11-16 04:00:00+05:30,13.9,69
2025-11-16 05:00:00+05:30,13.5,76
2025-11-16 06:00:00+05:30,13.1,76
2025-11-16 07:00:00+05:30,13.7,72
2025-11-16 08:00:00+05:30,15.6,65
2025-11-16 09:00:00+05:30,18.5,53
2025-11-16 10:00:00+05:30,21.5,44
2025-11-16 11:00:00+05:30,24.0,36
2025-11-16 12:00:00+05:30,25.9,29
2025-11-16 13:00:00+05:30,26.7,25
2025-11-16 14:00:00+05:30,27.0,24
2025-11-16 15:00:00+05:30,26.6,25
2025-11-16 16:00:00+05:30,25.8,27
2025-11-16 17:00:00+05:30,23.4,36
2025-11-16 18:00:00+05:30,22.6,36
2025-11-16 19:00:00+05:30,22.0,37
2025-11-16 20:00:00+05:30,21.0,40
2025-11-16 21:00:00+05:30,20.0,43
2025-11-16 22:00:00+05:30,19.5,44
2025-11-16 23:00:00+05:30,18.4,48
2025-11-17 00:00:00+05:30,16.4,55
2025-11-17 01:00:00+05:30,15.5,58
2025-11-17 02:00:00+05:30,14.9,60
2025-11-17 03:00:00+05:30,14.3,62
2025-11-17 04:00:00+05:30,13.8,64
2025-11-17 05:00:00+05:30,13.3,72
2025-11-17 06:00:00+05:30,13.1,71
2025-11-17 07:00:00+05:30,13.4,69
2025-11-17 08:00:00+05:30,15.2,65
2025-11-17 09:00:00+05:30,18.0,54
2025-11-17 10:00:00+05:30,20.9,44
2025-11-17 11:00:00+05:30,23.4,36
2025-11-17 12:00:00+05:30,25.2,30
2025-11-17 13:00:00+05:30,26.0,28
2025-11-17 14:00:00+05:30,26.2,27
2025-11-17 15:00:00+05:30,26.0,28
2025-11-17 16:00:00+05:30,25.2,31
2025-11-17 17:00:00+05:30,22.8,46
2025-11-17 18:00:00+05:30,21.3,52
2025-11-17 19:00:00+05:30,20.3,56
2025-11-17 20:00:00+05:30,19.4,59
2025-11-17 21:00:00+05:30,18.5,63
2025-11-17 22:00:00+05:30,17.9,65
2025-11-17 23:00:00+05:30,17.7,67
2025-11-18 00:00:00+05:30,16.8,69
2025-11-18 01:00:00+05:30,16.1,71
2025-11-18 02:00:00+05:30,15.5,73
2025-11-18 03:00:00+05:30,14.8,75
2025-11-18 04:00:00+05:30,13.9,79
2025-11-18 05:00:00+05:30,14.1,82
2025-11-18 06:00:00+05:30,13.5,83
2025-11-18 07:00:00+05:30,13.8,81
2025-11-18 08:00:00+05:30,15.7,71
2025-11-18 09:00:00+05:30,18.4,58
2025-11-18 10:00:00+05:30,21.2,47
2025-11-18 11:00:00+05:30,23.7,39
2025-11-18 12:00:00+05:30,25.3,33
2025-11-18 13:00:00+05:30,26.0,33
2025-11-18 14:00:00+05:30,26.3,33
2025-11-18 15:00:00+05:30,25.9,36
2025-11-18 16:00:00+05:30,25.0,42
2025-11-18 17:00:00+05:30,23.0,52
2025-11-18 18:00:00+05:30,21.7,61
2025-11-18 19:00:00+05:30,20.7,67
2025-11-18 20:00:00+05:30,20.2,69
2025-11-18 21:00:00+05:30,19.9,70
2025-11-18 22:00:00+05:30,19.2,72
2025-11-18 23:00:00+05:30,18.4,76
2025-11-19 00:00:00+05:30,17.4,78
2025-11-19 01:00:00+05:30,16.7,80
2025-11-19 02:00:00+05:30,15.7,84
2025-11-19 03:00:00+05:30,15.1,86
2025-11-19 04:00:00+05:30,14.7,86
2025-11-19 05:00:00+05:30,14.2,87
2025-11-19 06:00:00+05:30,13.7,87
2025-11-19 07:00:00+05:30,13.9,87
2025-11-19 08:00:00+05:30,15.9,76
2025-11-19 09:00:00+05:30,18.8,62
2025-11-19 10:00:00+05:30,21.6,52
2025-11-19 11:00:00+05:30,23.9,48
2025-11-19 12:00:00+05:30,25.3,41
2025-11-19 13:00:00+05:30,25.9,39
2025-11-19 14:00:00+05:30,26.1,38
2025-11-19 15:00:00+05:30,26.0,38
2025-11-19 16:00:00+05:30,25.3,41
2025-11-19 17:00:00+05:30,23.3,55
2025-11-19 18:00:00+05:30,22.2,61
2025-11-19 19:00:00+05:30,21.2,66
2025-11-19 20:00:00+05:30,20.4,70
2025-11-19 21:00:00+05:30,19.6,73
2025-11-19 22:00:00+05:30,19.0,75
2025-11-19 23:00:00+05:30,18.8,77
2025-11-20 00:00:00+05:30,18.0,80
2025-11-20 01:00:00+05:30,17.4,83
2025-11-20 02:00:00+05:30,16.6,85
2025-11-20 03:00:00+05:30,16.1,86
2025-11-20 04:00:00+05:30,15.4,87
2025-11-20 05:00:00+05:30,15.0,89
2025-11-20 06:00:00+05:30,14.4,88
2025-11-20 07:00:00+05:30,15.1,84
2025-11-20 08:00:00+05:30,16.9,75
2025-11-20 09:00:00+05:30,19.6,63
2025-11-20 10:00:00+05:30,22.4,54
2025-11-20 11:00:00+05:30,24.5,45
2025-11-20 12:00:00+05:30,25.8,40
2025-11-20 13:00:00+05:30,26.3,38
2025-11-20 14:00:00+05:30,26.5,37
2025-11-20 15:00:00+05:30,26.2,38
2025-11-20 16:00:00+05:30,25.5,40
2025-11-20 17:00:00+05:30,24.2,44
2025-11-20 18:00:00+05:30,23.0,50
2025-11-20 19:00:00+05:30,21.9,57
2025-11-20 20:00:00+05:30,21.1,61
2025-11-20 21:00:00+05:30,20.0,66
2025-11-20 22:00:00+05:30,19.2,69
2025-11-20 23:00:00+05:30,19.2,71
2025-11-21 00:00:00+05:30,18.1,74
2025-11-21 01:00:00+05:30,17.3,77
2025-11-21 02:00:00+05:30,16.5,81
2025-11-21 03:00:00+05:30,15.8,83
2025-11-21 04:00:00+05:30,15.5,85
2025-11-21 05:00:00+05:30,15.3,88
2025-11-21 06:00:00+05:30,14.8,88
2025-11-21 07:00:00+05:30,15.1,86
2025-11-21 08:00:00+05:30,17.6,71
2025-11-21 09:00:00+05:30,20.3,61
2025-11-21 10:00:00+05:30,22.8,54
2025-11-21 11:00:00+05:30,24.5,47
2025-11-21 12:00:00+05:30,25.7,40
2025-11-21 13:00:00+05:30,26.2,37
2025-11-21 14:00:00+05:30,26.5,36
2025-11-21 15:00:00+05:30,26.3,36
2025-11-21 16:00:00+05:30,25.7,38
2025-11-21 17:00:00+05:30,23.8,51
2025-11-21 18:00:00+05:30,22.4,56
2025-11-21 19:00:00+05:30,21.6,55
2025-11-21 20:00:00+05:30,20.4,62
2025-11-21 21:00:00+05:30,19.6,67
2025-11-21 22:00:00+05:30,18.6,72
2025-11-21 23:00:00+05:30,18.3,76
2025-11-22 00:00:00+05:30,17.2,79
2025-11-22 01:00:00+05:30,16.6,82
2025-11-22 02:00:00+05:30,16.3,83
2025-11-22 03:00:00+05:30,15.9,84
2025-11-22 04:00:00+05:30,15.8,83
2025-11-22 05:00:00+05:30,15.2,86
2025-11-22 06:00:00+05:30,14.9,87
2025-11-22 07:00:00+05:30,15.4,85
2025-11-22 08:00:00+05:30,17.5,74
2025-11-22 09:00:00+05:30,20.4,62
2025-11-22 10:00:00+05:30,23.2,49
2025-11-22 11:00:00+05:30,24.9,35
2025-11-22 12:00:00+05:30,25.9,30
2025-11-22 13:00:00+05:30,26.4,27
2025-11-22 14:00:00+05:30,26.4,27
2025-11-22 15:00:00+05:30,26.1,27
2025-11-22 16:00:00+05:30,25.3,29
2025-11-22 17:00:00+05:30,23.3,42
2025-11-22 18:00:00+05:30,22.5,44
2025-11-22 19:00:00+05:30,21.7,48
2025-11-22 20:00:00+05:30,20.7,50
2025-11-22 21:00:00+05:30,19.8,52
2025-11-22 22:00:00+05:30,18.5,57
2025-11-22 23:00:00+05:30,17.7,64
2025-11-23 00:00:00+05:30,16.1,70
2025-11-23 01:00:00+05:30,15.3,74
2025-11-23 02:00:00+05:30,15.1,75
2025-11-23 03:00:00+05:30,14.8,76
2025-11-23 04:00:00+05:30,14.2,78
2025-11-23 05:00:00+05:30,13.9,84
2025-11-23 06:00:00+05:30,13.6,84
2025-11-23 07:00:00+05:30,14.1,82
2025-11-23 08:00:00+05:30,16.1,71
2025-11-23 09:00:00+05:30,19.2,59
2025-11-23 10:00:00+05:30,22.1,47
2025-11-23 11:00:00+05:30,23.7,42
2025-11-23 12:00:00+05:30,25.6,32
2025-11-23 13:00:00+05:30,26.2,27
2025-11-23 14:00:00+05:30,26.3,26
2025-11-23 15:00:00+05:30,25.9,27
2025-11-23 16:00:00+05:30,24.9,31
2025-11-23 17:00:00+05:30,22.8,42
2025-11-23 18:00:00+05:30,21.7,45
2025-11-23 19:00:00+05:30,20.5,53
2025-11-23 20:00:00+05:30,19.4,58
2025-11-23 21:00:00+05:30,18.6,60
2025-11-23 22:00:00+05:30,17.7,64
2025-11-23 23:00:00+05:30,17.2,68
2025-11-24 00:00:00+05:30,16.0,72
2025-11-24 01:00:00+05:30,15.7,73
2025-11-24 02:00:00+05:30,14.9,76
2025-11-24 03:00:00+05:30,14.3,78
2025-11-24 04:00:00+05:30,13.8,79
2025-11-24 05:00:00+05:30,13.3,85
2025-11-24 06:00:00+05:30,13.0,86
2025-11-24 07:00:00+05:30,13.3,84
2025-11-24 08:00:00+05:30,15.0,76
2025-11-24 09:00:00+05:30,17.8,63
2025-11-24 10:00:00+05:30,20.7,51
2025-11-24 11:00:00+05:30,22.8,42
2025-11-24 12:00:00+05:30,24.2,35
2025-11-24 13:00:00+05:30,24.9,31
2025-11-24 14:00:00+05:30,25.1,29
2025-11-24 15:00:00+05:30,24.9,29
2025-11-24 16:00:00+05:30,24.0,31
2025-11-24 17:00:00+05:30,21.9,43
2025-11-24 18:00:00+05:30,20.9,49
2025-11-24 19:00:00+05:30,19.9,53
2025-11-24 20:00:00+05:30,18.9,55
2025-11-24 21:00:00+05:30,17.9,58
2025-11-24 22:00:00+05:30,17.1,61
2025-11-24 23:00:00+05:30,16.6,64
2025-11-25 00:00:00+05:30,15.5,66
2025-11-25 01:00:00+05:30,14.5,69
2025-11-25 02:00:00+05:30,13.9,73
2025-11-25 03:00:00+05:30,13.1,75
2025-11-25 04:00:00+05:30,12.6,77
2025-11-25 05:00:00+05:30,12.2,81
2025-11-25 06:00:00+05:30,12.0,81
2025-11-25 07:00:00+05:30,12.3,79
2025-11-25 08:00:00+05:30,14.0,71
2025-11-25 09:00:00+05:30,16.9,59
2025-11-25 10:00:00+05:30,19.8,49
2025-11-25 11:00:00+05:30,22.1,42
2025-11-25 12:00:00+05:30,23.5,36
2025-11-25 13:00:00+05:30,24.1,34
2025-11-25 14:00:00+05:30,24.3,33
2025-11-25 15:00:00+05:30,24.0,32
2025-11-25 16:00:00+05:30,23.2,33
2025-11-25 17:00:00+05:30,21.5,39
2025-11-25 18:00:00+05:30,20.8,42
2025-11-25 19:00:00+05:30,20.1,44
2025-11-25 20:00:00+05:30,19.1,48
2025-11-25 21:00:00+05:30,18.0,53
2025-11-25 22:00:00+05:30,17.0,57
2025-11-25 23:00:00+05:30,16.5,60
2025-11-26 00:00:00+05:30,15.7,63
2025-11-26 01:00:00+05:30,15.0,65
2025-11-26 02:00:00+05:30,14.0,69
2025-11-26 03:00:00+05:30,13.1,74
2025-11-26 04:00:00+05:30,12.5,77
2025-11-26 05:00:00+05:30,12.2,82
2025-11-26 06:00:00+05:30,11.6,84
2025-11-26 07:00:00+05:30,12.0,82
2025-11-26 08:00:00+05:30,13.7,75
2025-11-26 09:00:00+05:30,16.5,62
2025-11-26 10:00:00+05:30,19.4,51
2025-11-26 11:00:00+05:30,21.3,42
2025-11-26 12:00:00+05:30,23.1,34
2025-11-26 13:00:00+05:30,23.8,31
2025-11-26 14:00:00+05:30,24.1,30
2025-11-26 15:00:00+05:30,23.8,30
2025-11-26 16:00:00+05:30,22.9,33
2025-11-26 17:00:00+05:30,21.1,40
2025-11-26 18:00:00+05:30,20.0,45
2025-11-26 19:00:00+05:30,18.5,52
2025-11-26 20:00:00+05:30,17.5,56
2025-11-26 21:00:00+05:30,16.6,63
2025-11-26 22:00:00+05:30,16.0,66
2025-11-26 23:00:00+05:30,16.0,69
2025-11-27 00:00:00+05:30,15.1,70
2025-11-27 01:00:00+05:30,14.5,71
2025-11-27 02:00:00+05:30,13.7,75
2025-11-27 03:00:00+05:30,12.9,79
2025-11-27 04:00:00+05:30,12.2,83
2025-11-27 05:00:00+05:30,11.4,89
2025-11-27 06:00:00+05:30,11.1,90
2025-11-27 07:00:00+05:30,11.1,90
2025-11-27 08:00:00+05:30,13.4,76
2025-11-27 09:00:00+05:30,16.7,60
2025-11-27 10:00:00+05:30,19.4,50
2025-11-27 11:00:00+05:30,21.1,44
2025-11-27 12:00:00+05:30,22.8,39
2025-11-27 13:00:00+05:30,23.6,36
2025-11-27 14:00:00+05:30,23.9,35
2025-11-27 15:00:00+05:30,23.8,35
2025-11-27 16:00:00+05:30,23.0,37
2025-11-27 17:00:00+05:30,21.5,44
2025-11-27 18:00:00+05:30,20.2,51
2025-11-27 19:00:00+05:30,18.8,58
2025-11-27 20:00:00+05:30,17.7,64
2025-11-27 21:00:00+05:30,16.7,69
2025-11-27 22:00:00+05:30,15.9,73
2025-11-27 23:00:00+05:30,15.3,78
2025-11-28 00:00:00+05:30,14.1,80
2025-11-28 01:00:00+05:30,13.5,80
2025-11-28 02:00:00+05:30,13.0,80
2025-11-28 03:00:00+05:30,12.8,82
2025-11-28 04:00:00+05:30,12.5,85
2025-11-28 05:00:00+05:30,12.0,89
2025-11-28 06:00:00+05:30,11.6,89
2025-11-28 07:00:00+05:30,12.0,86
2025-11-28 08:00:00+05:30,14.0,75
2025-11-28 09:00:00+05:30,16.7,62
2025-11-28 10:00:00+05:30,19.6,50
2025-11-28 11:00:00+05:30,21.9,42
2025-11-28 12:00:00+05:30,24.0,34
2025-11-28 13:00:00+05:30,24.8,31
2025-11-28 14:00:00+05:30,25.5,28
2025-11-28 15:00:00+05:30,25.4,28
2025-11-28 16:00:00+05:30,24.5,31
2025-11-28 17:00:00+05:30,21.5,52
2025-11-28 18:00:00+05:30,20.7,54
2025-11-28 19:00:00+05:30,20.2,53
2025-11-28 20:00:00+05:30,19.7,54
2025-11-28 21:00:00+05:30,18.8,57
2025-11-28 22:00:00+05:30,18.0,60
2025-11-28 23:00:00+05:30,17.2,65
2025-11-29 00:00:00+05:30,16.4,67
2025-11-29 01:00:00+05:30,15.9,67
2025-11-29 02:00:00+05:30,15.4,68
2025-11-29 03:00:00+05:30,15.0,68
2025-11-29 04:00:00+05:30,14.6,69
2025-11-29 05:00:00+05:30,14.0,72
2025-11-29 06:00:00+05:30,13.6,73
2025-11-29 07:00:00+05:30,13.6,73
2025-11-29 08:00:00+05:30,14.9,68
2025-11-29 09:00:00+05:30,17.2,59
2025-11-29 10:00:00+05:30,20.0,49
2025-11-29 11:00:00+05:30,23.0,39
2025-11-29 12:00:00+05:30,25.2,32
2025-11-29 13:00:00+05:30,26.0,30
2025-11-29 14:00:00+05:30,25.9,32
2025-11-29 15:00:00+05:30,25.4,33
2025-11-29 16:00:00+05:30,24.6,34
2025-11-29 17:00:00+05:30,23.0,39
2025-11-29 18:00:00+05:30,22.0,42
2025-11-29 19:00:00+05:30,21.1,44
2025-11-29 20:00:00+05:30,20.2,46
2025-11-29 21:00:00+05:30,19.2,47
2025-11-29 22:00:00+05:30,18.1,50
2025-11-29 23:00:00+05:30,17.5,52
2025-11-30 00:00:00+05:30,16.3,54
2025-11-30 01:00:00+05:30,15.3,56
2025-11-30 02:00:00+05:30,14.4,56
2025-11-30 03:00:00+05:30,13.7,57
2025-11-30 04:00:00+05:30,13.1,59
2025-11-30 05:00:00+05:30,12.9,65
2025-11-30 06:00:00+05:30,12.1,68
2025-11-30 07:00:00+05:30,12.2,68
2025-11-30 08:00:00+05:30,13.5,63
2025-11-30 09:00:00+05:30,15.7,55
2025-11-30 10:00:00+05:30,18.5,45
2025-11-30 11:00:00+05:30,21.5,35
2025-11-30 12:00:00+05:30,23.5,28
2025-11-30 13:00:00+05:30,24.2,27
2025-11-30 14:00:00+05:30,23.9,28
2025-11-30 15:00:00+05:30,23.6,28
2025-11-30 16:00:00+05:30,22.8,30
2025-11-30 17:00:00+05:30,21.2,34
2025-11-30 18:00:00+05:30,20.2,38
2025-11-30 19:00:00+05:30,19.2,41
2025-11-30 20:00:00+05:30,18.3,42
2025-11-30 21:00:00+05:30,17.4,42
2025-11-30 22:00:00+05:30,16.6,42
2025-11-30 23:00:00+05:30,15.8,46
2025-12-01 00:00:00+05:30,14.6,46
2025-12-01 01:00:00+05:30,13.6,50
2025-12-01 02:00:00+05:30,12.5,55
2025-12-01 03:00:00+05:30,11.5,61
2025-12-01 04:00:00+05:30,10.8,66
2025-12-01 05:00:00+05:30,10.1,77
2025-12-01 06:00:00+05:30,9.8,78
2025-12-01 07:00:00+05:30,10.0,78
2025-12-01 08:00:00+05:30,11.9,68
2025-12-01 09:00:00+05:30,14.8,56
2025-12-01 10:00:00+05:30,17.7,45
2025-12-01 11:00:00+05:30,20.7,36
2025-12-01 12:00:00+05:30,23.1,28
2025-12-01 13:00:00+05:30,24.2,24
2025-12-01 14:00:00+05:30,24.6,23
2025-12-01 15:00:00+05:30,24.4,24
2025-12-01 16:00:00+05:30,23.3,27
2025-12-01 17:00:00+05:30,20.6,38
2025-12-01 18:00:00+05:30,19.1,48
2025-12-01 19:00:00+05:30,18.2,55
2025-12-01 20:00:00+05:30,17.3,58
2025-12-01 21:00:00+05:30,16.4,61
2025-12-01 22:00:00+05:30,15.7,65
2025-12-01 23:00:00+05:30,15.3,67
2025-12-02 00:00:00+05:30,13.9,73
2025-12-02 01:00:00+05:30,13.4,73
2025-12-02 02:00:00+05:30,13.1,70
2025-12-02 03:00:00+05:30,12.7,71
2025-12-02 04:00:00+05:30,12.5,72
2025-12-02 05:00:00+05:30,12.2,78
2025-12-02 06:00:00+05:30,12.2,76
2025-12-02 07:00:00+05:30,12.3,76
2025-12-02 08:00:00+05:30,14.1,66
2025-12-02 09:00:00+05:30,17.1,54
2025-12-02 10:00:00+05:30,20.2,41
2025-12-02 11:00:00+05:30,22.7,41
2025-12-02 12:00:00+05:30,24.5,41
2025-12-02 13:00:00+05:30,25.3,41
2025-12-02 14:00:00+05:30,25.7,39
2025-12-02 15:00:00+05:30,25.5,37
2025-12-02 16:00:00+05:30,24.3,42
2025-12-02 17:00:00+05:30,21.7,52
2025-12-02 18:00:00+05:30,20.7,55
2025-12-02 19:00:00+05:30,19.6,56
2025-12-02 20:00:00+05:30,18.6,57
2025-12-02 21:00:00+05:30,17.7,59
2025-12-02 22:00:00+05:30,17.2,58
2025-12-02 23:00:00+05:30,16.4,61
2025-12-03 00:00:00+05:30,15.1,63
2025-12-03 01:00:00+05:30,14.3,63
2025-12-03 02:00:00+05:30,13.3,63
2025-12-03 03:00:00+05:30,12.4,65
2025-12-03 04:00:00+05:30,11.7,68
2025-12-03 05:00:00+05:30,11.1,76
2025-12-03 06:00:00+05:30,10.6,78
2025-12-03 07:00:00+05:30,10.8,77
2025-12-03 08:00:00+05:30,12.4,69
2025-12-03 09:00:00+05:30,15.1,58
2025-12-03 10:00:00+05:30,18.0,48
2025-12-03 11:00:00+05:30,20.5,38
2025-12-03 12:00:00+05:30,22.0,32
2025-12-03 13:00:00+05:30,22.8,28
2025-12-03 14:00:00+05:30,23.0,27
2025-12-03 15:00:00+05:30,22.7,29
2025-12-03 16:00:00+05:30,21.8,32
2025-12-03 17:00:00+05:30,20.2,37
2025-12-03 18:00:00+05:30,19.5,41
2025-12-03 19:00:00+05:30,18.8,44
2025-12-03 20:00:00+05:30,17.8,47
2025-12-03 21:00:00+05:30,16.8,49
2025-12-03 22:00:00+05:30,16.0,51
2025-12-03 23:00:00+05:30,15.1,56
2025-12-04 00:00:00+05:30,13.6,62
2025-12-04 01:00:00+05:30,12.7,65
2025-12-04 02:00:00+05:30,12.1,67
2025-12-04 03:00:00+05:30,11.7,69
2025-12-04 04:00:00+05:30,11.2,70
2025-12-04 05:00:00+05:30,10.9,71
2025-12-04 06:00:00+05:30,10.3,73
2025-12-04 07:00:00+05:30,10.2,73
2025-12-04 08:00:00+05:30,11.6,67
2025-12-04 09:00:00+05:30,14.0,58
2025-12-04 10:00:00+05:30,16.8,49
2025-12-04 11:00:00+05:30,19.5,42
2025-12-04 12:00:00+05:30,21.1,36
2025-12-04 13:00:00+05:30,22.1,31
2025-12-04 14:00:00+05:30,22.4,29
2025-12-04 15:00:00+05:30,22.0,29
2025-12-04 16:00:00+05:30,21.0,33
2025-12-04 17:00:00+05:30,19.4,36
2025-12-04 18:00:00+05:30,18.2,43
2025-12-04 19:00:00+05:30,17.4,46
2025-12-04 20:00:00+05:30,16.7,48
2025-12-04 21:00:00+05:30,15.9,50
2025-12-04 22:00:00+05:30,15.1,52
2025-12-04 23:00:00+05:30,14.4,58
2025-12-05 00:00:00+05:30,12.8,61
2025-12-05 01:00:00+05:30,12.3,61
2025-12-05 02:00:00+05:30,11.5,63
2025-12-05 03:00:00+05:30,10.7,66
2025-12-05 04:00:00+05:30,10.0,69
2025-12-05 05:00:00+05:30,9.6,75
2025-12-05 06:00:00+05:30,9.1,77
2025-12-05 07:00:00+05:30,9.3,76
2025-12-05 08:00:00+05:30,10.9,69
2025-12-05 09:00:00+05:30,13.7,57
2025-12-05 10:00:00+05:30,16.8,46
2025-12-05 11:00:00+05:30,19.6,36
2025-12-05 12:00:00+05:30,21.2,30
2025-12-05 13:00:00+05:30,22.0,29
2025-12-05 14:00:00+05:30,22.4,30
2025-12-05 15:00:00+05:30,22.2,32
2025-12-05 16:00:00+05:30,21.4,36
2025-12-05 17:00:00+05:30,19.8,41
2025-12-05 18:00:00+05:30,18.7,46
2025-12-05 19:00:00+05:30,18.0,49
2025-12-05 20:00:00+05:30,17.2,53
2025-12-05 21:00:00+05:30,16.3,55
2025-12-05 22:00:00+05:30,15.6,57
2025-12-05 23:00:00+05:30,15.0,59
2025-12-06 00:00:00+05:30,13.9,62
2025-12-06 01:00:00+05:30,13.1,63
2025-12-06 02:00:00+05:30,12.5,64
2025-12-06 03:00:00+05:30,12.0,66
2025-12-06 04:00:00+05:30,11.5,68
2025-12-06 05:00:00+05:30,11.0,73
2025-12-06 06:00:00+05:30,10.5,75
2025-12-06 07:00:00+05:30,10.7,73
2025-12-06 08:00:00+05:30,12.2,66
2025-12-06 09:00:00+05:30,14.5,56
2025-12-06 10:00:00+05:30,17.1,47
2025-12-06 11:00:00+05:30,20.1,39
2025-12-06 12:00:00+05:30,22.4,33
2025-12-06 13:00:00+05:30,23.7,29
2025-12-06 14:00:00+05:30,24.2,27
2025-12-06 15:00:00+05:30,23.7,30
2025-12-06 16:00:00+05:30,22.7,34
2025-12-06 17:00:00+05:30,21.1,39
2025-12-06 18:00:00+05:30,20.3,40
2025-12-06 19:00:00+05:30,19.2,41
2025-12-06 20:00:00+05:30,18.5,43
2025-12-06 21:00:00+05:30,17.5,46
2025-12-06 22:00:00+05:30,16.7,48
2025-12-06 23:00:00+05:30,16.0,52
2025-12-07 00:00:00+05:30,15.1,55
2025-12-07 01:00:00+05:30,14.3,58
2025-12-07 02:00:00+05:30,13.7,61
2025-12-07 03:00:00+05:30,13.2,63
2025-12-07 04:00:00+05:30,12.8,65
2025-12-07 05:00:00+05:30,12.2,69
2025-12-07 06:00:00+05:30,11.4,73
2025-12-07 07:00:00+05:30,11.2,74
2025-12-07 08:00:00+05:30,12.6,68
2025-12-07 09:00:00+05:30,14.8,59
2025-12-07 10:00:00+05:30,17.6,49
2025-12-07 11:00:00+05:30,20.7,41
2025-12-07 12:00:00+05:30,22.9,35
2025-12-07 13:00:00+05:30,24.3,32
2025-12-07 14:00:00+05:30,24.8,30
2025-12-07 15:00:00+05:30,24.5,32
2025-12-07 16:00:00+05:30,23.2,38
2025-12-07 17:00:00+05:30,21.7,43
2025-12-07 18:00:00+05:30,21.0,48
2025-12-07 19:00:00+05:30,20.1,51
2025-12-07 20:00:00+05:30,19.1,54
2025-12-07 21:00:00+05:30,18.3,56
2025-12-07 22:00:00+05:30,17.6,57
2025-12-07 23:00:00+05:30,16.8,59
2025-12-08 00:00:00+05:30,15.7,61
2025-12-08 01:00:00+05:30,15.3,60
2025-12-08 02:00:00+05:30,14.9,60
2025-12-08 03:00:00+05:30,14.5,61
2025-12-08 04:00:00+05:30,14.1,62
2025-12-08 05:00:00+05:30,13.3,67
2025-12-08 06:00:00+05:30,12.6,70
2025-12-08 07:00:00+05:30,12.4,72
2025-12-08 08:00:00+05:30,13.7,66
2025-12-08 09:00:00+05:30,16.1,57
2025-12-08 10:00:00+05:30,18.9,47
2025-12-08 11:00:00+05:30,22.0,39
2025-12-08 12:00:00+05:30,24.3,32
2025-12-08 13:00:00+05:30,25.6,27
2025-12-08 14:00:00+05:30,25.9,26
2025-12-08 15:00:00+05:30,25.3,28
2025-12-08 16:00:00+05:30,24.2,32
2025-12-08 17:00:00+05:30,22.7,36
2025-12-08 18:00:00+05:30,21.6,41
2025-12-08 19:00:00+05:30,20.5,46
2025-12-08 20:00:00+05:30,19.5,48
2025-12-08 21:00:00+05:30,18.6,49
2025-12-08 22:00:00+05:30,17.6,49
2025-12-08 23:00:00+05:30,16.9,51
2025-12-09 00:00:00+05:30,15.9,53
2025-12-09 01:00:00+05:30,15.2,55
2025-12-09 02:00:00+05:30,14.5,58
2025-12-09 03:00:00+05:30,13.9,61
2025-12-09 04:00:00+05:30,13.5,64
2025-12-09 05:00:00+05:30,13.1,66
2025-12-09 06:00:00+05:30,12.5,68
2025-12-09 07:00:00+05:30,12.4,68
2025-12-09 08:00:00+05:30,13.6,63
2025-12-09 09:00:00+05:30,15.6,57
2025-12-09 10:00:00+05:30,18.2,48
2025-12-09 11:00:00+05:30,21.2,41
2025-12-09 12:00:00+05:30,23.4,34
2025-12-09 13:00:00+05:30,24.6,29
2025-12-09 14:00:00+05:30,25.1,28
2025-12-09 15:00:00+05:30,24.7,30
2025-12-09 16:00:00+05:30,23.7,34
2025-12-09 17:00:00+05:30,22.1,39
2025-12-09 18:00:00+05:30,21.4,43
2025-12-09 19:00:00+05:30,20.4,47
2025-12-09 20:00:00+05:30,19.6,49
2025-12-09 21:00:00+05:30,19.0,51
2025-12-09 22:00:00+05:30,18.2,52
2025-12-09 23:00:00+05:30,17.3,55
2025-12-10 00:00:00+05:30,15.9,60
2025-12-10 01:00:00+05:30,15.2,62
2025-12-10 02:00:00+05:30,14.6,64
2025-12-10 03:00:00+05:30,14.1,66
2025-12-10 04:00:00+05:30,13.7,67
2025-12-10 05:00:00+05:30,13.4,67
2025-12-10 06:00:00+05:30,12.9,69
2025-12-10 07:00:00+05:30,12.5,70
2025-12-10 08:00:00+05:30,13.7,66
2025-12-10 09:00:00+05:30,15.7,58
2025-12-10 10:00:00+05:30,18.4,49
2025-12-10 11:00:00+05:30,21.1,41
2025-12-10 12:00:00+05:30,23.2,34
2025-12-10 13:00:00+05:30,24.3,31
2025-12-10 14:00:00+05:30,24.8,30
2025-12-10 15:00:00+05:30,24.4,31
2025-12-10 16:00:00+05:30,23.3,38
2025-12-10 17:00:00+05:30,21.9,45
2025-12-10 18:00:00+05:30,21.2,48
2025-12-10 19:00:00+05:30,20.1,52
2025-12-10 20:00:00+05:30,19.2,55
2025-12-10 21:00:00+05:30,18.4,57
2025-12-10 22:00:00+05:30,17.8,57
2025-12-10 23:00:00+05:30,17.1,58
2025-12-11 00:00:00+05:30,15.9,61
2025-12-11 01:00:00+05:30,14.5,68
2025-12-11 02:00:00+05:30,13.7,73
2025-12-11 03:00:00+05:30,13.0,76
2025-12-11 04:00:00+05:30,12.7,76
2025-12-11 05:00:00+05:30,12.3,80
2025-12-11 06:00:00+05:30,11.8,81
2025-12-11 07:00:00+05:30,11.5,82
2025-12-11 08:00:00+05:30,12.9,75
2025-12-11 09:00:00+05:30,15.5,63
2025-12-11 10:00:00+05:30,18.5,52
2025-12-11 11:00:00+05:30,21.5,43
2025-12-11 12:00:00+05:30,23.7,36
2025-12-11 13:00:00+05:30,24.8,32
2025-12-11 14:00:00+05:30,25.1,31
2025-12-11 15:00:00+05:30,24.8,32
2025-12-11 16:00:00+05:30,23.8,36
2025-12-11 17:00:00+05:30,21.6,47
2025-12-11 18:00:00+05:30,20.8,50
2025-12-11 19:00:00+05:30,20.0,54
2025-12-11 20:00:00+05:30,19.1,57
2025-12-11 21:00:00+05:30,18.3,61
2025-12-11 22:00:00+05:30,17.3,65
2025-12-11 23:00:00+05:30,16.6,70
2025-12-12 00:00:00+05:30,15.5,73
2025-12-12 01:00:00+05:30,14.6,77
2025-12-12 02:00:00+05:30,13.9,78
2025-12-12 03:00:00+05:30,13.1,80
2025-12-12 04:00:00+05:30,12.3,83
2025-12-12 05:00:00+05:30,11.7,88
2025-12-12 06:00:00+05:30,11.1,89
2025-12-12 07:00:00+05:30,11.0,89
2025-12-12 08:00:00+05:30,12.8,79
2025-12-12 09:00:00+05:30,15.7,66
2025-12-12 10:00:00+05:30,18.8,53
2025-12-12 11:00:00+05:30,21.2,45
2025-12-12 12:00:00+05:30,23.2,36
2025-12-12 13:00:00+05:30,24.1,32
2025-12-12 14:00:00+05:30,24.6,30
2025-12-12 15:00:00+05:30,24.5,31
2025-12-12 16:00:00+05:30,23.8,33
2025-12-12 17:00:00+05:30,21.3,47
2025-12-12 18:00:00+05:30,20.2,51
2025-12-12 19:00:00+05:30,19.0,59
2025-12-12 20:00:00+05:30,18.2,64
2025-12-12 21:00:00+05:30,16.9,70
2025-12-12 22:00:00+05:30,15.8,76
2025-12-12 23:00:00+05:30,15.3,80
2025-12-13 00:00:00+05:30,13.8,87
2025-12-13 01:00:00+05:30,13.2,89
2025-12-13 02:00:00+05:30,12.8,89
2025-12-13 03:00:00+05:30,12.3,91
2025-12-13 04:00:00+05:30,11.8,92
2025-12-13 05:00:00+05:30,11.7,91
2025-12-13 06:00:00+05:30,11.2,92
2025-12-13 07:00:00+05:30,11.1,93
2025-12-13 08:00:00+05:30,12.7,86
2025-12-13 09:00:00+05:30,15.6,71
2025-12-13 10:00:00+05:30,18.6,59
2025-12-13 11:00:00+05:30,20.9,53
2025-12-13 12:00:00+05:30,22.8,44
2025-12-13 13:00:00+05:30,23.8,39
2025-12-13 14:00:00+05:30,24.3,37
2025-12-13 15:00:00+05:30,24.0,38
2025-12-13 16:00:00+05:30,23.2,42
2025-12-13 17:00:00+05:30,20.9,54
2025-12-13 18:00:00+05:30,20.0,58
2025-12-13 19:00:00+05:30,18.7,68
2025-12-13 20:00:00+05:30,17.6,75
2025-12-13 21:00:00+05:30,16.8,80
2025-12-13 22:00:00+05:30,15.9,83
2025-12-13 23:00:00+05:30,15.4,86
2025-12-14 00:00:00+05:30,14.2,90
2025-12-14 01:00:00+05:30,13.6,93
2025-12-14 02:00:00+05:30,12.9,95
2025-12-14 03:00:00+05:30,12.3,97
2025-12-14 04:00:00+05:30,11.9,98
2025-12-14 05:00:00+05:30,11.5,96
2025-12-14 06:00:00+05:30,10.8,97
2025-12-14 07:00:00+05:30,10.8,97
2025-12-14 08:00:00+05:30,12.7,90
2025-12-14 09:00:00+05:30,16.2,73
2025-12-14 10:00:00+05:30,19.3,61
2025-12-14 11:00:00+05:30,20.9,54
2025-12-14 12:00:00+05:30,22.6,46
2025-12-14 13:00:00+05:30,23.6,42
2025-12-14 14:00:00+05:30,24.0,40
2025-12-14 15:00:00+05:30,24.0,39
2025-12-14 16:00:00+05:30,23.3,42
2025-12-14 17:00:00+05:30,21.2,54
2025-12-14 18:00:00+05:30,19.9,59
2025-12-14 19:00:00+05:30,19.0,65
2025-12-14 20:00:00+05:30,18.0,73
2025-12-14 21:00:00+05:30,17.3,76
2025-12-14 22:00:00+05:30,16.7,79
2025-12-14 23:00:00+05:30,16.0,83
2025-12-15 00:00:00+05:30,14.9,85
2025-12-15 01:00:00+05:30,14.5,86
2025-12-15 02:00:00+05:30,13.3,92
2025-12-15 03:00:00+05:30,12.8,96
2025-12-15 04:00:00+05:30,12.2,98
2025-12-15 05:00:00+05:30,12.0,95
2025-12-15 06:00:00+05:30,11.5,95
2025-12-15 07:00:00+05:30,11.4,96
2025-12-15 08:00:00+05:30,12.3,94
2025-12-15 09:00:00+05:30,14.1,85
2025-12-15 10:00:00+05:30,17.1,71
2025-12-15 11:00:00+05:30,20.0,60
2025-12-15 12:00:00+05:30,22.2,48
2025-12-15 13:00:00+05:30,23.4,42
2025-12-15 14:00:00+05:30,23.9,41
2025-12-15 15:00:00+05:30,23.8,42
2025-12-15 16:00:00+05:30,23.1,43
2025-12-15 17:00:00+05:30,20.6,52
2025-12-15 18:00:00+05:30,19.6,56
2025-12-15 19:00:00+05:30,19.0,58
2025-12-15 20:00:00+05:30,18.2,61
2025-12-15 21:00:00+05:30,17.7,63
2025-12-15 22:00:00+05:30,17.0,64
2025-12-15 23:00:00+05:30,16.2,67
2025-12-16 00:00:00+05:30,14.9,71
2025-12-16 01:00:00+05:30,14.1,75
2025-12-16 02:00:00+05:30,13.4,79
2025-12-16 03:00:00+05:30,12.9,83
2025-12-16 04:00:00+05:30,12.5,86
2025-12-16 05:00:00+05:30,12.2,88
2025-12-16 06:00:00+05:30,11.9,89
2025-12-16 07:00:00+05:30,11.9,89
2025-12-16 08:00:00+05:30,13.3,81
2025-12-16 09:00:00+05:30,15.4,71
2025-12-16 10:00:00+05:30,17.9,60
2025-12-16 11:00:00+05:30,20.2,53
2025-12-16 12:00:00+05:30,22.3,45
2025-12-16 13:00:00+05:30,23.6,40
2025-12-16 14:00:00+05:30,23.9,40
2025-12-16 15:00:00+05:30,23.6,42
2025-12-16 16:00:00+05:30,22.7,48
2025-12-16 17:00:00+05:30,21.4,53
2025-12-16 18:00:00+05:30,20.5,58
2025-12-16 19:00:00+05:30,19.5,64
2025-12-16 20:00:00+05:30,18.7,67
2025-12-16 21:00:00+05:30,17.9,70
2025-12-16 22:00:00+05:30,17.1,72
2025-12-16 23:00:00+05:30,16.2,76
2025-12-17 00:00:00+05:30,15.2,80
2025-12-17 01:00:00+05:30,14.5,82
2025-12-17 02:00:00+05:30,13.9,84
2025-12-17 03:00:00+05:30,13.5,85
2025-12-17 04:00:00+05:30,13.1,85
2025-12-17 05:00:00+05:30,12.2,87
2025-12-17 06:00:00+05:30,11.8,88
2025-12-17 07:00:00+05:30,11.8,88
2025-12-17 08:00:00+05:30,13.1,81
2025-12-17 09:00:00+05:30,15.4,70
2025-12-17 10:00:00+05:30,18.0,60
2025-12-17 11:00:00+05:30,20.1,56
2025-12-17 12:00:00+05:30,21.8,52
2025-12-17 13:00:00+05:30,23.1,47
2025-12-17 14:00:00+05:30,23.8,45
2025-12-17 15:00:00+05:30,23.7,46
2025-12-17 16:00:00+05:30,22.9,49
2025-12-17 17:00:00+05:30,21.5,53
2025-12-17 18:00:00+05:30,20.4,59
2025-12-17 19:00:00+05:30,19.5,63
2025-12-17 20:00:00+05:30,18.5,67
2025-12-17 21:00:00+05:30,17.6,69
2025-12-17 22:00:00+05:30,16.6,72
2025-12-17 23:00:00+05:30,15.6,77
2025-12-18 00:00:00+05:30,14.7,81
2025-12-18 01:00:00+05:30,13.8,85
2025-12-18 02:00:00+05:30,13.1,88
2025-12-18 03:00:00+05:30,12.8,88
2025-12-18 04:00:00+05:30,12.6,88
2025-12-18 05:00:00+05:30,12.3,91
2025-12-18 06:00:00+05:30,12.0,93
2025-12-18 07:00:00+05:30,11.8,94
2025-12-18 08:00:00+05:30,13.1,88
2025-12-18 09:00:00+05:30,15.2,78
2025-12-18 10:00:00+05:30,17.7,67
2025-12-18 11:00:00+05:30,19.2,59
2025-12-18 12:00:00+05:30,20.9,52
2025-12-18 13:00:00+05:30,22.1,47
2025-12-18 14:00:00+05:30,22.7,46
2025-12-18 15:00:00+05:30,22.5,46
2025-12-18 16:00:00+05:30,21.6,51
2025-12-18 17:00:00+05:30,19.7,61
2025-12-18 18:00:00+05:30,18.3,69
2025-12-18 19:00:00+05:30,17.5,75
2025-12-18 20:00:00+05:30,16.8,80
2025-12-18 21:00:00+05:30,16.0,85
2025-12-18 22:00:00+05:30,15.1,90
2025-12-18 23:00:00+05:30,14.6,93
2025-12-19 00:00:00+05:30,14.0,94
2025-12-19 01:00:00+05:30,13.7,95
2025-12-19 02:00:00+05:30,13.3,96
2025-12-19 03:00:00+05:30,12.9,98
2025-12-19 04:00:00+05:30,12.4,99
2025-12-19 05:00:00+05:30,12.0,98
2025-12-19 06:00:00+05:30,11.4,98
2025-12-19 07:00:00+05:30,11.3,100
2025-12-19 08:00:00+05:30,12.0,98
2025-12-19 09:00:00+05:30,13.9,91
2025-12-19 10:00:00+05:30,16.8,76
2025-12-19 11:00:00+05:30,18.4,65
2025-12-19 12:00:00+05:30,20.2,53
2025-12-19 13:00:00+05:30,21.5,46
2025-12-19 14:00:00+05:30,22.2,41
2025-12-19 15:00:00+05:30,22.2,40
2025-12-19 16:00:00+05:30,21.3,44
2025-12-19 17:00:00+05:30,18.9,60
2025-12-19 18:00:00+05:30,17.9,66
2025-12-19 19:00:00+05:30,17.1,71
2025-12-19 20:00:00+05:30,16.3,75
2025-12-19 21:00:00+05:30,15.4,80
2025-12-19 22:00:00+05:30,14.5,84
2025-12-19 23:00:00+05:30,14.2,84
2025-12-20 00:00:00+05:30,13.0,87
2025-12-20 01:00:00+05:30,12.4,88
2025-12-20 02:00:00+05:30,11.7,91
2025-12-20 03:00:00+05:30,11.3,92
2025-12-20 04:00:00+05:30,10.9,93
2025-12-20 05:00:00+05:30,10.2,98
2025-12-20 06:00:00+05:30,9.8,99
2025-12-20 07:00:00+05:30,9.6,100
2025-12-20 08:00:00+05:30,10.6,95
2025-12-20 09:00:00+05:30,12.9,87
2025-12-20 10:00:00+05:30,16.0,72
2025-12-20 11:00:00+05:30,17.9,63
2025-12-20 12:00:00+05:30,19.6,56
2025-12-20 13:00:00+05:30,20.6,52
2025-12-20 14:00:00+05:30,21.2,49
2025-12-20 15:00:00+05:30,21.3,48
2025-12-20 16:00:00+05:30,20.7,51
2025-12-20 17:00:00+05:30,18.5,61
2025-12-20 18:00:00+05:30,17.0,71
2025-12-20 19:00:00+05:30,15.8,80
2025-12-20 20:00:00+05:30,14.7,86
2025-12-20 21:00:00+05:30,13.8,90
2025-12-20 22:00:00+05:30,13.0,93
2025-12-20 23:00:00+05:30,12.2,95
2025-12-21 00:00:00+05:30,11.8,96
2025-12-21 01:00:00+05:30,11.5,97
2025-12-21 02:00:00+05:30,11.2,97
2025-12-21 03:00:00+05:30,10.8,98
2025-12-21 04:00:00+05:30,10.5,98
2025-12-21 05:00:00+05:30,10.6,99
2025-12-21 06:00:00+05:30,10.6,100
2025-12-21 07:00:00+05:30,10.6,100
2025-12-21 08:00:00+05:30,11.0,98
2025-12-21 09:00:00+05:30,12.6,90
2025-12-21 10:00:00+05:30,14.8,79
2025-12-21 11:00:00+05:30,16.2,72
2025-12-21 12:00:00+05:30,18.2,63
2025-12-21 13:00:00+05:30,19.6,57
2025-12-21 14:00:00+05:30,20.2,55
2025-12-21 15:00:00+05:30,20.3,55
2025-12-21 16:00:00+05:30,19.8,58
2025-12-21 17:00:00+05:30,17.2,68
2025-12-21 18:00:00+05:30,16.5,73
2025-12-21 19:00:00+05:30,15.7,79
2025-12-21 20:00:00+05:30,15.1,83
2025-12-21 21:00:00+05:30,14.4,87
2025-12-21 22:00:00+05:30,14.0,90
2025-12-21 23:00:00+05:30,13.4,92
2025-12-22 00:00:00+05:30,12.8,95
2025-12-22 01:00:00+05:30,12.5,95
2025-12-22 02:00:00+05:30,12.1,97
2025-12-22 03:00:00+05:30,11.5,99
2025-12-22 04:00:00+05:30,11.3,100
2025-12-22 05:00:00+05:30,11.6,99
2025-12-22 06:00:00+05:30,11.5,99
2025-12-22 07:00:00+05:30,11.4,99
2025-12-22 08:00:00+05:30,11.6,98
2025-12-22 09:00:00+05:30,12.5,96
2025-12-22 10:00:00+05:30,14.4,85
2025-12-22 11:00:00+05:30,15.5,79
2025-12-22 12:00:00+05:30,18.0,68
2025-12-22 13:00:00+05:30,19.7,60
2025-12-22 14:00:00+05:30,20.7,56
2025-12-22 15:00:00+05:30,21.0,56
2025-12-22 16:00:00+05:30,20.5,59
2025-12-22 17:00:00+05:30,19.2,69
2025-12-22 18:00:00+05:30,18.2,72
2025-12-22 19:00:00+05:30,17.3,76
2025-12-22 20:00:00+05:30,16.2,81
2025-12-22 21:00:00+05:30,15.4,86
2025-12-22 22:00:00+05:30,14.7,89
2025-12-22 23:00:00+05:30,14.2,92
2025-12-23 00:00:00+05:30,13.2,95
2025-12-23 01:00:00+05:30,12.8,97
2025-12-23 02:00:00+05:30,12.8,98
2025-12-23 03:00:00+05:30,12.8,98
2025-12-23 04:00:00+05:30,12.4,100
2025-12-23 05:00:00+05:30,12.1,99
2025-12-23 06:00:00+05:30,11.8,100
2025-12-23 07:00:00+05:30,12.0,100
2025-12-23 08:00:00+05:30,12.6,99
2025-12-23 09:00:00+05:30,14.3,91
2025-12-23 10:00:00+05:30,17.3,74
2025-12-23 11:00:00+05:30,19.6,64
2025-12-23 12:00:00+05:30,21.7,55
2025-12-23 13:00:00+05:30,23.1,50
2025-12-23 14:00:00+05:30,23.7,48
2025-12-23 15:00:00+05:30,23.4,50
2025-12-23 16:00:00+05:30,22.5,56
2025-12-23 17:00:00+05:30,21.3,59
2025-12-23 18:00:00+05:30,20.2,65
2025-12-23 19:00:00+05:30,19.2,69
2025-12-23 20:00:00+05:30,18.2,72
2025-12-23 21:00:00+05:30,17.2,76
2025-12-23 22:00:00+05:30,16.4,80
2025-12-23 23:00:00+05:30,15.7,83
2025-12-24 00:00:00+05:30,14.8,86
2025-12-24 01:00:00+05:30,14.3,88
2025-12-24 02:00:00+05:30,14.0,89
2025-12-24 03:00:00+05:30,13.6,90
2025-12-24 04:00:00+05:30,13.2,90
2025-12-24 05:00:00+05:30,12.8,91
2025-12-24 06:00:00+05:30,12.3,90
2025-12-24 07:00:00+05:30,11.9,90
2025-12-24 08:00:00+05:30,12.9,83
2025-12-24 09:00:00+05:30,14.8,73
2025-12-24 10:00:00+05:30,17.1,63
2025-12-24 11:00:00+05:30,19.5,54
2025-12-24 12:00:00+05:30,21.0,41
2025-12-24 13:00:00+05:30,21.6,37
2025-12-24 14:00:00+05:30,21.6,36
2025-12-24 15:00:00+05:30,21.2,38
2025-12-24 16:00:00+05:30,20.3,41
2025-12-24 17:00:00+05:30,19.3,46
2025-12-24 18:00:00+05:30,18.5,49
2025-12-24 19:00:00+05:30,17.3,55
2025-12-24 20:00:00+05:30,16.6,58
2025-12-24 21:00:00+05:30,15.8,62
2025-12-24 22:00:00+05:30,15.0,65
2025-12-24 23:00:00+05:30,14.2,69
2025-12-25 00:00:00+05:30,13.3,71
2025-12-25 01:00:00+05:30,12.9,71
2025-12-25 02:00:00+05:30,12.3,73
2025-12-25 03:00:00+05:30,11.7,74
2025-12-25 04:00:00+05:30,11.2,75
2025-12-25 05:00:00+05:30,10.7,80
2025-12-25 06:00:00+05:30,10.3,80
2025-12-25 07:00:00+05:30,10.0,79
2025-12-25 08:00:00+05:30,11.2,72
2025-12-25 09:00:00+05:30,13.5,61
2025-12-25 10:00:00+05:30,16.3,49
2025-12-25 11:00:00+05:30,18.8,42
2025-12-25 12:00:00+05:30,20.4,37
2025-12-25 13:00:00+05:30,21.3,33
2025-12-25 14:00:00+05:30,21.8,31
2025-12-25 15:00:00+05:30,21.6,32
2025-12-25 16:00:00+05:30,20.8,34
2025-12-25 17:00:00+05:30,18.7,49
2025-12-25 18:00:00+05:30,17.4,52
2025-12-25 19:00:00+05:30,16.7,57
2025-12-25 20:00:00+05:30,16.3,59
2025-12-25 21:00:00+05:30,15.8,62
2025-12-25 22:00:00+05:30,15.2,66
2025-12-25 23:00:00+05:30,14.2,70
2025-12-26 00:00:00+05:30,13.3,74
2025-12-26 01:00:00+05:30,12.4,78
2025-12-26 02:00:00+05:30,11.8,82
2025-12-26 03:00:00+05:30,11.1,86
2025-12-26 04:00:00+05:30,10.4,89
2025-12-26 05:00:00+05:30,10.9,89
2025-12-26 06:00:00+05:30,10.4,90
2025-12-26 07:00:00+05:30,10.2,90
2025-12-26 08:00:00+05:30,11.0,87
2025-12-26 09:00:00+05:30,13.2,74
2025-12-26 10:00:00+05:30,15.8,61
2025-12-26 11:00:00+05:30,18.1,54
2025-12-26 12:00:00+05:30,19.8,44
2025-12-26 13:00:00+05:30,20.9,38
2025-12-26 14:00:00+05:30,21.2,37
2025-12-26 15:00:00+05:30,21.0,38
2025-12-26 16:00:00+05:30,20.0,44
2025-12-26 17:00:00+05:30,18.9,50
2025-12-26 18:00:00+05:30,17.9,58
2025-12-26 19:00:00+05:30,16.9,64
2025-12-26 20:00:00+05:30,16.3,68
2025-12-26 21:00:00+05:30,15.3,73
2025-12-26 22:00:00+05:30,14.4,79
2025-12-26 23:00:00+05:30,13.9,82
2025-12-27 00:00:00+05:30,12.5,89
2025-12-27 01:00:00+05:30,11.9,91
2025-12-27 02:00:00+05:30,12.0,91
2025-12-27 03:00:00+05:30,11.6,93
2025-12-27 04:00:00+05:30,11.0,94
2025-12-27 05:00:00+05:30,10.6,97
2025-12-27 06:00:00+05:30,10.3,98
2025-12-27 07:00:00+05:30,10.3,98
2025-12-27 08:00:00+05:30,11.1,94
2025-12-27 09:00:00+05:30,13.0,83
2025-12-27 10:00:00+05:30,15.4,71
2025-12-27 11:00:00+05:30,17.4,63
2025-12-27 12:00:00+05:30,19.3,54
2025-12-27 13:00:00+05:30,20.3,50
2025-12-27 14:00:00+05:30,20.8,48
2025-12-27 15:00:00+05:30,20.8,47
2025-12-27 16:00:00+05:30,20.1,51
2025-12-27 17:00:00+05:30,18.7,61
2025-12-27 18:00:00+05:30,17.9,65
2025-12-27 19:00:00+05:30,17.3,69
2025-12-27 20:00:00+05:30,16.9,72
2025-12-27 21:00:00+05:30,15.5,78
2025-12-27 22:00:00+05:30,14.8,82
2025-12-27 23:00:00+05:30,14.4,84
2025-12-28 00:00:00+05:30,13.3,88
2025-12-28 01:00:00+05:30,12.3,92
2025-12-28 02:00:00+05:30,11.6,95
2025-12-28 03:00:00+05:30,11.4,95
2025-12-28 04:00:00+05:30,10.8,96
2025-12-28 05:00:00+05:30,10.2,99
2025-12-28 06:00:00+05:30,10.0,100
2025-12-28 07:00:00+05:30,9.8,100
2025-12-28 08:00:00+05:30,10.3,98
2025-12-28 09:00:00+05:30,11.7,92
2025-12-28 10:00:00+05:30,15.2,74
2025-12-28 11:00:00+05:30,17.6,64
2025-12-28 12:00:00+05:30,19.5,52
2025-12-28 13:00:00+05:30,20.6,47
2025-12-28 14:00:00+05:30,21.0,45
2025-12-28 15:00:00+05:30,20.9,46
2025-12-28 16:00:00+05:30,20.2,50
2025-12-28 17:00:00+05:30,18.4,62
2025-12-28 18:00:00+05:30,17.1,71
2025-12-28 19:00:00+05:30,16.4,77
2025-12-28 20:00:00+05:30,15.2,84
2025-12-28 21:00:00+05:30,14.2,89
2025-12-28 22:00:00+05:30,13.5,91
2025-12-28 23:00:00+05:30,12.8,95
2025-12-29 00:00:00+05:30,12.2,97
2025-12-29 01:00:00+05:30,11.8,98
2025-12-29 02:00:00+05:30,11.2,99
2025-12-29 03:00:00+05:30,10.8,100
2025-12-29 04:00:00+05:30,10.6,100
2025-12-29 05:00:00+05:30,10.8,99
2025-12-29 06:00:00+05:30,10.7,99
2025-12-29 07:00:00+05:30,10.8,99
2025-12-29 08:00:00+05:30,10.8,99
2025-12-29 09:00:00+05:30,11.8,96
2025-12-29 10:00:00+05:30,13.2,89
2025-12-29 11:00:00+05:30,15.3,77
2025-12-29 12:00:00+05:30,17.7,63
2025-12-29 13:00:00+05:30,19.1,51
2025-12-29 14:00:00+05:30,20.0,45
2025-12-29 15:00:00+05:30,20.1,44
2025-12-29 16:00:00+05:30,19.4,48
2025-12-29 17:00:00+05:30,17.1,63
2025-12-29 18:00:00+05:30,16.2,68
2025-12-29 19:00:00+05:30,15.5,72
2025-12-29 20:00:00+05:30,14.9,75
2025-12-29 21:00:00+05:30,14.4,78
2025-12-29 22:00:00+05:30,13.9,80
2025-12-29 23:00:00+05:30,12.9,88
2025-12-30 00:00:00+05:30,11.8,94
2025-12-30 01:00:00+05:30,11.0,98
2025-12-30 02:00:00+05:30,10.5,99
2025-12-30 03:00:00+05:30,10.4,100
2025-12-30 04:00:00+05:30,10.1,99
2025-12-30 05:00:00+05:30,9.9,100
2025-12-30 06:00:00+05:30,9.8,99
2025-12-30 07:00:00+05:30,9.8,100
2025-12-30 08:00:00+05:30,10.3,98
2025-12-30 09:00:00+05:30,11.3,97
2025-12-30 10:00:00+05:30,14.1,79
2025-12-30 11:00:00+05:30,16.7,65
2025-12-30 12:00:00+05:30,18.9,51
2025-12-30 13:00:00+05:30,20.3,43
2025-12-30 14:00:00+05:30,21.0,40
2025-12-30 15:00:00+05:30,21.0,39
2025-12-30 16:00:00+05:30,20.3,43
2025-12-30 17:00:00+05:30,18.7,50
2025-12-30 18:00:00+05:30,17.2,60
2025-12-30 19:00:00+05:30,16.3,67
2025-12-30 20:00:00+05:30,15.7,71
2025-12-30 21:00:00+05:30,14.9,75
2025-12-30 22:00:00+05:30,14.0,80
2025-12-30 23:00:00+05:30,13.1,85
2025-12-31 00:00:00+05:30,11.6,89
2025-12-31 01:00:00+05:30,10.5,94
2025-12-31 02:00:00+05:30,9.7,97
2025-12-31 03:00:00+05:30,8.9,100
2025-12-31 04:00:00+05:30,8.7,100
2025-12-31 05:00:00+05:30,8.6,100
2025-12-31 06:00:00+05:30,8.3,99
2025-12-31 07:00:00+05:30,8.4,100
2025-12-31 08:00:00+05:30,9.2,98
2025-12-31 09:00:00+05:30,10.7,93
2025-12-31 10:00:00+05:30,13.3,79
2025-12-31 11:00:00+05:30,15.4,70
2025-12-31 12:00:00+05:30,17.3,67
2025-12-31 13:00:00+05:30,18.6,64
2025-12-31 14:00:00+05:30,18.9,62
2025-12-31 15:00:00+05:30,18.6,64
2025-12-31 16:00:00+05:30,17.6,68
2025-12-31 17:00:00+05:30,14.2,81
2025-12-31 18:00:00+05:30,13.2,85
2025-12-31 19:00:00+05:30,12.5,88
2025-12-31 20:00:00+05:30,12.1,90
2025-12-31 21:00:00+05:30,11.8,92
2025-12-31 22:00:00+05:30,11.5,93
2025-12-31 23:00:00+05:30,11.4,96
2026-01-01 00:00:00+05:30,11.1,97
2026-01-01 01:00:00+05:30,10.8,98
2026-01-01 02:00:00+05:30,10.5,98
2026-01-01 03:00:00+05:30,10.3,99
2026-01-01 04:00:00+05:30,10.1,99
2026-01-01 05:00:00+05:30,10.7,97
2026-01-01 06:00:00+05:30,10.9,97
2026-01-01 07:00:00+05:30,11.0,97
2026-01-01 08:00:00+05:30,11.4,96
2026-01-01 09:00:00+05:30,12.1,94
2026-01-01 10:00:00+05:30,13.1,89
2026-01-01 11:00:00+05:30,13.9,87
2026-01-01 12:00:00+05:30,15.5,81
2026-01-01 13:00:00+05:30,16.7,77
2026-01-01 14:00:00+05:30,17.2,75
2026-01-01 15:00:00+05:30,17.3,75
2026-01-01 16:00:00+05:30,17.0,77
2026-01-01 17:00:00+05:30,15.4,80
2026-01-01 18:00:00+05:30,15.0,84
2026-01-01 19:00:00+05:30,14.2,87
2026-01-01 20:00:00+05:30,14.0,89
2026-01-01 21:00:00+05:30,14.3,88
2026-01-01 22:00:00+05:30,13.3,92
2026-01-01 23:00:00+05:30,13.3,95
2026-01-02 00:00:00+05:30,13.1,96
2026-01-02 01:00:00+05:30,13.3,94
2026-01-02 02:00:00+05:30,13.2,91
2026-01-02 03:00:00+05:30,13.3,90
2026-01-02 04:00:00+05:30,13.0,91
2026-01-02 05:00:00+05:30,12.1,94
2026-01-02 06:00:00+05:30,12.4,91
2026-01-02 07:00:00+05:30,12.1,91
2026-01-02 08:00:00+05:30,13.0,85
2026-01-02 09:00:00+05:30,14.3,76
2026-01-02 10:00:00+05:30,15.5,68
2026-01-02 11:00:00+05:30,16.1,65
2026-01-02 12:00:00+05:30,17.0,59
2026-01-02 13:00:00+05:30,17.6,55
2026-01-02 14:00:00+05:30,17.8,53
2026-01-02 15:00:00+05:30,17.8,54
2026-01-02 16:00:00+05:30,17.2,57
2026-01-02 17:00:00+05:30,15.3,67
2026-01-02 18:00:00+05:30,14.2,73
2026-01-02 19:00:00+05:30,13.4,79
2026-01-02 20:00:00+05:30,12.6,84
2026-01-02 21:00:00+05:30,12.2,85
2026-01-02 22:00:00+05:30,11.6,87
2026-01-02 23:00:00+05:30,11.6,91
2026-01-03 00:00:00+05:30,12.4,88
2026-01-03 01:00:00+05:30,12.4,88
2026-01-03 02:00:00+05:30,12.3,89
2026-01-03 03:00:00+05:30,12.0,89
2026-01-03 04:00:00+05:30,12.0,89
2026-01-03 05:00:00+05:30,11.1,93
2026-01-03 06:00:00+05:30,11.5,91
2026-01-03 07:00:00+05:30,11.6,90
2026-01-03 08:00:00+05:30,12.2,88
2026-01-03 09:00:00+05:30,13.1,83
2026-01-03 10:00:00+05:30,14.1,71
2026-01-03 11:00:00+05:30,15.2,64
2026-01-03 12:00:00+05:30,16.0,59
2026-01-03 13:00:00+05:30,17.0,52
2026-01-03 14:00:00+05:30,17.7,48
2026-01-03 15:00:00+05:30,17.7,47
2026-01-03 16:00:00+05:30,17.2,50
2026-01-03 17:00:00+05:30,14.8,63
2026-01-03 18:00:00+05:30,13.6,73
2026-01-03 19:00:00+05:30,12.8,78
2026-01-03 20:00:00+05:30,12.5,79
2026-01-03 21:00:00+05:30,12.1,80
2026-01-03 22:00:00+05:30,11.7,81
2026-01-03 23:00:00+05:30,11.1,86
2026-01-04 00:00:00+05:30,10.6,86
2026-01-04 01:00:00+05:30,9.8,89
2026-01-04 02:00:00+05:30,9.4,91
2026-01-04 03:00:00+05:30,9.1,93
2026-01-04 04:00:00+05:30,9.0,93
2026-01-04 05:00:00+05:30,9.5,97
2026-01-04 06:00:00+05:30,9.9,96
2026-01-04 07:00:00+05:30,10.0,95
2026-01-04 08:00:00+05:30,11.1,87
2026-01-04 09:00:00+05:30,12.5,79
2026-01-04 10:00:00+05:30,13.5,74
2026-01-04 11:00:00+05:30,15.0,66
2026-01-04 12:00:00+05:30,16.4,56
2026-01-04 13:00:00+05:30,17.1,51
2026-01-04 14:00:00+05:30,17.4,48
2026-01-04 15:00:00+05:30,17.5,49
2026-01-04 16:00:00+05:30,17.0,51
2026-01-04 17:00:00+05:30,15.2,65
2026-01-04 18:00:00+05:30,13.6,78
2026-01-04 19:00:00+05:30,12.9,83
2026-01-04 20:00:00+05:30,12.7,85
2026-01-04 21:00:00+05:30,13.0,83
2026-01-04 22:00:00+05:30,12.7,84
2026-01-04 23:00:00+05:30,11.9,88
2026-01-05 00:00:00+05:30,11.3,89
2026-01-05 01:00:00+05:30,10.7,85
2026-01-05 02:00:00+05:30,10.4,83
2026-01-05 03:00:00+05:30,9.9,84
2026-01-05 04:00:00+05:30,9.6,86
2026-01-05 05:00:00+05:30,9.1,90
2026-01-05 06:00:00+05:30,9.0,91
2026-01-05 07:00:00+05:30,8.6,92
2026-01-05 08:00:00+05:30,10.0,88
2026-01-05 09:00:00+05:30,11.9,79
2026-01-05 10:00:00+05:30,14.0,69
2026-01-05 11:00:00+05:30,14.9,66
2026-01-05 12:00:00+05:30,16.2,61
2026-01-05 13:00:00+05:30,17.1,58
2026-01-05 14:00:00+05:30,17.6,56
2026-01-05 15:00:00+05:30,17.7,57
2026-01-05 16:00:00+05:30,17.1,60
2026-01-05 17:00:00+05:30,15.5,71
2026-01-05 18:00:00+05:30,14.4,78
2026-01-05 19:00:00+05:30,13.3,85
2026-01-05 20:00:00+05:30,12.9,87
2026-01-05 21:00:00+05:30,12.8,87
2026-01-05 22:00:00+05:30,11.8,90
2026-01-05 23:00:00+05:30,11.5,91
2026-01-06 00:00:00+05:30,10.8,93
2026-01-06 01:00:00+05:30,10.6,93
2026-01-06 02:00:00+05:30,10.2,94
2026-01-06 03:00:00+05:30,9.7,95
2026-01-06 04:00:00+05:30,9.3,97
2026-01-06 05:00:00+05:30,9.0,98
2026-01-06 06:00:00+05:30,8.4,99
2026-01-06 07:00:00+05:30,9.2,98
2026-01-06 08:00:00+05:30,10.3,94
2026-01-06 09:00:00+05:30,11.8,88
2026-01-06 10:00:00+05:30,13.9,79
2026-01-06 11:00:00+05:30,14.6,72
2026-01-06 12:00:00+05:30,15.8,67
2026-01-06 13:00:00+05:30,16.7,62
2026-01-06 14:00:00+05:30,17.3,59
2026-01-06 15:00:00+05:30,17.5,59
2026-01-06 16:00:00+05:30,16.9,63
2026-01-06 17:00:00+05:30,15.2,70
2026-01-06 18:00:00+05:30,13.6,80
2026-01-06 19:00:00+05:30,12.7,85
2026-01-06 20:00:00+05:30,12.0,88
2026-01-06 21:00:00+05:30,11.4,90
2026-01-06 22:00:00+05:30,10.8,93
2026-01-06 23:00:00+05:30,10.5,96
2026-01-07 00:00:00+05:30,10.2,97
2026-01-07 01:00:00+05:30,9.8,97
2026-01-07 02:00:00+05:30,8.8,99
2026-01-07 03:00:00+05:30,8.5,99
2026-01-07 04:00:00+05:30,8.2,100
2026-01-07 05:00:00+05:30,8.8,99
2026-01-07 06:00:00+05:30,8.9,99
2026-01-07 07:00:00+05:30,9.0,99
2026-01-07 08:00:00+05:30,9.4,98
2026-01-07 09:00:00+05:30,9.9,97
2026-01-07 10:00:00+05:30,10.7,92
2026-01-07 11:00:00+05:30,11.6,83
2026-01-07 12:00:00+05:30,13.4,75
2026-01-07 13:00:00+05:30,14.7,71
2026-01-07 14:00:00+05:30,15.5,68
2026-01-07 15:00:00+05:30,15.7,67
2026-01-07 16:00:00+05:30,15.2,69
2026-01-07 17:00:00+05:30,13.3,79
2026-01-07 18:00:00+05:30,12.3,83
2026-01-07 19:00:00+05:30,11.5,86
2026-01-07 20:00:00+05:30,10.7,89
2026-01-07 21:00:00+05:30,10.3,90
2026-01-07 22:00:00+05:30,9.8,93
2026-01-07 23:00:00+05:30,9.5,97
2026-01-08 00:00:00+05:30,9.1,98
2026-01-08 01:00:00+05:30,8.5,99
2026-01-08 02:00:00+05:30,8.5,99
2026-01-08 03:00:00+05:30,8.6,100
2026-01-08 04:00:00+05:30,8.6,100
2026-01-08 05:00:00+05:30,7.3,98
2026-01-08 06:00:00+05:30,7.2,99
2026-01-08 07:00:00+05:30,7.1,99
2026-01-08 08:00:00+05:30,7.3,98
2026-01-08 09:00:00+05:30,7.8,97
2026-01-08 10:00:00+05:30,8.9,90
2026-01-08 11:00:00+05:30,10.3,81
2026-01-08 12:00:00+05:30,12.1,75
2026-01-08 13:00:00+05:30,13.4,72
2026-01-08 14:00:00+05:30,14.2,69
2026-01-08 15:00:00+05:30,14.5,68
2026-01-08 16:00:00+05:30,14.1,71
2026-01-08 17:00:00+05:30,13.4,78
2026-01-08 18:00:00+05:30,11.9,82
2026-01-08 19:00:00+05:30,11.0,86
2026-01-08 20:00:00+05:30,10.2,89
2026-01-08 21:00:00+05:30,9.5,92
2026-01-08 22:00:00+05:30,8.9,95
2026-01-08 23:00:00+05:30,8.4,100
2026-01-09 00:00:00+05:30,8.2,100
2026-01-09 01:00:00+05:30,7.7,100
2026-01-09 02:00:00+05:30,7.4,100
2026-01-09 03:00:00+05:30,6.7,99
2026-01-09 04:00:00+05:30,6.3,100
2026-01-09 05:00:00+05:30,7.0,98
2026-01-09 06:00:00+05:30,7.0,97
2026-01-09 07:00:00+05:30,7.0,98
2026-01-09 08:00:00+05:30,7.3,98
2026-01-09 09:00:00+05:30,8.5,95
2026-01-09 10:00:00+05:30,11.1,87
2026-01-09 11:00:00+05:30,13.3,78
2026-01-09 12:00:00+05:30,15.1,69
2026-01-09 13:00:00+05:30,16.5,60
2026-01-09 14:00:00+05:30,17.2,54
2026-01-09 15:00:00+05:30,17.5,52
2026-01-09 16:00:00+05:30,17.0,55
2026-01-09 17:00:00+05:30,15.2,72
2026-01-09 18:00:00+05:30,14.2,73
2026-01-09 19:00:00+05:30,13.2,79
2026-01-09 20:00:00+05:30,12.3,83
2026-01-09 21:00:00+05:30,11.4,87
2026-01-09 22:00:00+05:30,10.7,90
2026-01-09 23:00:00+05:30,10.2,93
2026-01-10 00:00:00+05:30,9.7,94
2026-01-10 01:00:00+05:30,9.3,95
2026-01-10 02:00:00+05:30,8.8,97
2026-01-10 03:00:00+05:30,8.4,98
2026-01-10 04:00:00+05:30,7.9,98
2026-01-10 05:00:00+05:30,7.6,98
2026-01-10 06:00:00+05:30,6.6,99
2026-01-10 07:00:00+05:30,6.5,99
2026-01-10 08:00:00+05:30,7.8,96
2026-01-10 09:00:00+05:30,9.7,90
2026-01-10 10:00:00+05:30,12.0,81
2026-01-10 11:00:00+05:30,13.9,72
2026-01-10 12:00:00+05:30,15.9,61
2026-01-10 13:00:00+05:30,17.2,54
2026-01-10 14:00:00+05:30,17.7,51
2026-01-10 15:00:00+05:30,17.7,50
2026-01-10 16:00:00+05:30,17.0,53
2026-01-10 17:00:00+05:30,15.5,62
2026-01-10 18:00:00+05:30,14.0,71
2026-01-10 19:00:00+05:30,13.4,72
2026-01-10 20:00:00+05:30,12.4,76
2026-01-10 21:00:00+05:30,11.4,79
2026-01-10 22:00:00+05:30,10.6,82
2026-01-10 23:00:00+05:30,10.2,84
2026-01-11 00:00:00+05:30,9.5,87
2026-01-11 01:00:00+05:30,8.9,89
2026-01-11 02:00:00+05:30,8.4,91
2026-01-11 03:00:00+05:30,7.8,93
2026-01-11 04:00:00+05:30,7.4,94
2026-01-11 05:00:00+05:30,7.0,95
2026-01-11 06:00:00+05:30,6.6,96
2026-01-11 07:00:00+05:30,6.2,96
2026-01-11 08:00:00+05:30,7.0,94
2026-01-11 09:00:00+05:30,8.7,87
2026-01-11 10:00:00+05:30,11.0,76
2026-01-11 11:00:00+05:30,12.9,66
2026-01-11 12:00:00+05:30,14.9,54
2026-01-11 13:00:00+05:30,16.2,46
2026-01-11 14:00:00+05:30,16.9,42
2026-01-11 15:00:00+05:30,16.8,43
2026-01-11 16:00:00+05:30,16.0,49
2026-01-11 17:00:00+05:30,14.4,57
2026-01-11 18:00:00+05:30,13.1,63
2026-01-11 19:00:00+05:30,12.2,68
2026-01-11 20:00:00+05:30,11.3,72
2026-01-11 21:00:00+05:30,10.4,76
2026-01-11 22:00:00+05:30,9.6,80
2026-01-11 23:00:00+05:30,9.1,82
2026-01-12 00:00:00+05:30,8.5,85
2026-01-12 01:00:00+05:30,7.8,87
2026-01-12 02:00:00+05:30,7.2,89
2026-01-12 03:00:00+05:30,6.6,90
2026-01-12 04:00:00+05:30,6.0,91
2026-01-12 05:00:00+05:30,5.8,91
2026-01-12 06:00:00+05:30,5.3,92
2026-01-12 07:00:00+05:30,5.0,93
2026-01-12 08:00:00+05:30,6.0,90
2026-01-12 09:00:00+05:30,8.2,82
2026-01-12 10:00:00+05:30,10.9,71
2026-01-12 11:00:00+05:30,13.1,61
2026-01-12 12:00:00+05:30,15.4,49
2026-01-12 13:00:00+05:30,16.7,40
2026-01-12 14:00:00+05:30,17.3,37
2026-01-12 15:00:00+05:30,17.4,36
2026-01-12 16:00:00+05:30,16.7,43
2026-01-12 17:00:00+05:30,15.1,54
2026-01-12 18:00:00+05:30,13.0,63
2026-01-12 19:00:00+05:30,12.0,69
2026-01-12 20:00:00+05:30,11.1,72
2026-01-12 21:00:00+05:30,10.1,77
2026-01-12 22:00:00+05:30,9.0,83
2026-01-12 23:00:00+05:30,8.5,86
2026-01-13 00:00:00+05:30,7.6,88
2026-01-13 01:00:00+05:30,7.0,91
2026-01-13 02:00:00+05:30,6.4,94
2026-01-13 03:00:00+05:30,5.8,96
2026-01-13 04:00:00+05:30,5.8,97
2026-01-13 05:00:00+05:30,4.9,100
2026-01-13 06:00:00+05:30,4.8,100
2026-01-13 07:00:00+05:30,4.2,100
2026-01-13 08:00:00+05:30,5.4,98
2026-01-13 09:00:00+05:30,8.2,93
2026-01-13 10:00:00+05:30,9.0,93
2026-01-13 11:00:00+05:30,12.2,77
2026-01-13 12:00:00+05:30,15.9,58
2026-01-13 13:00:00+05:30,17.8,47
2026-01-13 14:00:00+05:30,18.5,45
2026-01-13 15:00:00+05:30,18.3,47
2026-01-13 16:00:00+05:30,17.4,50
2026-01-13 17:00:00+05:30,16.0,49
2026-01-13 18:00:00+05:30,14.6,57
2026-01-13 19:00:00+05:30,13.3,64
2026-01-13 20:00:00+05:30,12.1,70
2026-01-13 21:00:00+05:30,10.9,77
2026-01-13 22:00:00+05:30,9.9,82
2026-01-13 23:00:00+05:30,9.5,85
2026-01-14 00:00:00+05:30,8.8,88
2026-01-14 01:00:00+05:30,8.2,91
2026-01-14 02:00:00+05:30,7.8,92
2026-01-14 03:00:00+05:30,7.2,95
2026-01-14 04:00:00+05:30,6.5,98
2026-01-14 05:00:00+05:30,5.9,100
2026-01-14 06:00:00+05:30,5.7,100
2026-01-14 07:00:00+05:30,5.5,98
2026-01-14 08:00:00+05:30,5.5,98
2026-01-14 09:00:00+05:30,6.7,91
2026-01-14 10:00:00+05:30,9.5,74
2026-01-14 11:00:00+05:30,12.2,63
2026-01-14 12:00:00+05:30,14.8,54
2026-01-14 13:00:00+05:30,16.5,46
2026-01-14 14:00:00+05:30,17.5,42
2026-01-14 15:00:00+05:30,17.6,42
2026-01-14 16:00:00+05:30,16.7,46
2026-01-14 17:00:00+05:30,15.6,52
2026-01-14 18:00:00+05:30,13.8,64
2026-01-14 19:00:00+05:30,13.0,71
2026-01-14 20:00:00+05:30,12.1,76
2026-01-14 21:00:00+05:30,11.3,81
2026-01-14 22:00:00+05:30,10.6,85
2026-01-14 23:00:00+05:30,10.1,87
2026-01-15 00:00:00+05:30,8.9,91
2026-01-15 01:00:00+05:30,8.0,94
2026-01-15 02:00:00+05:30,7.5,96
2026-01-15 03:00:00+05:30,7.1,97
2026-01-15 04:00:00+05:30,6.7,98
2026-01-15 05:00:00+05:30,6.3,100
2026-01-15 06:00:00+05:30,6.1,100
2026-01-15 07:00:00+05:30,6.1,99
2026-01-15 08:00:00+05:30,7.1,98
2026-01-15 09:00:00+05:30,8.0,97
2026-01-15 10:00:00+05:30,10.7,82
2026-01-15 11:00:00+05:30,12.4,69
2026-01-15 12:00:00+05:30,14.6,60
2026-01-15 13:00:00+05:30,16.4,52
2026-01-15 14:00:00+05:30,17.6,46
2026-01-15 15:00:00+05:30,17.8,45
2026-01-15 16:00:00+05:30,17.2,50
2026-01-15 17:00:00+05:30,16.2,57
2026-01-15 18:00:00+05:30,14.7,64
2026-01-15 19:00:00+05:30,13.8,68
2026-01-15 20:00:00+05:30,12.9,70
2026-01-15 21:00:00+05:30,12.0,73
2026-01-15 22:00:00+05:30,11.0,76
2026-01-15 23:00:00+05:30,9.9,84
2026-01-16 00:00:00+05:30,8.7,88
2026-01-16 01:00:00+05:30,8.0,90
2026-01-16 02:00:00+05:30,7.6,91
2026-01-16 03:00:00+05:30,7.3,91
2026-01-16 04:00:00+05:30,6.8,92
2026-01-16 05:00:00+05:30,6.4,94
2026-01-16 06:00:00+05:30,6.3,94
2026-01-16 07:00:00+05:30,6.4,93
2026-01-16 08:00:00+05:30,7.7,87
2026-01-16 09:00:00+05:30,10.4,77
2026-01-16 10:00:00+05:30,13.6,64
2026-01-16 11:00:00+05:30,15.8,54
2026-01-16 12:00:00+05:30,18.0,43
2026-01-16 13:00:00+05:30,19.5,38
2026-01-16 14:00:00+05:30,20.2,36
2026-01-16 15:00:00+05:30,20.3,37
2026-01-16 16:00:00+05:30,19.6,40
2026-01-16 17:00:00+05:30,17.0,61
2026-01-16 18:00:00+05:30,15.3,68
2026-01-16 19:00:00+05:30,14.7,71
2026-01-16 20:00:00+05:30,14.1,72
2026-01-16 21:00:00+05:30,13.4,74
2026-01-16 22:00:00+05:30,12.6,77
2026-01-16 23:00:00+05:30,12.2,77
2026-01-17 00:00:00+05:30,11.4,77
2026-01-17 01:00:00+05:30,10.2,84
2026-01-17 02:00:00+05:30,8.9,91
2026-01-17 03:00:00+05:30,8.1,94
2026-01-17 04:00:00+05:30,7.6,94
2026-01-17 05:00:00+05:30,7.1,96
2026-01-17 06:00:00+05:30,6.6,97
2026-01-17 07:00:00+05:30,6.3,99
2026-01-17 08:00:00+05:30,7.1,98
2026-01-17 09:00:00+05:30,9.6,91
2026-01-17 10:00:00+05:30,13.1,76
2026-01-17 11:00:00+05:30,16.5,60
2026-01-17 12:00:00+05:30,19.6,48
2026-01-17 13:00:00+05:30,21.2,42
2026-01-17 14:00:00+05:30,22.0,40
2026-01-17 15:00:00+05:30,22.2,40
2026-01-17 16:00:00+05:30,21.3,44
2026-01-17 17:00:00+05:30,19.3,58
2026-01-17 18:00:00+05:30,16.9,71
2026-01-17 19:00:00+05:30,15.6,77
2026-01-17 20:00:00+05:30,14.8,80
2026-01-17 21:00:00+05:30,13.9,83
2026-01-17 22:00:00+05:30,12.8,87
2026-01-17 23:00:00+05:30,12.3,91
2026-01-18 00:00:00+05:30,11.2,95
2026-01-18 01:00:00+05:30,10.7,96
2026-01-18 02:00:00+05:30,10.1,97
2026-01-18 03:00:00+05:30,9.5,99
2026-01-18 04:00:00+05:30,9.0,100
2026-01-18 05:00:00+05:30,7.8,98
2026-01-18 06:00:00+05:30,7.8,99
2026-01-18 07:00:00+05:30,7.3,100
2026-01-18 08:00:00+05:30,8.1,98
2026-01-18 09:00:00+05:30,9.3,95
2026-01-18 10:00:00+05:30,11.4,87
2026-01-18 11:00:00+05:30,15.7,72
2026-01-18 12:00:00+05:30,19.3,58
2026-01-18 13:00:00+05:30,20.9,52
2026-01-18 14:00:00+05:30,21.7,50
2026-01-18 15:00:00+05:30,21.7,47
2026-01-18 16:00:00+05:30,21.3,48
2026-01-18 17:00:00+05:30,19.9,51
2026-01-18 18:00:00+05:30,18.6,60
2026-01-18 19:00:00+05:30,17.6,69
2026-01-18 20:00:00+05:30,16.4,77
2026-01-18 21:00:00+05:30,15.5,83
2026-01-18 22:00:00+05:30,14.8,87
2026-01-18 23:00:00+05:30,14.2,89
2026-01-19 00:00:00+05:30,13.5,89
2026-01-19 01:00:00+05:30,13.0,88
2026-01-19 02:00:00+05:30,12.3,90
2026-01-19 03:00:00+05:30,11.6,92
2026-01-19 04:00:00+05:30,10.8,94
2026-01-19 05:00:00+05:30,10.7,94
2026-01-19 06:00:00+05:30,10.0,95
2026-01-19 07:00:00+05:30,9.5,97
2026-01-19 08:00:00+05:30,11.1,91
2026-01-19 09:00:00+05:30,14.1,76
2026-01-19 10:00:00+05:30,17.5,61
2026-01-19 11:00:00+05:30,20.1,49
2026-01-19 12:00:00+05:30,23.0,33
2026-01-19 13:00:00+05:30,24.3,24
2026-01-19 14:00:00+05:30,24.7,23
2026-01-19 15:00:00+05:30,24.5,25
2026-01-19 16:00:00+05:30,23.6,31
2026-01-19 17:00:00+05:30,21.8,38
2026-01-19 18:00:00+05:30,20.1,45
2026-01-19 19:00:00+05:30,18.7,51
2026-01-19 20:00:00+05:30,17.7,57
2026-01-19 21:00:00+05:30,16.7,65
2026-01-19 22:00:00+05:30,15.8,71
2026-01-19 23:00:00+05:30,15.6,74
2026-01-20 00:00:00+05:30,14.5,79
2026-01-20 01:00:00+05:30,13.6,82
2026-01-20 02:00:00+05:30,13.0,82
2026-01-20 03:00:00+05:30,12.3,83
2026-01-20 04:00:00+05:30,11.8,86
2026-01-20 05:00:00+05:30,11.4,87
2026-01-20 06:00:00+05:30,11.0,88
2026-01-20 07:00:00+05:30,10.6,88
2026-01-20 08:00:00+05:30,12.0,79
2026-01-20 09:00:00+05:30,14.8,66
2026-01-20 10:00:00+05:30,18.4,54
2026-01-20 11:00:00+05:30,21.6,45
2026-01-20 12:00:00+05:30,23.7,34
2026-01-20 13:00:00+05:30,24.6,27
2026-01-20 14:00:00+05:30,24.7,27
2026-01-20 15:00:00+05:30,24.3,29
2026-01-20 16:00:00+05:30,23.4,33
2026-01-20 17:00:00+05:30,22.2,34
2026-01-20 18:00:00+05:30,20.7,45
2026-01-20 19:00:00+05:30,19.6,55
2026-01-20 20:00:00+05:30,18.4,63
2026-01-20 21:00:00+05:30,17.1,70
2026-01-20 22:00:00+05:30,16.3,75
2026-01-20 23:00:00+05:30,16.1,76
2026-01-21 00:00:00+05:30,14.7,81
2026-01-21 01:00:00+05:30,14.0,81
2026-01-21 02:00:00+05:30,13.2,82
2026-01-21 03:00:00+05:30,12.4,84
2026-01-21 04:00:00+05:30,11.8,85
2026-01-21 05:00:00+05:30,11.3,92
2026-01-21 06:00:00+05:30,10.6,94
2026-01-21 07:00:00+05:30,10.0,96
2026-01-21 08:00:00+05:30,11.0,91
2026-01-21 09:00:00+05:30,13.6,78
2026-01-21 10:00:00+05:30,17.1,62
2026-01-21 11:00:00+05:30,20.6,50
2026-01-21 12:00:00+05:30,22.5,39
2026-01-21 13:00:00+05:30,23.3,34
2026-01-21 14:00:00+05:30,23.5,32
2026-01-21 15:00:00+05:30,23.3,31
2026-01-21 16:00:00+05:30,22.5,31
2026-01-21 17:00:00+05:30,21.2,34
2026-01-21 18:00:00+05:30,19.4,42
2026-01-21 19:00:00+05:30,18.2,50
2026-01-21 20:00:00+05:30,17.1,58
2026-01-21 21:00:00+05:30,15.9,65
2026-01-21 22:00:00+05:30,14.8,71
2026-01-21 23:00:00+05:30,14.1,76
2026-01-22 00:00:00+05:30,12.7,80
2026-01-22 01:00:00+05:30,12.0,80
2026-01-22 02:00:00+05:30,11.2,82
2026-01-22 03:00:00+05:30,10.6,82
2026-01-22 04:00:00+05:30,10.2,82
2026-01-22 05:00:00+05:30,9.6,89
2026-01-22 06:00:00+05:30,9.1,89
2026-01-22 07:00:00+05:30,8.9,90
2026-01-22 08:00:00+05:30,10.8,81
2026-01-22 09:00:00+05:30,14.4,66
2026-01-22 10:00:00+05:30,18.3,50
2026-01-22 11:00:00+05:30,21.1,40
2026-01-22 12:00:00+05:30,23.3,36
2026-01-22 13:00:00+05:30,24.5,33
2026-01-22 14:00:00+05:30,25.0,32
2026-01-22 15:00:00+05:30,24.8,35
2026-01-22 16:00:00+05:30,23.7,41
2026-01-22 17:00:00+05:30,21.8,50
2026-01-22 18:00:00+05:30,20.5,58
2026-01-22 19:00:00+05:30,19.7,64
2026-01-22 20:00:00+05:30,18.9,68
2026-01-22 21:00:00+05:30,18.5,70
2026-01-22 22:00:00+05:30,18.0,70
2026-01-22 23:00:00+05:30,17.7,71
2026-01-23 00:00:00+05:30,17.0,73
2026-01-23 01:00:00+05:30,16.3,75
2026-01-23 02:00:00+05:30,16.0,76
2026-01-23 03:00:00+05:30,16.1,74
2026-01-23 04:00:00+05:30,16.1,74
2026-01-23 05:00:00+05:30,15.6,78
2026-01-23 06:00:00+05:30,15.1,80
2026-01-23 07:00:00+05:30,14.7,84
2026-01-23 08:00:00+05:30,14.8,85
2026-01-23 09:00:00+05:30,14.6,88
2026-01-23 10:00:00+05:30,15.2,86
2026-01-23 11:00:00+05:30,14.3,91
2026-01-23 12:00:00+05:30,14.6,89
2026-01-23 13:00:00+05:30,15.7,87
2026-01-23 14:00:00+05:30,17.4,78
2026-01-23 15:00:00+05:30,16.7,82
2026-01-23 16:00:00+05:30,16.2,86
2026-01-23 17:00:00+05:30,15.4,85
2026-01-23 18:00:00+05:30,14.7,87
2026-01-23 19:00:00+05:30,14.3,90
2026-01-23 20:00:00+05:30,14.3,92
2026-01-23 21:00:00+05:30,13.6,95
2026-01-23 22:00:00+05:30,13.0,97
2026-01-23 23:00:00+05:30,13.0,95
2026-01-24 00:00:00+05:30,12.7,97
2026-01-24 01:00:00+05:30,13.1,96
2026-01-24 02:00:00+05:30,12.7,96
2026-01-24 03:00:00+05:30,12.1,97
2026-01-24 04:00:00+05:30,10.7,92
2026-01-24 05:00:00+05:30,10.4,83
2026-01-24 06:00:00+05:30,10.1,77
2026-01-24 07:00:00+05:30,9.8,73
2026-01-24 08:00:00+05:30,10.1,72
2026-01-24 09:00:00+05:30,11.2,67
2026-01-24 10:00:00+05:30,12.5,60
2026-01-24 11:00:00+05:30,14.2,52
2026-01-24 12:00:00+05:30,15.5,47
2026-01-24 13:00:00+05:30,16.4,46
2026-01-24 14:00:00+05:30,16.6,47
2026-01-24 15:00:00+05:30,16.4,49
2026-01-24 16:00:00+05:30,15.6,53
2026-01-24 17:00:00+05:30,14.2,62
2026-01-24 18:00:00+05:30,12.7,67
2026-01-24 19:00:00+05:30,11.9,70
2026-01-24 20:00:00+05:30,11.0,72
2026-01-24 21:00:00+05:30,10.1,74
2026-01-24 22:00:00+05:30,9.5,75
2026-01-24 23:00:00+05:30,9.3,76
2026-01-25 00:00:00+05:30,8.9,76
2026-01-25 01:00:00+05:30,8.5,77
2026-01-25 02:00:00+05:30,8.3,78
2026-01-25 03:00:00+05:30,7.8,79
2026-01-25 04:00:00+05:30,7.4,82
2026-01-25 05:00:00+05:30,7.2,84
2026-01-25 06:00:00+05:30,7.0,86
2026-01-25 07:00:00+05:30,6.7,87
2026-01-25 08:00:00+05:30,7.3,85
2026-01-25 09:00:00+05:30,8.8,80
2026-01-25 10:00:00+05:30,11.0,74
2026-01-25 11:00:00+05:30,13.5,67
2026-01-25 12:00:00+05:30,15.2,60
2026-01-25 13:00:00+05:30,16.1,57
2026-01-25 14:00:00+05:30,16.6,56
2026-01-25 15:00:00+05:30,16.6,56
2026-01-25 16:00:00+05:30,16.1,59
2026-01-25 17:00:00+05:30,14.7,73
2026-01-25 18:00:00+05:30,13.5,74
2026-01-25 19:00:00+05:30,12.3,79
2026-01-25 20:00:00+05:30,11.5,82
2026-01-25 21:00:00+05:30,11.0,83
2026-01-25 22:00:00+05:30,10.3,84
2026-01-25 23:00:00+05:30,9.7,88
2026-01-26 00:00:00+05:30,9.0,89
2026-01-26 01:00:00+05:30,8.3,91
2026-01-26 02:00:00+05:30,8.0,92
2026-01-26 03:00:00+05:30,7.9,91
2026-01-26 04:00:00+05:30,7.3,93
2026-01-26 05:00:00+05:30,7.2,92
2026-01-26 06:00:00+05:30,6.9,93
2026-01-26 07:00:00+05:30,6.6,94
2026-01-26 08:00:00+05:30,7.9,92
2026-01-26 09:00:00+05:30,10.2,86
2026-01-26 10:00:00+05:30,12.9,79
2026-01-26 11:00:00+05:30,15.0,69
2026-01-26 12:00:00+05:30,17.0,62
2026-01-26 13:00:00+05:30,17.8,57
2026-01-26 14:00:00+05:30,18.4,55
2026-01-26 15:00:00+05:30,18.5,56
2026-01-26 16:00:00+05:30,18.2,58
2026-01-26 17:00:00+05:30,16.7,71
2026-01-26 18:00:00+05:30,16.2,72
2026-01-26 19:00:00+05:30,15.5,73
2026-01-26 20:00:00+05:30,15.0,75
2026-01-26 21:00:00+05:30,14.0,75
2026-01-26 22:00:00+05:30,12.5,83
2026-01-26 23:00:00+05:30,12.3,85
2026-01-27 00:00:00+05:30,11.0,89
2026-01-27 01:00:00+05:30,10.7,90
2026-01-27 02:00:00+05:30,10.4,92
2026-01-27 03:00:00+05:30,10.6,90
2026-01-27 04:00:00+05:30,10.8,86
2026-01-27 05:00:00+05:30,11.0,84
2026-01-27 06:00:00+05:30,11.1,83
2026-01-27 07:00:00+05:30,11.0,83
2026-01-27 08:00:00+05:30,12.2,81
2026-01-27 09:00:00+05:30,13.5,79
2026-01-27 10:00:00+05:30,14.7,73
2026-01-27 11:00:00+05:30,16.0,69
2026-01-27 12:00:00+05:30,17.8,71
2026-01-27 13:00:00+05:30,19.0,72
2026-01-27 14:00:00+05:30,19.5,73
2026-01-27 15:00:00+05:30,19.2,75
2026-01-27 16:00:00+05:30,18.7,77
2026-01-27 17:00:00+05:30,15.9,90
2026-01-27 18:00:00+05:30,14.9,91
2026-01-27 19:00:00+05:30,14.3,90
2026-01-27 20:00:00+05:30,14.5,90
2026-01-27 21:00:00+05:30,14.4,92
2026-01-27 22:00:00+05:30,13.8,94
2026-01-27 23:00:00+05:30,13.4,95
2026-01-28 00:00:00+05:30,12.8,96
2026-01-28 01:00:00+05:30,12.9,96
2026-01-28 02:00:00+05:30,12.2,97
2026-01-28 03:00:00+05:30,11.8,96
2026-01-28 04:00:00+05:30,12.0,98
2026-01-28 05:00:00+05:30,11.6,95
2026-01-28 06:00:00+05:30,11.9,96
2026-01-28 07:00:00+05:30,12.5,97
2026-01-28 08:00:00+05:30,13.4,94
2026-01-28 09:00:00+05:30,14.0,89
2026-01-28 10:00:00+05:30,14.4,87
2026-01-28 11:00:00+05:30,16.0,81
2026-01-28 12:00:00+05:30,16.7,76
2026-01-28 13:00:00+05:30,17.7,70
2026-01-28 14:00:00+05:30,18.1,67
2026-01-28 15:00:00+05:30,18.3,65
2026-01-28 16:00:00+05:30,18.1,63
2026-01-28 17:00:00+05:30,17.2,73
2026-01-28 18:00:00+05:30,15.3,81
2026-01-28 19:00:00+05:30,14.6,86
2026-01-28 20:00:00+05:30,13.8,88
2026-01-28 21:00:00+05:30,13.0,90
2026-01-28 22:00:00+05:30,12.4,92
2026-01-28 23:00:00+05:30,12.1,95
2026-01-29 00:00:00+05:30,12.1,95
2026-01-29 01:00:00+05:30,11.7,96
2026-01-29 02:00:00+05:30,11.5,96
2026-01-29 03:00:00+05:30,11.1,97
2026-01-29 04:00:00+05:30,10.6,97
2026-01-29 05:00:00+05:30,10.5,100
2026-01-29 06:00:00+05:30,10.5,100
2026-01-29 07:00:00+05:30,10.6,100
2026-01-29 08:00:00+05:30,11.0,98
2026-01-29 09:00:00+05:30,12.1,93
2026-01-29 10:00:00+05:30,13.9,87
2026-01-29 11:00:00+05:30,15.2,80
2026-01-29 12:00:00+05:30,17.0,70
2026-01-29 13:00:00+05:30,17.9,67
2026-01-29 14:00:00+05:30,18.4,66
2026-01-29 15:00:00+05:30,18.5,64
2026-01-29 16:00:00+05:30,18.1,67
2026-01-29 17:00:00+05:30,16.4,76
2026-01-29 18:00:00+05:30,14.8,83
2026-01-29 19:00:00+05:30,14.2,86
2026-01-29 20:00:00+05:30,13.6,87
2026-01-29 21:00:00+05:30,12.8,89
2026-01-29 22:00:00+05:30,12.1,91
2026-01-29 23:00:00+05:30,11.4,93
2026-01-30 00:00:00+05:30,11.5,93
2026-01-30 01:00:00+05:30,10.8,94
2026-01-30 02:00:00+05:30,10.5,94
2026-01-30 03:00:00+05:30,10.5,94
2026-01-30 04:00:00+05:30,10.5,93
2026-01-30 05:00:00+05:30,9.8,95
2026-01-30 06:00:00+05:30,8.9,96
2026-01-30 07:00:00+05:30,8.7,96
2026-01-30 08:00:00+05:30,10.9,93
2026-01-30 09:00:00+05:30,12.8,88
2026-01-30 10:00:00+05:30,14.8,80
2026-01-30 11:00:00+05:30,16.4,74
2026-01-30 12:00:00+05:30,18.0,68
2026-01-30 13:00:00+05:30,19.0,63
2026-01-30 14:00:00+05:30,19.5,62
2026-01-30 15:00:00+05:30,19.5,61
2026-01-30 16:00:00+05:30,19.0,65
2026-01-30 17:00:00+05:30,17.9,74
2026-01-30 18:00:00+05:30,16.2,83
2026-01-30 19:00:00+05:30,15.4,82
2026-01-30 20:00:00+05:30,14.7,84
2026-01-30 21:00:00+05:30,13.9,86
2026-01-30 22:00:00+05:30,13.3,89
2026-01-30 23:00:00+05:30,12.6,95
2026-01-31 00:00:00+05:30,11.3,100
2026-01-31 01:00:00+05:30,10.2,100
2026-01-31 02:00:00+05:30,9.7,99
2026-01-31 03:00:00+05:30,9.7,98
2026-01-31 04:00:00+05:30,9.4,99
2026-01-31 05:00:00+05:30,8.3,100
2026-01-31 06:00:00+05:30,8.7,99
2026-01-31 07:00:00+05:30,8.9,97
2026-01-31 08:00:00+05:30,9.7,94
2026-01-31 09:00:00+05:30,11.2,96
2026-01-31 10:00:00+05:30,12.9,92
2026-01-31 11:00:00+05:30,16.1,81
2026-01-31 12:00:00+05:30,17.9,73
2026-01-31 13:00:00+05:30,19.1,65
2026-01-31 14:00:00+05:30,19.7,63
2026-01-31 15:00:00+05:30,19.8,63
2026-01-31 16:00:00+05:30,19.4,66
2026-01-31 17:00:00+05:30,17.8,74
2026-01-31 18:00:00+05:30,16.6,80
2026-01-31 19:00:00+05:30,15.8,84
2026-01-31 20:00:00+05:30,15.2,86
2026-01-31 21:00:00+05:30,14.6,89
2026-01-31 22:00:00+05:30,14.1,91
2026-01-31 23:00:00+05:30,13.8,92
